course_id,course_title,subject,level,num_subscribers,num_reviews,price,content_duration,combined_features
1070968,ultimate investment banking course,business finance,all levels,2147,23,200,1.5,ultimate investment banking course business finance all levels
1113822,complete gst course certification grow your ca practice,business finance,all levels,2792,923,75,39.0,complete gst course certification grow your ca practice business finance all levels
1006314,financial modeling for business analysts and consultants,business finance,intermediate level,2174,74,45,2.5,financial modeling for business analysts and consultants business finance intermediate level
1210588,beginner to pro financial analysis in excel 2017,business finance,all levels,2451,11,95,3.0,beginner to pro financial analysis in excel 2017 business finance all levels
1011058,how to maximize your profits trading options,business finance,intermediate level,1276,45,200,2.0,how to maximize your profits trading options business finance intermediate level
192870,trading penny stocks a guide for all levels in 2017,business finance,all levels,9221,138,150,3.0,trading penny stocks a guide for all levels in 2017 business finance all levels
739964,investing and trading for beginners mastering price charts,business finance,beginner level,1540,178,65,1.0,investing and trading for beginners mastering price charts business finance beginner level
403100,trading stock chart patterns for immediate explosive gains,business finance,all levels,2917,148,95,2.5,trading stock chart patterns for immediate explosive gains business finance all levels
476268,options trading 3 advanced stock profit and success method,business finance,expert level,5172,34,195,2.5,options trading 3 advanced stock profit and success method business finance expert level
1167710,the only investment strategy you need for your retirement,business finance,all levels,827,14,200,1.0,the only investment strategy you need for your retirement business finance all levels
592338,forex trading secrets of the pros with amazon s aws,business finance,all levels,4284,93,200,5.0,forex trading secrets of the pros with amazon s aws business finance all levels
975046,trading options with money flow,business finance,all levels,1380,42,200,1.0,trading options with money flow business finance all levels
742602,financial management risk and return for securities,business finance,all levels,3607,21,30,1.5,financial management risk and return for securities business finance all levels
794151,forex trading course work smarter not harder proven results,business finance,all levels,4061,52,195,2.0,forex trading course work smarter not harder proven results business finance all levels
1196544,python algo trading sentiment trading with news,business finance,all levels,294,19,200,7.0,python algo trading sentiment trading with news business finance all levels
504036,short selling learn to sell stocks before the fall,business finance,intermediate level,2276,106,75,1.5,short selling learn to sell stocks before the fall business finance intermediate level
719698,basic technical analysis learn the structure of the market,business finance,beginner level,4919,79,20,1.5,basic technical analysis learn the structure of the market business finance beginner level
564966,the complete chart pattern trading course a proven approach,business finance,all levels,2666,115,200,4.0,the complete chart pattern trading course a proven approach business finance all levels
606928,7 deadly mistakes of investing that will slash your profits,business finance,all levels,5354,24,50,1.5,7 deadly mistakes of investing that will slash your profits business finance all levels
58977,financial statements made easy,business finance,beginner level,8095,249,95,0.5833333333333334,financial statements made easy business finance beginner level
1242604,winning forex trading with live forex trading examples,business finance,all levels,809,3,200,2.0,winning forex trading with live forex trading examples business finance all levels
798740,forex traders create your first trading robot. no coding,business finance,all levels,2295,84,200,4.0,forex traders create your first trading robot. no coding business finance all levels
506568,create a business from home trading stocks today in 2017,business finance,all levels,10149,83,75,2.0,create a business from home trading stocks today in 2017 business finance all levels
1020760,introduction to accounting mastering financial statements,business finance,beginner level,1916,38,50,1.0,introduction to accounting mastering financial statements business finance beginner level
859742,the complete ethereum course get .01 ether in your wallet,business finance,all levels,2507,333,45,2.0,the complete ethereum course get .01 ether in your wallet business finance all levels
383414,beginner to pro in powerpoint complete powerpoint training,business finance,all levels,5786,518,150,5.0,beginner to pro in powerpoint complete powerpoint training business finance all levels
353044,investing 101 the complete online investing course,business finance,all levels,5334,373,200,4.5,investing 101 the complete online investing course business finance all levels
447362,create your own hedge fund trade stocks like a fund manager,business finance,intermediate level,4005,237,175,2.0,create your own hedge fund trade stocks like a fund manager business finance intermediate level
831066,learn mql5 build an 8 currency hedging robot metatrader 5,business finance,all levels,2877,103,150,4.5,learn mql5 build an 8 currency hedging robot metatrader 5 business finance all levels
1266306,forex trading your complete guide to get started like a pro,business finance,beginner level,1026,25,140,3.0,forex trading your complete guide to get started like a pro business finance beginner level
1170894,python algo stock trading automate your trading,business finance,beginner level,1165,21,95,2.5,python algo stock trading automate your trading business finance beginner level
948974,the forex robot incredible roi robot included,business finance,all levels,1843,171,200,1.5,the forex robot incredible roi robot included business finance all levels
380970,the complete bitcoin course get .001 bitcoin in your wallet,business finance,all levels,8797,449,45,6.5,the complete bitcoin course get .001 bitcoin in your wallet business finance all levels
1217778,mastering high probability iron condor options trading,business finance,all levels,1030,11,200,2.0,mastering high probability iron condor options trading business finance all levels
1246208,the complete short course on ethereum,business finance,all levels,1041,12,200,1.5,the complete short course on ethereum business finance all levels
434774,options trading stocks proven toolbox for financial success,business finance,intermediate level,7884,118,195,10.0,options trading stocks proven toolbox for financial success business finance intermediate level
308690,forex trading a z with live examples of forex trading,business finance,beginner level,16900,2476,195,5.5,forex trading a z with live examples of forex trading business finance beginner level
888716,introduction to finance accounting modeling and valuation,business finance,all levels,11441,1118,200,4.5,introduction to finance accounting modeling and valuation business finance all levels
321410,beginner to pro in excel financial modeling and valuation,business finance,all levels,22257,2697,195,7.5,beginner to pro in excel financial modeling and valuation business finance all levels
965832,the complete investment banking course 2017,business finance,all levels,8575,809,195,5.5,the complete investment banking course 2017 business finance all levels
648826,the complete financial analyst course 2017,business finance,all levels,24481,2347,195,10.0,the complete financial analyst course 2017 business finance all levels
1035472,python for finance investment fundamentals data analytics,business finance,all levels,3811,278,195,6.5,python for finance investment fundamentals data analytics business finance all levels
1154754,financial modeling for startups small businesses,business finance,beginner level,4991,137,195,11.5,financial modeling for startups small businesses business finance beginner level
627540,options trading how to win with weekly options,business finance,intermediate level,7489,1190,115,1.0,options trading how to win with weekly options business finance intermediate level
301442,black algo trading build your trading robot,business finance,all levels,20195,1113,200,16.0,black algo trading build your trading robot business finance all levels
640100,accounting financial statement analysis complete training,business finance,all levels,10042,594,150,3.0,accounting financial statement analysis complete training business finance all levels
1247394,cryptocurrency trading complete guide to trading altcoins,business finance,all levels,367,42,95,5.0,cryptocurrency trading complete guide to trading altcoins business finance all levels
260470,forex robots expect to earn 175 p.a. forex robot included,business finance,all levels,10603,872,200,5.5,forex robots expect to earn 175 p.a. forex robot included business finance all levels
1214702,three steps trading live trading real account,business finance,all levels,1197,11,190,5.0,three steps trading live trading real account business finance all levels
848664,option trading for rookies understand options completely,business finance,all levels,2893,65,150,2.0,option trading for rookies understand options completely business finance all levels
1142570,how i learned stock trading and how you can too,business finance,expert level,1580,12,200,2.0,how i learned stock trading and how you can too business finance expert level
325834,learn to trade for profit find and trade winning stocks,business finance,all levels,10605,71,95,3.0,learn to trade for profit find and trade winning stocks business finance all levels
411168,trading inside bars master 1 easy pattern to be successful,business finance,intermediate level,2996,200,125,2.0,trading inside bars master 1 easy pattern to be successful business finance intermediate level
885974,four fundamentals of financial planning,business finance,all levels,6219,23,30,1.0,four fundamentals of financial planning business finance all levels
1151092,options trading calendar spread course for every trader,business finance,all levels,1113,11,200,1.5,options trading calendar spread course for every trader business finance all levels
358326,dividend investing build your portfolio for a better future,business finance,beginner level,8314,83,60,4.0,dividend investing build your portfolio for a better future business finance beginner level
153210,learn accounting. understand business.,business finance,beginner level,5572,123,200,5.5,learn accounting. understand business. business finance beginner level
834836,how to consistently win trading stocks in 30 days or less,business finance,intermediate level,1433,169,145,1.0,how to consistently win trading stocks in 30 days or less business finance intermediate level
1171994,a beginner s guide to quantopian futures api,business finance,intermediate level,936,6,20,1.5,a beginner s guide to quantopian futures api business finance intermediate level
1239068,how to buy cheap options options trading pricing model,business finance,all levels,658,2,200,1.0,how to buy cheap options options trading pricing model business finance all levels
985922,excel crash course master excel for financial analysis,business finance,all levels,8121,689,105,3.5,excel crash course master excel for financial analysis business finance all levels
765562,comprehensive guide to financial markets investing trading,business finance,beginner level,4187,600,60,9.0,comprehensive guide to financial markets investing trading business finance beginner level
165964,stock trading ninja complete system for trading success,business finance,all levels,9445,497,155,4.5,stock trading ninja complete system for trading success business finance all levels
855172,hedge and mutual fund careers the complete guide,business finance,all levels,3255,340,200,8.5,hedge and mutual fund careers the complete guide business finance all levels
258232,algorithmic trading in forex create your first forex robot,business finance,all levels,7941,713,185,6.5,algorithmic trading in forex create your first forex robot business finance all levels
994754,the power modeling bootcamp advanced excel in 10 days,business finance,all levels,1680,158,150,5.5,the power modeling bootcamp advanced excel in 10 days business finance all levels
43319,options trading basics 3 course bundle,business finance,beginner level,10100,985,180,11.0,options trading basics 3 course bundle business finance beginner level
408440,how to win 97 of your options trades,business finance,all levels,5050,461,125,1.5,how to win 97 of your options trades business finance all levels
918688,how i make consistent returns trading options,business finance,all levels,2310,162,200,3.5,how i make consistent returns trading options business finance all levels
308694,forex strategies kelly criterion larry williams and more,business finance,all levels,5528,506,185,3.0,forex strategies kelly criterion larry williams and more business finance all levels
199450,elite trend trader learn to trade stocks options forex,business finance,all levels,6451,237,125,5.0,elite trend trader learn to trade stocks options forex business finance all levels
401784,options trading introduction day trade stock options,business finance,beginner level,12394,218,95,2.5,options trading introduction day trade stock options business finance beginner level
1122792,the almost perfect options trading strategy system unique,business finance,all levels,1793,18,200,1.0,the almost perfect options trading strategy system unique business finance all levels
709500,forex trading learn to trade forex like the banks,business finance,all levels,3223,240,20,1.0,forex trading learn to trade forex like the banks business finance all levels
285638,learn to trade for profit trading with japanese candlesticks,business finance,beginner level,16385,273,60,3.0,learn to trade for profit trading with japanese candlesticks business finance beginner level
1135126,the most powerful options spread trading front ratio spread,business finance,all levels,1487,16,200,2.0,the most powerful options spread trading front ratio spread business finance all levels
834558,what finance job is for you explanation of 14 finance roles,business finance,all levels,2951,232,200,4.0,what finance job is for you explanation of 14 finance roles business finance all levels
551968,the blueprint for successful stock trading,business finance,all levels,2697,331,120,1.0,the blueprint for successful stock trading business finance all levels
1005658,trading for beginners intermediate level,business finance,beginner level,3979,40,150,5.0,trading for beginners intermediate level business finance beginner level
746432,start trading stocks using technical analysis,business finance,all levels,3190,244,25,4.0,start trading stocks using technical analysis business finance all levels
1057242,learn how to set up an incubator hedge fund step by step,business finance,expert level,1406,71,200,1.5,learn how to set up an incubator hedge fund step by step business finance expert level
284118,vps for forex trading protect your forex robots,business finance,all levels,4252,225,160,2.0,vps for forex trading protect your forex robots business finance all levels
302562,introduction to accounting the language of business,business finance,beginner level,11958,370,20,11.5,introduction to accounting the language of business business finance beginner level
596598,basic excel for basic bookkeeping and accounting,business finance,beginner level,7743,340,95,1.5,basic excel for basic bookkeeping and accounting business finance beginner level
860890,using the greeks to understand options,business finance,all levels,2134,55,50,1.0,using the greeks to understand options business finance all levels
951050,trading options for consistent returns calendar spreads,business finance,all levels,1214,69,200,1.5,trading options for consistent returns calendar spreads business finance all levels
796450,how to create your personal budget,business finance,all levels,3870,53,20,1.0,how to create your personal budget business finance all levels
502772,the complete value investing course a proven approach,business finance,all levels,2146,212,200,4.5,the complete value investing course a proven approach business finance all levels
1102462,forex trading with price action,business finance,beginner level,484,57,195,1.0,forex trading with price action business finance beginner level
1062092,emini es futures advanced non directional options trading,business finance,all levels,1057,15,200,1.5,emini es futures advanced non directional options trading business finance all levels
891484,forex trading advanced fundamental analysis,business finance,intermediate level,1754,100,20,2.5,forex trading advanced fundamental analysis business finance intermediate level
1217064,how to invest with tiny capital in stocks,business finance,beginner level,1239,5,20,0.7,how to invest with tiny capital in stocks business finance beginner level
382204,learn how to successfully trade stocks in 5 simple steps,business finance,all levels,2493,276,95,9.5,learn how to successfully trade stocks in 5 simple steps business finance all levels
308696,forex metatrader 4 master mt4 like a pro forex trader,business finance,beginner level,2602,402,150,5.0,forex metatrader 4 master mt4 like a pro forex trader business finance beginner level
474928,intermediate options trading concepts for stocks and options,business finance,all levels,2000,30,40,1.0,intermediate options trading concepts for stocks and options business finance all levels
1148774,options trading 101 the basics,business finance,beginner level,1514,66,0,0.55,options trading 101 the basics business finance beginner level
959144,practical accounts app overview,business finance,intermediate level,1361,1,20,3.0,practical accounts app overview business finance intermediate level
1233350,bitcoin profits for beginners,business finance,beginner level,61,18,100,1.5,bitcoin profits for beginners business finance beginner level
572744,trend traders club how to find and trade fast moving trends,business finance,all levels,1513,31,75,5.5,trend traders club how to find and trade fast moving trends business finance all levels
724062,financial statements basics,business finance,beginner level,1374,19,20,2.0,financial statements basics business finance beginner level
474212,high performance stock trading using key options techniques,business finance,all levels,2103,15,40,1.5,high performance stock trading using key options techniques business finance all levels
771276,introduction to financial statement analysis,business finance,beginner level,1480,25,20,1.5,introduction to financial statement analysis business finance beginner level
388164,basics of economics college level,business finance,all levels,2516,12,25,1.5,basics of economics college level business finance all levels
133536,stock market investing for beginners,business finance,beginner level,50855,2698,0,1.5,stock market investing for beginners business finance beginner level
655300,accounting for beginners learn basics in under 1 hour,business finance,beginner level,1971,13,50,1.5,accounting for beginners learn basics in under 1 hour business finance beginner level
949504,straddle options trading profit in any market direction,business finance,all levels,837,9,200,1.0,straddle options trading profit in any market direction business finance all levels
265960,fundamentals of forex trading,business finance,all levels,17160,620,0,1.0,fundamentals of forex trading business finance all levels
680044,binary options trading strategies 90 accuracy and signals,business finance,beginner level,1723,38,195,1.0,binary options trading strategies 90 accuracy and signals business finance beginner level
923616,website investing 101 buying selling online businesses,business finance,all levels,6811,151,0,2.0,website investing 101 buying selling online businesses business finance all levels
741898,practical accounts bookkeeping automated overview,business finance,all levels,2060,17,20,4.5,practical accounts bookkeeping automated overview business finance all levels
381330,live account etf trading system hacking the stock market,business finance,all levels,2318,19,150,5.0,live account etf trading system hacking the stock market business finance all levels
545918,stock market leverage how to start trading options wisely,business finance,beginner level,2153,14,95,1.5,stock market leverage how to start trading options wisely business finance beginner level
191854,stock market foundations,business finance,beginner level,19339,794,0,2.0,stock market foundations business finance beginner level
471546,crash course on working capital management,business finance,all levels,3177,8,20,1.0,crash course on working capital management business finance all levels
866584,advanced accounting a complete study for ca cma cfa cs,business finance,all levels,1535,16,150,62.0,advanced accounting a complete study for ca cma cfa cs business finance all levels
889824,61 profit in 1 month crush your forex trading paradigm,business finance,all levels,1027,29,20,1.5,61 profit in 1 month crush your forex trading paradigm business finance all levels
1191504,how to create a routine trading,business finance,all levels,307,8,25,0.1333333333333333,how to create a routine trading business finance all levels
585752,forex trading secrets mt4 robot ea inside no coding,business finance,all levels,2096,48,150,0.6833333333333333,forex trading secrets mt4 robot ea inside no coding business finance all levels
671578,forex sos course trading tweaks and working forex strategy,business finance,beginner level,1315,48,50,2.5,forex sos course trading tweaks and working forex strategy business finance beginner level
151668,introduction to financial modeling,business finance,intermediate level,29167,1463,0,1.5,introduction to financial modeling business finance intermediate level
1105344,quantitative aptitude for banking competitive examinations,business finance,all levels,1056,1,50,3.0,quantitative aptitude for banking competitive examinations business finance all levels
44836,option spreads and credit spreads bundle,business finance,expert level,2212,194,180,4.5,option spreads and credit spreads bundle business finance expert level
840300,b com accountancy i paper eco 02 ignou,business finance,all levels,2946,6,50,31.5,b com accountancy i paper eco 02 ignou business finance all levels
1100054,forex trading learn in a quick + profitable way + support,business finance,all levels,271,48,100,3.5,forex trading learn in a quick + profitable way + support business finance all levels
421054,auditing basics professional course level,business finance,all levels,3771,10,25,2.5,auditing basics professional course level business finance all levels
528784,stock market investing encyclopedia how to invest in stocks,business finance,intermediate level,3143,11,200,3.0,stock market investing encyclopedia how to invest in stocks business finance intermediate level
637430,learn the basics of preparing accounting statements,business finance,intermediate level,1951,30,20,0.55,learn the basics of preparing accounting statements business finance intermediate level
236080,elliott wave forex trading with the elliott wave theory,business finance,expert level,4022,35,90,1.0,elliott wave forex trading with the elliott wave theory business finance expert level
777444,corporate finance a brief introduction,business finance,beginner level,11724,649,0,1.5,corporate finance a brief introduction business finance beginner level
474238,excel functions to analyze and visualize data,business finance,intermediate level,2283,54,20,2.0,excel functions to analyze and visualize data business finance intermediate level
1245244,building financial statements in excel,business finance,beginner level,1181,1,35,1.0,building financial statements in excel business finance beginner level
1051570,transfer pricing a complete analysis,business finance,all levels,1852,3,50,2.5,transfer pricing a complete analysis business finance all levels
262370,accounting get hired without work experience,business finance,all levels,4661,187,100,1.0,accounting get hired without work experience business finance all levels
1188178,forex trading for beginners basics,business finance,all levels,989,9,50,1.0,forex trading for beginners basics business finance all levels
824592,basic bookkeeping hacks,business finance,all levels,5841,16,20,1.5,basic bookkeeping hacks business finance all levels
1147458,complete trading plan course for stocks forex 10 hours,business finance,all levels,1087,14,200,9.5,complete trading plan course for stocks forex 10 hours business finance all levels
1243448,forex trading with fixed risk through options trading,business finance,beginner level,611,4,200,1.0,forex trading with fixed risk through options trading business finance beginner level
730414,intro to investment banking m a ipo modeling + free book,business finance,all levels,1922,149,60,20.0,intro to investment banking m a ipo modeling + free book business finance all levels
252396,how to pick the right penny stocks to invest in 2017,business finance,all levels,9015,65,150,2.5,how to pick the right penny stocks to invest in 2017 business finance all levels
1198166,top 10 trading ideas in the equities market,business finance,all levels,661,4,20,1.0,top 10 trading ideas in the equities market business finance all levels
920604,intro to financial modeling,business finance,beginner level,1077,110,105,6.0,intro to financial modeling business finance beginner level
215728,shark accounting building a business by the numbers,business finance,beginner level,6050,140,20,1.5,shark accounting building a business by the numbers business finance beginner level
722174,forex trading make your first trade today,business finance,all levels,3523,46,150,4.0,forex trading make your first trade today business finance all levels
48841,accounting in 60 minutes a brief introduction,business finance,beginner level,56659,4397,0,1.5,accounting in 60 minutes a brief introduction business finance beginner level
907444,sap fico for beginners a guide to sap financial accounts,business finance,beginner level,1444,101,100,5.0,sap fico for beginners a guide to sap financial accounts business finance beginner level
317030,learn how to double your forex trading account in one trade,business finance,intermediate level,2900,424,60,2.5,learn how to double your forex trading account in one trade business finance intermediate level
891490,accounting superpowers learn accounts understand business,business finance,beginner level,1437,96,200,2.5,accounting superpowers learn accounts understand business business finance beginner level
1070886,python algo trading fx trading with oanda,business finance,intermediate level,453,42,200,3.0,python algo trading fx trading with oanda business finance intermediate level
812616,save on your taxes,business finance,all levels,2437,12,20,1.5,save on your taxes business finance all levels
407984,financial model basics build a model from start to finish,business finance,beginner level,5057,142,30,1.0,financial model basics build a model from start to finish business finance beginner level
214046,option trading for rookies the covered call option strategy,business finance,beginner level,6092,25,95,1.5,option trading for rookies the covered call option strategy business finance beginner level
512400,eft for stock options trading success making better trades,business finance,all levels,4530,13,95,1.5,eft for stock options trading success making better trades business finance all levels
377370,learn to trade the stock market without blowing your profits,business finance,all levels,6967,16,60,1.0,learn to trade the stock market without blowing your profits business finance all levels
1175694,get a credit repair publication on amazon and live life..,business finance,beginner level,727,11,20,3.0,get a credit repair publication on amazon and live life.. business finance beginner level
945750,fundamentals of accounting,business finance,all levels,1560,43,20,3.0,fundamentals of accounting business finance all levels
1085580,rsi options trading technical analysis 3 course bundle,business finance,all levels,1047,9,200,3.5,rsi options trading technical analysis 3 course bundle business finance all levels
1188410,basics of mutual funds for ca cma cs cfa exams,business finance,intermediate level,1045,2,125,1.0,basics of mutual funds for ca cma cs cfa exams business finance intermediate level
402836,accounting 101 how to read an accounting balance sheet,business finance,beginner level,3050,86,200,2.0,accounting 101 how to read an accounting balance sheet business finance beginner level
588764,stock options day trading mindset for success,business finance,all levels,2988,21,200,4.5,stock options day trading mindset for success business finance all levels
576946,introduction to bookkeeping and accounting,business finance,beginner level,2623,158,35,1.0,introduction to bookkeeping and accounting business finance beginner level
543242,learn to trade the news,business finance,all levels,1924,351,200,46.5,learn to trade the news business finance all levels
502240,value investing taught by six superinvestors,business finance,all levels,3804,267,200,5.0,value investing taught by six superinvestors business finance all levels
598266,trading for everyone the independent investor course i,business finance,beginner level,4133,15,120,4.0,trading for everyone the independent investor course i business finance beginner level
814068,get acquired learn from the head of acquisitions for ebay,business finance,all levels,1420,70,195,2.5,get acquired learn from the head of acquisitions for ebay business finance all levels
1076920,stock market investment practical accounting,business finance,beginner level,1120,6,125,3.0,stock market investment practical accounting business finance beginner level
1103272,how to remove risk from penny stocks options trading,business finance,all levels,668,12,200,1.0,how to remove risk from penny stocks options trading business finance all levels
441112,accounting basics in 66 minutes absolutely for beginners,business finance,all levels,4086,31,25,1.5,accounting basics in 66 minutes absolutely for beginners business finance all levels
1022108,tax accounting difficult topic made easy to understand,business finance,all levels,1033,10,200,2.0,tax accounting difficult topic made easy to understand business finance all levels
1028030,analysis of company financial statements,business finance,all levels,832,34,20,1.5,analysis of company financial statements business finance all levels
1018380,forex trading like banks step by step with live examples,business finance,all levels,677,45,195,4.5,forex trading like banks step by step with live examples business finance all levels
575676,fundamentals of investing,business finance,beginner level,3125,54,20,2.0,fundamentals of investing business finance beginner level
1105216,bank financial management a comprehensive study,business finance,all levels,1081,6,50,1.5,bank financial management a comprehensive study business finance all levels
936328,learn to trade forex and stocks from beginner to advanced,business finance,all levels,1645,25,200,2.0,learn to trade forex and stocks from beginner to advanced business finance all levels
43441,master technical analysis and chart reading skills bundle,business finance,all levels,3348,352,120,3.0,master technical analysis and chart reading skills bundle business finance all levels
1103718,naked put options trade covered call poor man covered call,business finance,all levels,939,7,200,1.5,naked put options trade covered call poor man covered call business finance all levels
584410,the ultimate guide to dividend dividend growth investing,business finance,all levels,2115,59,200,5.5,the ultimate guide to dividend dividend growth investing business finance all levels
625568,charting for beginners 101 technical analysis demystified,business finance,all levels,2230,102,45,1.5,charting for beginners 101 technical analysis demystified business finance all levels
297742,build a dcf valuation model,business finance,all levels,2053,234,50,5.5,build a dcf valuation model business finance all levels
24877,introductory financial accounting,business finance,beginner level,1793,265,80,10.0,introductory financial accounting business finance beginner level
1188742,introduction to cryptocurrencies and blockchain,business finance,beginner level,3775,138,0,2.0,introduction to cryptocurrencies and blockchain business finance beginner level
597716,trade pullback candlestick strategy make consistent pips,business finance,all levels,521,67,200,3.0,trade pullback candlestick strategy make consistent pips business finance all levels
415802,accounting standards basics professional course level,business finance,all levels,2222,9,20,0.7,accounting standards basics professional course level business finance all levels
323950,use the magic multiple moving average forex trading system,business finance,intermediate level,1097,252,50,1.0,use the magic multiple moving average forex trading system business finance intermediate level
488818,quickbooks 2015 training for newbies,business finance,beginner level,2506,21,200,6.0,quickbooks 2015 training for newbies business finance beginner level
610890,trading psychology trading mindset mastery,business finance,intermediate level,975,23,120,1.0,trading psychology trading mindset mastery business finance intermediate level
638980,option trading how to adjust delta neutral strangles,business finance,all levels,1398,15,145,1.5,option trading how to adjust delta neutral strangles business finance all levels
599684,profitable binary option trading strategy,business finance,all levels,1096,24,195,1.5,profitable binary option trading strategy business finance all levels
332848,tax strategy financial planning for beginners,business finance,all levels,1703,59,200,2.0,tax strategy financial planning for beginners business finance all levels
354324,accounting 2 simplified for you,business finance,beginner level,1446,23,45,5.0,accounting 2 simplified for you business finance beginner level
379682,project funding modelling for professionals,business finance,all levels,2736,3,20,1.5,project funding modelling for professionals business finance all levels
319020,investing how i consistently beat the stock market,business finance,all levels,2000,31,200,4.5,investing how i consistently beat the stock market business finance all levels
713258,bookkeeping basics understand the fundamentals,business finance,beginner level,853,45,75,4.5,bookkeeping basics understand the fundamentals business finance beginner level
537884,leasing a comprehensive study professional course level,business finance,all levels,3094,2,20,3.5,leasing a comprehensive study professional course level business finance all levels
919906,trading options for consistent returns options basics,business finance,beginner level,4077,281,0,1.5,trading options for consistent returns options basics business finance beginner level
46010,technitrader leading hybrid indicator trading,business finance,intermediate level,4117,54,20,1.0,technitrader leading hybrid indicator trading business finance intermediate level
777932,financial modeling build a dcf equity valuation model,business finance,all levels,1369,17,20,1.5,financial modeling build a dcf equity valuation model business finance all levels
773934,cryptoarbitrager bitcoin trading robot no mining,business finance,all levels,1224,42,150,0.55,cryptoarbitrager bitcoin trading robot no mining business finance all levels
221306,accounting is easy for beginners,business finance,all levels,3870,12,20,9.0,accounting is easy for beginners business finance all levels
830994,non directional weekly options trading system etf emini,business finance,all levels,897,22,200,2.0,non directional weekly options trading system etf emini business finance all levels
723510,the complete position trading course position trading stock,business finance,all levels,1311,36,45,1.0,the complete position trading course position trading stock business finance all levels
42643,master iron condors double the credit for half the risk,business finance,expert level,1338,139,60,1.0,master iron condors double the credit for half the risk business finance expert level
411778,basics of investing in mutual funds,business finance,intermediate level,1589,26,20,1.5,basics of investing in mutual funds business finance intermediate level
366514,a value investing approach to the stock market,business finance,all levels,1189,12,20,1.5,a value investing approach to the stock market business finance all levels
471588,learn how to invest for huge profits or make it big trading,business finance,all levels,701,12,50,5.5,learn how to invest for huge profits or make it big trading business finance all levels
390096,how to fund your million dollar idea equity debt unfund,business finance,intermediate level,1105,3,50,6.0,how to fund your million dollar idea equity debt unfund business finance intermediate level
607876,mastering candlestick charting high probability trading,business finance,all levels,123,16,50,2.0,mastering candlestick charting high probability trading business finance all levels
249950,binary options course level 2,business finance,intermediate level,5874,207,0,2.0,binary options course level 2 business finance intermediate level
792216,stock technical analysis with r,business finance,all levels,354,32,50,7.0,stock technical analysis with r business finance all levels
45139,get to know the vix index aka the fear index,business finance,all levels,727,64,60,1.0,get to know the vix index aka the fear index business finance all levels
692176,apply finance concepts for smart project management,business finance,beginner level,3465,161,0,2.0,apply finance concepts for smart project management business finance beginner level
1224262,introduction to futures trading and live trade demonstration,business finance,expert level,54,4,60,0.7166666666666667,introduction to futures trading and live trade demonstration business finance expert level
598094,crowdfunding to win,business finance,all levels,627,15,40,1.5,crowdfunding to win business finance all levels
40039,comprehensive forex mastery program,business finance,all levels,650,107,45,10.0,comprehensive forex mastery program business finance all levels
1266148,preparation of consolidated financial statements basic,business finance,intermediate level,965,0,0,1.5,preparation of consolidated financial statements basic business finance intermediate level
791422,succeed in bonds even if you don t know where to start,business finance,all levels,1113,6,200,1.0,succeed in bonds even if you don t know where to start business finance all levels
352150,learn to trade for profit ten most profitable trading rules,business finance,all levels,739,28,95,2.0,learn to trade for profit ten most profitable trading rules business finance all levels
791436,succeed in lotto even if you don t know where to start,business finance,all levels,1201,12,20,1.5,succeed in lotto even if you don t know where to start business finance all levels
537878,cfa corporate finance level 2,business finance,all levels,2474,6,50,17.5,cfa corporate finance level 2 business finance all levels
923184,pin bars the most powerful forex trading signal,business finance,all levels,494,16,200,1.0,pin bars the most powerful forex trading signal business finance all levels
476256,stock options trades using interactive brokers,business finance,intermediate level,1580,26,95,1.0,stock options trades using interactive brokers business finance intermediate level
552504,introduction to options strategies for consistent profits,business finance,all levels,617,44,40,4.5,introduction to options strategies for consistent profits business finance all levels
537888,risk in forex transactions for ca cs cfa exams,business finance,all levels,2235,3,20,1.0,risk in forex transactions for ca cs cfa exams business finance all levels
385686,basics of business statistics college level,business finance,all levels,2293,9,20,2.0,basics of business statistics college level business finance all levels
738900,trading seasonal price patterns in stocks futures forex,business finance,beginner level,1094,8,200,2.0,trading seasonal price patterns in stocks futures forex business finance beginner level
57415,interpreting financial statements,business finance,beginner level,1449,29,20,1.5,interpreting financial statements business finance beginner level
155344,introduction to bookkeeping accounting,business finance,beginner level,3251,10,20,12.0,introduction to bookkeeping accounting business finance beginner level
42491,credit spread surgery bear call and bull put mastery,business finance,intermediate level,607,55,60,2.0,credit spread surgery bear call and bull put mastery business finance intermediate level
511952,investment banking how to land a job on wall street,business finance,all levels,1218,30,75,3.5,investment banking how to land a job on wall street business finance all levels
530246,learn to invest in index funds and etfs in 7 easy steps,business finance,all levels,1132,33,20,1.0,learn to invest in index funds and etfs in 7 easy steps business finance all levels
862786,financial modeling build a multiples valuation model,business finance,all levels,656,17,20,1.5,financial modeling build a multiples valuation model business finance all levels
165122,trade recap i a real look at futures options markets,business finance,beginner level,3339,4,20,1.5,trade recap i a real look at futures options markets business finance beginner level
530768,advanced stock options for serious equity investors,business finance,expert level,1271,23,200,1.5,advanced stock options for serious equity investors business finance expert level
218416,trading binary options for fun and profit,business finance,all levels,1574,24,20,2.0,trading binary options for fun and profit business finance all levels
619296,cfa fast track your career in finance,business finance,beginner level,1393,27,20,2.0,cfa fast track your career in finance business finance beginner level
717278,how to be a profitable forex trader,business finance,all levels,1029,13,20,0.6833333333333333,how to be a profitable forex trader business finance all levels
445916,excel dashboard interactive excel dashboard and charts,business finance,all levels,843,54,30,3.0,excel dashboard interactive excel dashboard and charts business finance all levels
267984,accounting 101 learn business finance forecasting in 60mins,business finance,all levels,1730,12,95,1.5,accounting 101 learn business finance forecasting in 60mins business finance all levels
180362,the securities trade lifecycle,business finance,all levels,1182,110,50,4.0,the securities trade lifecycle business finance all levels
364810,double your forex account using the magic ma trading robot,business finance,intermediate level,1160,117,65,2.5,double your forex account using the magic ma trading robot business finance intermediate level
692722,technical analysis 101 how to profit during market crashes,business finance,all levels,1730,18,95,2.0,technical analysis 101 how to profit during market crashes business finance all levels
298558,advanced accounting for investment banking,business finance,intermediate level,1260,80,50,4.0,advanced accounting for investment banking business finance intermediate level
480752,investing in stocks with 10 simple rules,business finance,all levels,871,79,95,2.0,investing in stocks with 10 simple rules business finance all levels
637922,venture capital. what is it and why it matters to you,business finance,all levels,1566,48,50,2.5,venture capital. what is it and why it matters to you business finance all levels
337320,cash flow valuation develop your financial literacy,business finance,all levels,2987,23,105,2.0,cash flow valuation develop your financial literacy business finance all levels
876646,direction independ trading elite forex traders strategy,business finance,all levels,973,15,120,2.5,direction independ trading elite forex traders strategy business finance all levels
529424,how to become a financial analyst from scratch,business finance,beginner level,2177,31,40,5.0,how to become a financial analyst from scratch business finance beginner level
720814,first steps to trading the forexmarkets technical analysis,business finance,beginner level,1772,19,35,3.5,first steps to trading the forexmarkets technical analysis business finance beginner level
515326,financial analysis compare performance of companies,business finance,all levels,1850,40,20,1.0,financial analysis compare performance of companies business finance all levels
1218552,forex for beginners easy forex trading for beginners,business finance,beginner level,1780,32,0,1.0,forex for beginners easy forex trading for beginners business finance beginner level
851106,investment crowdfunding 101 a.k.a equity crowdfunding,business finance,beginner level,4607,181,0,0.5333333333333333,investment crowdfunding 101 a.k.a equity crowdfunding business finance beginner level
429308,read financial statements like a pro,business finance,intermediate level,12,1,50,4.0,read financial statements like a pro business finance intermediate level
302450,10 numbers every business owner should know,business finance,all levels,13,1,20,1.0,10 numbers every business owner should know business finance all levels
1117834,learn how to trade gold in 2017,business finance,all levels,2,1,200,1.0,learn how to trade gold in 2017 business finance all levels
190816,ias 18 revenue,business finance,all levels,2571,32,0,4.5,ias 18 revenue business finance all levels
244000,forex trading the high roi forex trading end of day course,business finance,intermediate level,8,1,125,2.5,forex trading the high roi forex trading end of day course business finance intermediate level
429482,fundraise the simplified way a crowdfunding blueprint,business finance,all levels,7,1,35,1.0,fundraise the simplified way a crowdfunding blueprint business finance all levels
831940,fundamentals of accounting for business owners,business finance,beginner level,217,0,20,2.5,fundamentals of accounting for business owners business finance beginner level
833770,practical financial statement analysis,business finance,all levels,22,5,75,4.5,practical financial statement analysis business finance all levels
658764,forex management detailed study for ca cs cfa exams,business finance,all levels,131,2,50,3.0,forex management detailed study for ca cs cfa exams business finance all levels
707224,financial statement review 101 how to find errors,business finance,beginner level,5,2,30,2.0,financial statement review 101 how to find errors business finance beginner level
64739,professional risk manager prm certification level 1,business finance,all levels,116,10,50,24.0,professional risk manager prm certification level 1 business finance all levels
907716,international tax tax beyond boundaries,business finance,all levels,27,6,100,19.5,international tax tax beyond boundaries business finance all levels
1030976,the complete financial statement analysis course,business finance,beginner level,912,12,150,3.0,the complete financial statement analysis course business finance beginner level
722682,advanced excel functions,business finance,all levels,1964,47,20,1.5,advanced excel functions business finance all levels
1122146,penny stocks value chart pattern trading 2 course bundle,business finance,beginner level,1033,2,200,1.5,penny stocks value chart pattern trading 2 course bundle business finance beginner level
808506,candlestick analysis for professional traders,business finance,expert level,913,117,95,2.0,candlestick analysis for professional traders business finance expert level
673016,build a career in forex trading learn fundamental analysis,business finance,all levels,2092,77,200,3.5,build a career in forex trading learn fundamental analysis business finance all levels
358062,financial modeling build a complete dcf valuation model,business finance,all levels,2240,185,95,2.5,financial modeling build a complete dcf valuation model business finance all levels
372234,hands on financial modeling with 6 excel templates,business finance,intermediate level,4601,38,30,4.0,hands on financial modeling with 6 excel templates business finance intermediate level
822514,caiib advanced bank management part i,business finance,all levels,2953,20,25,20.5,caiib advanced bank management part i business finance all levels
1045726,stock market investment non financial fundamental analysis,business finance,beginner level,1091,4,125,3.0,stock market investment non financial fundamental analysis business finance beginner level
943426,learn how to play cashflow game,business finance,beginner level,1459,11,35,1.0,learn how to play cashflow game business finance beginner level
46927,basics of business finance,business finance,beginner level,4855,64,30,4.0,basics of business finance business finance beginner level
567070,accounting made easy 2,business finance,intermediate level,4034,8,50,3.0,accounting made easy 2 business finance intermediate level
867440,bitcoin el futuro del dinero hoy,business finance,intermediate level,57,22,200,3.0,bitcoin el futuro del dinero hoy business finance intermediate level
501996,aprende a invertir practicando,business finance,all levels,26,9,35,2.0,aprende a invertir practicando business finance all levels
1103590,trading con retrocesos de fibonacci,business finance,all levels,14,4,25,2.5,trading con retrocesos de fibonacci business finance all levels
1172370,mit finanzwissen zu besserem unternehmertum,business finance,beginner level,49,3,50,3.0,mit finanzwissen zu besserem unternehmertum business finance beginner level
673702,como hacer empresa en 10 sesiones prácticas,business finance,intermediate level,11,2,20,0.5,como hacer empresa en 10 sesiones prácticas business finance intermediate level
821108,المحاسبة للإداريين و غير المحاسبين,business finance,beginner level,9,3,20,0.7166666666666667,المحاسبة للإداريين و غير المحاسبين business finance beginner level
863998,株式投資で本当のファンダメンタル分析ができるようになる,business finance,all levels,91,7,20,2.0,株式投資で本当のファンダメンタル分析ができるようになる business finance all levels
822926,curso de trading práctico basado en casos reales,business finance,all levels,44,6,20,10.0,curso de trading práctico basado en casos reales business finance all levels
666254,curso avanzado de trading,business finance,all levels,106,11,125,20.5,curso avanzado de trading business finance all levels
421546,สอนเทรดไบนาร อ อฟช นอย างง าย,business finance,all levels,2079,258,0,2.0,สอนเทรดไบนาร อ อฟช นอย างง าย business finance all levels
518886,mql4 tutorial golden goose,business finance,beginner level,135,5,20,1.5,mql4 tutorial golden goose business finance beginner level
868128,análise de concessão de crédito,business finance,all levels,31,11,20,10.5,análise de concessão de crédito business finance all levels
986034,technical analysis using elliott wave theory,business finance,all levels,217,7,60,1.0,technical analysis using elliott wave theory business finance all levels
42642,the basics of volume analysis,business finance,all levels,611,57,60,1.5,the basics of volume analysis business finance all levels
471428,crash course on cost of capital and capital structuring,business finance,all levels,5007,41,0,3.0,crash course on cost of capital and capital structuring business finance all levels
600206,business accounting made easy,business finance,beginner level,1168,5,50,5.5,business accounting made easy business finance beginner level
283780,build a dcf model from scratch,business finance,all levels,4653,395,0,0.5166666666666666,build a dcf model from scratch business finance all levels
52118,multiply your returns using value investing https www.udemy.com multiply your returns using value investing true 20 1942 19 63 all levels 4.5 hours 2015 07 23t00 08 33z 874284 weekly forex analysis by baraq fx,business finance,all levels,3035,12,0,1.5,multiply your returns using value investing https www.udemy.com multiply your returns using value investing true 20 1942 19 63 all levels 4.5 hours 2015 07 23t00 08 33z 874284 weekly forex analysis by baraq fx business finance all levels
42640,technical analysis a practical approach for trade entry,business finance,expert level,454,52,60,2.0,technical analysis a practical approach for trade entry business finance expert level
767256,mastering technical analysis maximizing trading profits,business finance,all levels,325,14,60,5.0,mastering technical analysis maximizing trading profits business finance all levels
843854,the complete guide to professional trading with elliott wave,business finance,all levels,228,49,115,4.5,the complete guide to professional trading with elliott wave business finance all levels
247558,a complete guide to becoming a trader on the forex market,business finance,all levels,562,11,25,1.0,a complete guide to becoming a trader on the forex market business finance all levels
696616,stock market for beginners complete starter toolkit,business finance,intermediate level,577,45,120,6.5,stock market for beginners complete starter toolkit business finance intermediate level
205810,beginners binary options course,business finance,beginner level,10540,799,0,1.5,beginners binary options course business finance beginner level
507486,technical analysis 101 secrets of trading revealed,business finance,all levels,912,27,150,2.5,technical analysis 101 secrets of trading revealed business finance all levels
965306,forex what s a trend and when it is strong and reliable,business finance,intermediate level,2955,43,0,2.0,forex what s a trend and when it is strong and reliable business finance intermediate level
1128662,volatility trading analysis with r,business finance,expert level,190,13,50,6.0,volatility trading analysis with r business finance expert level
1068986,how to profit from stock market volatility,business finance,all levels,1736,36,0,0.6,how to profit from stock market volatility business finance all levels
627706,awaken the accountant in you master the accounting basics,business finance,beginner level,1135,10,35,1.5,awaken the accountant in you master the accounting basics business finance beginner level
255280,we will pay you to trade with us,business finance,all levels,2101,51,20,2.0,we will pay you to trade with us business finance all levels
628944,situational trading proven option strategy for any scenario,business finance,all levels,1048,11,200,1.5,situational trading proven option strategy for any scenario business finance all levels
537886,portfolio management for ca cs cfa exams,business finance,all levels,1740,5,20,1.0,portfolio management for ca cs cfa exams business finance all levels
517938,algorithmic trading in matlab wfatoolbox app gui finance,business finance,all levels,1749,41,20,1.0,algorithmic trading in matlab wfatoolbox app gui finance business finance all levels
779678,finding an unlimited amount of investors,business finance,all levels,1187,6,80,0.7,finding an unlimited amount of investors business finance all levels
494330,bookkeeping made easy,business finance,beginner level,1263,21,70,1.5,bookkeeping made easy business finance beginner level
153926,bitcoin visually. part i.,business finance,beginner level,115,6,50,4.0,bitcoin visually. part i. business finance beginner level
806122,learn and master the basics of finance,business finance,beginner level,43,17,20,3.0,learn and master the basics of finance business finance beginner level
725658,forex learnto trade the improved advanced patterns,business finance,all levels,55,2,75,5.5,forex learnto trade the improved advanced patterns business finance all levels
1032234,mastering the market technical analysis + candlestick,business finance,all levels,18,7,90,7.0,mastering the market technical analysis + candlestick business finance all levels
996542,mastering countertrend trading high profit trading pattern,business finance,all levels,14,5,40,1.0,mastering countertrend trading high profit trading pattern business finance all levels
756520,exam 1 review managerial accounting u of h,business finance,beginner level,47,9,30,2.0,exam 1 review managerial accounting u of h business finance beginner level
768028,an integrated approach to the fundamentals of accounting,business finance,all levels,134,14,200,5.5,an integrated approach to the fundamentals of accounting business finance all levels
73030,get to grips with the cfa calculator,business finance,all levels,153,8,20,1.5,get to grips with the cfa calculator business finance all levels
476880,financial model fundamentals learn the essential skills,business finance,all levels,47,5,75,2.5,financial model fundamentals learn the essential skills business finance all levels
773060,forex economic news trading,business finance,all levels,42,14,25,0.6833333333333333,forex economic news trading business finance all levels
552058,analyze real estate investments financial modeling,business finance,all levels,120,18,20,2.0,analyze real estate investments financial modeling business finance all levels
509512,forex for beginners a guide to currency trading,business finance,beginner level,68,10,20,0.5,forex for beginners a guide to currency trading business finance beginner level
497236,raise your credit score to 800 or more....,business finance,all levels,844,33,50,2.0,raise your credit score to 800 or more.... business finance all levels
471556,financial management budgeting techniques,business finance,all levels,2045,3,20,2.0,financial management budgeting techniques business finance all levels
403602,forex killing divergence how to trade with precision,business finance,all levels,1168,38,20,0.6833333333333333,forex killing divergence how to trade with precision business finance all levels
326948,working capital management for ca cfa cpa exams,business finance,intermediate level,2342,9,25,3.5,working capital management for ca cfa cpa exams business finance intermediate level
537896,risk analysis capital budgeting for ca cs cfa exams,business finance,all levels,2268,4,20,5.5,risk analysis capital budgeting for ca cs cfa exams business finance all levels
797762,corporate finance 101 financial statement analysis ratios,business finance,all levels,967,16,50,8.0,corporate finance 101 financial statement analysis ratios business finance all levels
674350,mastering futures options for beginners your top 5 plays,business finance,beginner level,1185,10,200,2.5,mastering futures options for beginners your top 5 plays business finance beginner level
439362,professional options trading simplified,business finance,all levels,631,49,200,2.0,professional options trading simplified business finance all levels
42634,advanced options concepts probability greeks simulation,business finance,intermediate level,968,81,60,2.0,advanced options concepts probability greeks simulation business finance intermediate level
494800,accounting basics a complete study,business finance,all levels,1132,70,180,29.0,accounting basics a complete study business finance all levels
1222836,case studies in macro economics,business finance,beginner level,114,1,50,4.0,case studies in macro economics business finance beginner level
990440,my forex strategy that win consistently over and over,business finance,intermediate level,204,23,200,1.5,my forex strategy that win consistently over and over business finance intermediate level
109988,understand banks financial markets,business finance,all levels,1548,24,30,3.0,understand banks financial markets business finance all levels
815482,stock technical analysis with python,business finance,all levels,409,35,50,8.0,stock technical analysis with python business finance all levels
569436,how to become an accountant from scratch,business finance,beginner level,1169,7,40,3.0,how to become an accountant from scratch business finance beginner level
803664,how to invest in gold,business finance,beginner level,249,14,50,2.5,how to invest in gold business finance beginner level
213154,automate your finances,business finance,beginner level,690,17,20,1.0,automate your finances business finance beginner level
484132,mba accounting and finance for managers paper ms04 of ignou,business finance,all levels,1340,4,150,26.0,mba accounting and finance for managers paper ms04 of ignou business finance all levels
640062,accounting made easy a quick guide to financial accounting,business finance,all levels,274,41,95,1.5,accounting made easy a quick guide to financial accounting business finance all levels
363404,futures commodity training basics,business finance,beginner level,4863,202,0,1.5,futures commodity training basics business finance beginner level
454724,cost accounting marginal costing theory and practice,business finance,all levels,1923,4,20,2.5,cost accounting marginal costing theory and practice business finance all levels
702278,the big volatility short the best trade on wall street,business finance,all levels,224,35,200,1.5,the big volatility short the best trade on wall street business finance all levels
323196,master finance in three hours,business finance,beginner level,721,12,20,3.0,master finance in three hours business finance beginner level
1225686,learn options on futures for hedging options and stocks,business finance,expert level,51,2,60,0.7,learn options on futures for hedging options and stocks business finance expert level
443584,option selling trading as income source. beginners friendly,business finance,all levels,1276,46,195,6.0,option selling trading as income source. beginners friendly business finance all levels
1034074,introduction to value growth investing,business finance,all levels,2768,83,0,1.0,introduction to value growth investing business finance all levels
1209694,become a forex trader forex trading like a professional,business finance,all levels,1735,31,0,2.5,become a forex trader forex trading like a professional business finance all levels
418732,hedge fund trading system,business finance,all levels,8985,584,0,1.0,hedge fund trading system business finance all levels
757450,bulletproof personal finance expert asset allocation,business finance,all levels,1119,22,45,1.0,bulletproof personal finance expert asset allocation business finance all levels
403468,financial accounting the complete introductory crash course,business finance,all levels,2591,44,100,10.0,financial accounting the complete introductory crash course business finance all levels
761808,learn about trading options from a real wallstreet trader,business finance,all levels,1046,17,20,1.0,learn about trading options from a real wallstreet trader business finance all levels
614510,forex rate why it fluctuates for ca cma cs cfa exams,business finance,all levels,2239,4,20,1.0,forex rate why it fluctuates for ca cma cs cfa exams business finance all levels
519776,how to build a massive stock portfolio from zero,business finance,all levels,1882,51,200,11.0,how to build a massive stock portfolio from zero business finance all levels
805336,introductory forex trading course,business finance,beginner level,5931,158,0,3.5,introductory forex trading course business finance beginner level
828254,budgeting hacks to build wealth,business finance,beginner level,4931,154,0,0.5333333333333333,budgeting hacks to build wealth business finance beginner level
471440,accounting and finance for bankers a comprehensive study,business finance,all levels,3056,9,180,24.5,accounting and finance for bankers a comprehensive study business finance all levels
478598,forex prep academy for beginners real trades,business finance,beginner level,1303,21,75,3.0,forex prep academy for beginners real trades business finance beginner level
394636,accounting for deferred taxes professional course level,business finance,all levels,2924,6,25,1.5,accounting for deferred taxes professional course level business finance all levels
512004,trading truths,business finance,all levels,1405,14,50,2.0,trading truths business finance all levels
1194426,the binary institute introductory course in binary options,business finance,all levels,1121,12,0,1.0,the binary institute introductory course in binary options business finance all levels
538540,forex trading vs option trading,business finance,all levels,1776,14,95,2.5,forex trading vs option trading business finance all levels
406922,how to invest in stocks + billionaire investing tips,business finance,all levels,1643,18,40,2.0,how to invest in stocks + billionaire investing tips business finance all levels
743914,value investing for beginners,business finance,beginner level,801,48,100,2.5,value investing for beginners business finance beginner level
419308,trading tactics,business finance,all levels,951,25,145,6.0,trading tactics business finance all levels
542028,mql4 tutorial bootcamp trading robot coding in metatrader4,business finance,beginner level,1278,33,30,0.7166666666666667,mql4 tutorial bootcamp trading robot coding in metatrader4 business finance beginner level
482534,ultimate retirement build your own dynamic retirement plan,business finance,all levels,1184,15,50,6.0,ultimate retirement build your own dynamic retirement plan business finance all levels
716136,build a solid foundation for trading options,business finance,all levels,1115,8,20,1.0,build a solid foundation for trading options business finance all levels
737514,forex scam avoid the scam today,business finance,all levels,1086,27,20,2.0,forex scam avoid the scam today business finance all levels
471446,cost accounting crash course,business finance,all levels,3730,11,20,2.5,cost accounting crash course business finance all levels
920424,option trading for rookies basic option strategies,business finance,all levels,810,27,95,2.5,option trading for rookies basic option strategies business finance all levels
49886,business analysis working with use cases,business finance,all levels,2338,224,90,1.5,business analysis working with use cases business finance all levels
292462,learn to raise the funds you need via crowdfunding,business finance,all levels,3403,29,20,8.0,learn to raise the funds you need via crowdfunding business finance all levels
211874,business finances,business finance,beginner level,4695,7,75,1.0,business finances business finance beginner level
754028,financial accounting a brief introduction,business finance,beginner level,17847,1440,0,1.0,financial accounting a brief introduction business finance beginner level
546924,trading economic indicators complete trading system,business finance,beginner level,2692,25,50,1.5,trading economic indicators complete trading system business finance beginner level
105972,foundation of options trading and investing,business finance,all levels,6374,21,20,1.0,foundation of options trading and investing business finance all levels
556068,option trading how to earn if you can t predict the market,business finance,all levels,2305,19,145,1.5,option trading how to earn if you can t predict the market business finance all levels
1053272,the financial analyst skills training fast course 2017,business finance,all levels,589,31,100,10.0,the financial analyst skills training fast course 2017 business finance all levels
1273896,covered calls powerful income strategy for stock traders,business finance,beginner level,22,0,60,1.0,covered calls powerful income strategy for stock traders business finance beginner level
317572,accounting 1 simplified for you,business finance,beginner level,2490,95,45,3.0,accounting 1 simplified for you business finance beginner level
738910,value investing where white people keep their money,business finance,expert level,2715,70,200,4.0,value investing where white people keep their money business finance expert level
1015274,how to start investing made simple and easy,business finance,all levels,1506,12,200,1.0,how to start investing made simple and easy business finance all levels
934574,basics of commerce a complete study,business finance,all levels,2197,4,150,5.5,basics of commerce a complete study business finance all levels
1110470,the passive investing blueprint build wealth passively,business finance,all levels,338,32,200,3.5,the passive investing blueprint build wealth passively business finance all levels
988804,7 steps your introduction to trading,business finance,beginner level,1076,22,25,5.0,7 steps your introduction to trading business finance beginner level
529718,forex elliott wave theory with fibonacci.,business finance,all levels,2769,54,20,1.5,forex elliott wave theory with fibonacci. business finance all levels
998872,the actuarial profession basic sciences and principles,business finance,beginner level,1531,6,25,0.5833333333333334,the actuarial profession basic sciences and principles business finance beginner level
1023670,investing in stocks avoid stock market loss,business finance,beginner level,1136,12,125,1.0,investing in stocks avoid stock market loss business finance beginner level
571394,quickbooks online complete guide certification tips,business finance,all levels,2187,218,50,13.0,quickbooks online complete guide certification tips business finance all levels
637176,build financial models value companies the easy way,business finance,all levels,1609,137,20,1.0,build financial models value companies the easy way business finance all levels
677802,adventure capital how to pay off debt,business finance,beginner level,2895,56,20,1.0,adventure capital how to pay off debt business finance beginner level
1084642,chart patterns trading demystified,business finance,all levels,1023,8,200,2.5,chart patterns trading demystified business finance all levels
739390,financial planning analysis building a company s budget,business finance,all levels,1988,137,150,1.5,financial planning analysis building a company s budget business finance all levels
1134864,simple things you must know before start forex offer,business finance,beginner level,1053,20,200,0.7333333333333333,simple things you must know before start forex offer business finance beginner level
489146,practical finance,business finance,all levels,4497,281,20,1.0,practical finance business finance all levels
910650,forex trading comprehensive concise forex trading course,business finance,all levels,2379,33,160,3.5,forex trading comprehensive concise forex trading course business finance all levels
1079040,leaps options trading system diagonal leaps options spread,business finance,all levels,993,19,200,1.0,leaps options trading system diagonal leaps options spread business finance all levels
109622,finance ratios analysis interpretations,business finance,beginner level,10338,52,30,2.5,finance ratios analysis interpretations business finance beginner level
881378,forex trading learn to trade from scratch,business finance,beginner level,1423,103,20,1.5,forex trading learn to trade from scratch business finance beginner level
474150,technical analysis tools for stocks and options trading,business finance,all levels,3555,89,40,1.5,technical analysis tools for stocks and options trading business finance all levels
1046724,quantitative trading analysis with r,business finance,all levels,567,40,50,7.5,quantitative trading analysis with r business finance all levels
1095116,penny stocks king how 2 really trade penny stocks 6 hours,business finance,all levels,1085,17,200,6.0,penny stocks king how 2 really trade penny stocks 6 hours business finance all levels
233900,get started with penny stocks step by step guide to trading,business finance,all levels,7159,61,200,2.0,get started with penny stocks step by step guide to trading business finance all levels
116128,cpa 101 how to master affiliate marketing in no time,business finance,all levels,11517,92,100,1.5,cpa 101 how to master affiliate marketing in no time business finance all levels
1249164,corporate internal controls and fraud controls,business finance,intermediate level,1,0,50,2.0,corporate internal controls and fraud controls business finance intermediate level
877106,forex trading tactics that work,business finance,beginner level,10,1,20,0.6,forex trading tactics that work business finance beginner level
65105,professional risk manager prm certification level 2,business finance,all levels,41,1,50,7.5,professional risk manager prm certification level 2 business finance all levels
889066,trading options basics,business finance,beginner level,8,0,200,1.5,trading options basics business finance beginner level
28172,practical trading on financial futures options markets,business finance,beginner level,43,0,50,4.0,practical trading on financial futures options markets business finance beginner level
257996,bookkeeping made simple,business finance,beginner level,23,1,30,1.0,bookkeeping made simple business finance beginner level
811534,the visual learning basic accounting course,business finance,beginner level,9,0,20,1.0,the visual learning basic accounting course business finance beginner level
95176,chalktalk financial accounting,business finance,all levels,25,1,20,3.5,chalktalk financial accounting business finance all levels
880564,the 7 fundamentals to successful cashflow management,business finance,all levels,7,0,25,1.0,the 7 fundamentals to successful cashflow management business finance all levels
613944,how to trade options,business finance,intermediate level,12,1,45,0.7166666666666667,how to trade options business finance intermediate level
1208148,coaching course investment analysis for your clients,business finance,intermediate level,1,0,200,0.5666666666666667,coaching course investment analysis for your clients business finance intermediate level
24815,harnessing the power of growth stocks,business finance,intermediate level,29,2,50,2.0,harnessing the power of growth stocks business finance intermediate level
736836,the investment banking recruitment series,business finance,all levels,17,6,40,3.5,the investment banking recruitment series business finance all levels
462474,business banking 101,business finance,all levels,132,3,25,1.5,business banking 101 business finance all levels
73938,cfa level i workshop 2 financial reporting analysis i,business finance,all levels,126,2,20,1.0,cfa level i workshop 2 financial reporting analysis i business finance all levels
158444,breakout patterns workshop by pattern trader,business finance,all levels,32,6,60,1.5,breakout patterns workshop by pattern trader business finance all levels
577198,asset protection using offshore companies,business finance,all levels,480,3,20,1.0,asset protection using offshore companies business finance all levels
993160,get credit for your ein that s not linked to your ssn,business finance,beginner level,27,4,20,1.5,get credit for your ein that s not linked to your ssn business finance beginner level
233294,financial translation,business finance,beginner level,167,6,20,1.5,financial translation business finance beginner level
281844,how to pick stocks,business finance,all levels,131,3,20,1.5,how to pick stocks business finance all levels
1072156,binary beginners mastery strategy.,business finance,beginner level,927,8,0,1.0,binary beginners mastery strategy. business finance beginner level
607362,accounting 101 master class for understanding business,business finance,all levels,37,2,20,2.5,accounting 101 master class for understanding business business finance all levels
1069866,high frequency trading dark pools,business finance,beginner level,19,11,40,2.0,high frequency trading dark pools business finance beginner level
25794,how to crowdfund,business finance,all levels,43,6,30,1.5,how to crowdfund business finance all levels
387348,financial statement fundamentals for small biz investors,business finance,beginner level,751,1,30,3.0,financial statement fundamentals for small biz investors business finance beginner level
475912,master the stock market with practice,business finance,all levels,49,10,35,2.0,master the stock market with practice business finance all levels
332690,introduction to trade theory technical analysis for stocks,business finance,beginner level,45,4,20,1.0,introduction to trade theory technical analysis for stocks business finance beginner level
830870,forex trading for beginners technical trading,business finance,beginner level,1685,29,0,2.0,forex trading for beginners technical trading business finance beginner level
199822,ias 12 accounting for income taxes basics,business finance,all levels,4269,60,0,4.5,ias 12 accounting for income taxes basics business finance all levels
56058,surpassing your kickstarter goals,business finance,all levels,124,7,30,1.0,surpassing your kickstarter goals business finance all levels
587232,simple linear regression analysis a complete course,business finance,all levels,811,5,200,1.5,simple linear regression analysis a complete course business finance all levels
398798,forex learn to trade forex and fx consistently,business finance,all levels,956,4,50,5.5,forex learn to trade forex and fx consistently business finance all levels
130366,trading high roi trading,business finance,intermediate level,126,20,190,12.5,trading high roi trading business finance intermediate level
530430,fundraising 101,business finance,beginner level,26,4,95,1.0,fundraising 101 business finance beginner level
615204,professional bookkeeping accounting 2 bank daybook,business finance,all levels,91,6,35,2.0,professional bookkeeping accounting 2 bank daybook business finance all levels
441016,filing with companies house uk,business finance,all levels,30,5,30,1.0,filing with companies house uk business finance all levels
598722,build grow and protect your assets a step by step guide,business finance,all levels,226,26,195,3.5,build grow and protect your assets a step by step guide business finance all levels
1225674,the advantages of etf options and index options trading,business finance,intermediate level,52,3,60,1.0,the advantages of etf options and index options trading business finance intermediate level
1167536,learn to trade forex from beginner to professional,business finance,all levels,89,7,195,12.5,learn to trade forex from beginner to professional business finance all levels
979616,investing in stocks for big gains fundamental investing,business finance,all levels,267,11,200,2.0,investing in stocks for big gains fundamental investing business finance all levels
528488,introduction to equity markets,business finance,beginner level,4770,64,0,6.5,introduction to equity markets business finance beginner level
832832,beginners guide to ichimoku trading,business finance,all levels,265,16,20,1.0,beginners guide to ichimoku trading business finance all levels
256094,financial management ratio analysis,business finance,beginner level,2046,9,20,5.5,financial management ratio analysis business finance beginner level
975074,algotech hedge fund method for stock market trading,business finance,all levels,605,19,20,0.3166666666666666,algotech hedge fund method for stock market trading business finance all levels
436488,futures commodity trading,business finance,all levels,472,34,50,5.5,futures commodity trading business finance all levels
72644,complete claritas investment certificate,business finance,all levels,388,56,50,11.5,complete claritas investment certificate business finance all levels
980408,introduction to the economics of public services regulation,business finance,intermediate level,98,35,80,8.0,introduction to the economics of public services regulation business finance intermediate level
343886,accounting standard 3 an analysis,business finance,intermediate level,1888,6,25,1.0,accounting standard 3 an analysis business finance intermediate level
837322,essentials of money value get a financial life,business finance,all levels,0,0,20,0.6166666666666667,essentials of money value get a financial life business finance all levels
1157298,introduction to forex trading business for beginners,business finance,beginner level,0,0,20,1.5,introduction to forex trading business for beginners business finance beginner level
1282064,cryptocurrency btc eth investment trading course 2017,business finance,beginner level,0,0,20,2.5,cryptocurrency btc eth investment trading course 2017 business finance beginner level
1247992,introduction to project management for finance and acct g,business finance,beginner level,0,0,50,2.0,introduction to project management for finance and acct g business finance beginner level
1251582,best practices in corporate budgeting,business finance,intermediate level,0,0,50,2.0,best practices in corporate budgeting business finance intermediate level
1258666,financial statement auditing cycles,business finance,intermediate level,0,0,50,2.0,financial statement auditing cycles business finance intermediate level
1168172,case studies on credit appraisal for bankers,business finance,beginner level,0,0,20,3.5,case studies on credit appraisal for bankers business finance beginner level
1233314,building a balanced scorecard,business finance,intermediate level,0,0,50,2.0,building a balanced scorecard business finance intermediate level
1276182,options trading foundation your journey to competency...,business finance,intermediate level,0,0,95,1.0,options trading foundation your journey to competency... business finance intermediate level
1187084,forex how traders beat the markest with little experience,business finance,all levels,0,0,100,1.0,forex how traders beat the markest with little experience business finance all levels
1084454,cfa level 2 quantitative methods,business finance,all levels,0,0,40,5.5,cfa level 2 quantitative methods business finance all levels
885413,foundations of investing,business finance,beginner level,0,0,40,2.0,foundations of investing business finance beginner level
178602,capital market road map,business finance,all levels,495,47,50,4.0,capital market road map business finance all levels
601912,trading 5k challenge,business finance,intermediate level,375,10,55,1.0,trading 5k challenge business finance intermediate level
831170,currencyfair avoid bank charges when converting currencies,business finance,all levels,1730,34,0,0.6666666666666666,currencyfair avoid bank charges when converting currencies business finance all levels
327788,bitcoin a comprehensive guide,business finance,all levels,283,13,20,2.5,bitcoin a comprehensive guide business finance all levels
324656,forex trading,business finance,all levels,136,14,95,4.5,forex trading business finance all levels
1220862,the true secret sauce for stock market success,business finance,all levels,23,2,200,3.0,the true secret sauce for stock market success business finance all levels
403628,bookkeeping to command senior bookkeeping wages,business finance,all levels,683,16,55,4.5,bookkeeping to command senior bookkeeping wages business finance all levels
280842,take your career to the next level with mba finance,business finance,all levels,618,10,50,2.0,take your career to the next level with mba finance business finance all levels
306360,how to read financial statements build financial literacy.,business finance,beginner level,188,10,25,1.5,how to read financial statements build financial literacy. business finance beginner level
521234,accounting books of accounts college level,business finance,all levels,911,2,20,1.5,accounting books of accounts college level business finance all levels
327962,forex trading profitably,business finance,all levels,512,13,20,0.6666666666666666,forex trading profitably business finance all levels
790034,learn how to trade pump and dumps. 5 setups well explained.,business finance,all levels,769,10,50,2.0,learn how to trade pump and dumps. 5 setups well explained. business finance all levels
400976,bitcoin trading 101,business finance,all levels,302,6,95,2.0,bitcoin trading 101 business finance all levels
892446,visualizing data,business finance,intermediate level,149,2,40,6.5,visualizing data business finance intermediate level
322118,ifrs financial reporting,business finance,all levels,72,9,55,3.5,ifrs financial reporting business finance all levels
1029062,forex trading system correlation eur gbp vs gbp usd,business finance,intermediate level,33,4,50,1.0,forex trading system correlation eur gbp vs gbp usd business finance intermediate level
1048496,sap crystal reports master detail cross tab sub reports,business finance,all levels,13,1,50,2.0,sap crystal reports master detail cross tab sub reports business finance all levels
501502,learn financial accounting different,business finance,all levels,79,1,20,6.0,learn financial accounting different business finance all levels
74004,cfa level i workshop 4 fixed income and equity,business finance,all levels,139,3,20,1.5,cfa level i workshop 4 fixed income and equity business finance all levels
226084,ias37 provisions contingents liabilities assets,business finance,all levels,2247,53,0,4.0,ias37 provisions contingents liabilities assets business finance all levels
968056,what you should know to become a trader,business finance,all levels,17,2,125,1.5,what you should know to become a trader business finance all levels
1107904,financial reporting a comprehensive study,business finance,all levels,45,1,50,8.0,financial reporting a comprehensive study business finance all levels
691180,an abundance mindset how to craft yours,business finance,beginner level,33,4,50,4.5,an abundance mindset how to craft yours business finance beginner level
843536,forex trading profit 183 p.a trend is our friend algotrend,business finance,all levels,54,11,120,0.6,forex trading profit 183 p.a trend is our friend algotrend business finance all levels
532836,how to build a massive retirement plan from scratch,business finance,beginner level,1498,30,200,2.0,how to build a massive retirement plan from scratch business finance beginner level
493014,financial modeling build a forward looking financial model,business finance,all levels,2317,44,20,2.0,financial modeling build a forward looking financial model business finance all levels
955748,trading for beginners entry level,business finance,beginner level,5077,256,0,1.5,trading for beginners entry level business finance beginner level
49798,bitcoin or how i learned to stop worrying and love crypto,business finance,all levels,65576,936,0,8.0,bitcoin or how i learned to stop worrying and love crypto business finance all levels
429662,trend following stocks a complete trading system,business finance,expert level,1202,76,95,3.5,trend following stocks a complete trading system business finance expert level
97338,forex basics,business finance,beginner level,22344,712,0,3.5,forex basics business finance beginner level
510178,accounting bank reconciliation statement college level,business finance,all levels,2189,4,20,1.5,accounting bank reconciliation statement college level business finance all levels
1002282,bitcoin ethereum trading watch me manage my own account,business finance,all levels,431,58,165,2.5,bitcoin ethereum trading watch me manage my own account business finance all levels
706670,forex learn technical analysis,business finance,all levels,1199,37,200,18.0,forex learn technical analysis business finance all levels
275294,fasttrack to stock trading strategies,business finance,all levels,5685,5,25,3.5,fasttrack to stock trading strategies business finance all levels
594936,algorithmic futures trading investing with no experience,business finance,all levels,1512,23,195,1.5,algorithmic futures trading investing with no experience business finance all levels
521342,succeed in forex even if you don t know where to start,business finance,beginner level,1806,38,200,19.5,succeed in forex even if you don t know where to start business finance beginner level
828740,hedge fund accounting and valuation,business finance,all levels,668,10,20,0.5666666666666667,hedge fund accounting and valuation business finance all levels
501960,binary forex stock and bitcoin trading strategy,business finance,all levels,3757,70,0,0.6166666666666667,binary forex stock and bitcoin trading strategy business finance all levels
486240,2 easy steps to investment and avoiding traps,business finance,all levels,828,1,20,1.0,2 easy steps to investment and avoiding traps business finance all levels
869652,ethereum course for investors,business finance,all levels,111,20,40,1.0,ethereum course for investors business finance all levels
1095700,using xero for your bookkeeping needs do beautiful business,business finance,beginner level,39,6,95,1.0,using xero for your bookkeeping needs do beautiful business business finance beginner level
169662,capital market immersion,business finance,all levels,613,33,195,24.5,capital market immersion business finance all levels
1041522,forex trading rsi indicator a secret weapon,business finance,all levels,57,13,95,1.5,forex trading rsi indicator a secret weapon business finance all levels
657130,trading mindset and three steps to profitable trading,business finance,beginner level,246,8,20,1.5,trading mindset and three steps to profitable trading business finance beginner level
774570,professional bookkeeping accounting 4 trial balance more,business finance,all levels,83,8,35,1.0,professional bookkeeping accounting 4 trial balance more business finance all levels
1078520,internal controls design implementation and monitoring,business finance,beginner level,62,6,195,6.5,internal controls design implementation and monitoring business finance beginner level
999262,forex online live trading system special offer,business finance,all levels,31,8,200,5.5,forex online live trading system special offer business finance all levels
100526,winning options trading system,business finance,all levels,367,11,105,7.5,winning options trading system business finance all levels
513046,learn the abc s of investing and understanding true financial value,business finance,all levels,3,0,20,1.5,learn the abc s of investing and understanding true financial value business finance all levels
309854,how to invest in russian equity market,business finance,intermediate level,3,0,30,1.5,how to invest in russian equity market business finance intermediate level
580068,handle difficult questions the bank manager will ask you,business finance,all levels,2,0,20,1.0,handle difficult questions the bank manager will ask you business finance all levels
304410,credit control procedures,business finance,all levels,3,0,20,0.5666666666666667,credit control procedures business finance all levels
782256,fmt forex market trader certificate,business finance,all levels,1,0,20,2.0,fmt forex market trader certificate business finance all levels
826912,six stage negotiation,business finance,all levels,1,0,30,2.5,six stage negotiation business finance all levels
313512,financial reporting fundamentals basics,business finance,beginner level,2,0,20,2.5,financial reporting fundamentals basics business finance beginner level
759262,decide whether to invest in a business,business finance,beginner level,1,0,20,1.0,decide whether to invest in a business business finance beginner level
359926,uk tax returns with hmrc,business finance,beginner level,2,0,40,1.0,uk tax returns with hmrc business finance beginner level
591724,financial market environment investment strategies,business finance,all levels,1,0,105,1.5,financial market environment investment strategies business finance all levels
533458,how to obtain a business loan,business finance,all levels,1,1,20,0.5666666666666667,how to obtain a business loan business finance all levels
1064904,evolution and features of etfs,business finance,all levels,0,0,100,0.7166666666666667,evolution and features of etfs business finance all levels
484134,cost accounting operating costing professional course level,business finance,all levels,731,2,20,1.0,cost accounting operating costing professional course level business finance all levels
1046940,trade rsi breakout strategy great risk reward ratio forex,business finance,all levels,66,12,200,2.0,trade rsi breakout strategy great risk reward ratio forex business finance all levels
1107954,day trading strategy for all level with 72 success rate,business finance,all levels,51,9,95,0.5333333333333333,day trading strategy for all level with 72 success rate business finance all levels
455452,accounting finance and banking a comprehensive study,business finance,all levels,507,36,180,33.0,accounting finance and banking a comprehensive study business finance all levels
1263966,advanced technical analysis part1,business finance,intermediate level,9,1,100,3.0,advanced technical analysis part1 business finance intermediate level
658766,advanced financial management for ca cs cfa cpa exams,business finance,all levels,375,15,150,24.5,advanced financial management for ca cs cfa cpa exams business finance all levels
927442,learn the foundations of stocks and options,business finance,beginner level,80,18,50,7.5,learn the foundations of stocks and options business finance beginner level
972126,forex trading masterclass learn to trade better,business finance,all levels,152,7,200,3.0,forex trading masterclass learn to trade better business finance all levels
1031696,introduction to accounting analyzing financial statements,business finance,intermediate level,37,15,60,1.0,introduction to accounting analyzing financial statements business finance intermediate level
742106,credit risk analysis,business finance,intermediate level,194,24,20,3.5,credit risk analysis business finance intermediate level
355374,fund flow analysis for ca cfa cpa exams,business finance,intermediate level,1184,2,25,1.5,fund flow analysis for ca cfa cpa exams business finance intermediate level
529828,python for trading investing,business finance,all levels,638,25,95,5.0,python for trading investing business finance all levels
538560,stocks for beginners a guide to investing,business finance,beginner level,64,15,20,1.0,stocks for beginners a guide to investing business finance beginner level
994666,intro to impact investing,business finance,beginner level,44,4,200,0.5333333333333333,intro to impact investing business finance beginner level
389108,stock market swing trading strategies for wall street,business finance,all levels,814,9,50,1.0,stock market swing trading strategies for wall street business finance all levels
38456,essential options strategies for mastering the stock market,business finance,intermediate level,211,9,50,5.0,essential options strategies for mastering the stock market business finance intermediate level
282050,the day trader learn to trade the stock market and forex,business finance,all levels,768,23,20,10.5,the day trader learn to trade the stock market and forex business finance all levels
607800,introduction to the world of equity finance,business finance,all levels,29,9,20,2.0,introduction to the world of equity finance business finance all levels
832410,stock technical analysis with excel,business finance,all levels,156,16,50,7.0,stock technical analysis with excel business finance all levels
779000,beginners forex strategy,business finance,beginner level,2144,47,0,1.0,beginners forex strategy business finance beginner level
180372,mortgage backed securities,business finance,all levels,376,29,50,3.5,mortgage backed securities business finance all levels
429952,the complete financial model builder course build 7 models,business finance,all levels,214,20,75,9.0,the complete financial model builder course build 7 models business finance all levels
172898,fundamental financial math,business finance,all levels,406,13,50,2.5,fundamental financial math business finance all levels
180360,equity swaps,business finance,all levels,394,25,50,3.0,equity swaps business finance all levels
713416,proven methods in trading candlestick patterns,business finance,all levels,438,10,75,1.5,proven methods in trading candlestick patterns business finance all levels
407658,read financial statements as a stock investor,business finance,beginner level,56,8,20,2.0,read financial statements as a stock investor business finance beginner level
572992,investing how to fix hidden flaws inside your portfolio,business finance,all levels,58,8,195,1.0,investing how to fix hidden flaws inside your portfolio business finance all levels
192724,certificate program in financial accounting,business finance,all levels,1047,3,50,4.5,certificate program in financial accounting business finance all levels
469526,trading biotech stocks understanding the healthcare sector,business finance,all levels,166,17,55,1.5,trading biotech stocks understanding the healthcare sector business finance all levels
854764,indian contract act 1872 must for all finance professionals,business finance,all levels,605,3,20,1.0,indian contract act 1872 must for all finance professionals business finance all levels
754524,fundraising success the art science of major gifts,business finance,intermediate level,38,9,50,2.5,fundraising success the art science of major gifts business finance intermediate level
851288,smart trading techniques for safe consistent weekly result,business finance,intermediate level,46,11,100,2.5,smart trading techniques for safe consistent weekly result business finance intermediate level
363058,technical trading and investing made easy,business finance,intermediate level,217,7,40,1.5,technical trading and investing made easy business finance intermediate level
700080,budgeting for business,business finance,all levels,78,22,40,2.5,budgeting for business business finance all levels
637452,complete guide to business loans,business finance,beginner level,35,4,30,1.5,complete guide to business loans business finance beginner level
360916,hot trading investing strategy etf and futures,business finance,all levels,80,10,50,2.5,hot trading investing strategy etf and futures business finance all levels
375594,financial management a complete study,business finance,all levels,1941,128,190,71.5,financial management a complete study business finance all levels
703770,mql4 programming for traders build robust trading robots,business finance,all levels,1367,33,195,7.0,mql4 programming for traders build robust trading robots business finance all levels
602032,ultimate stock market investing learn how to value stocks,business finance,all levels,1519,40,50,3.5,ultimate stock market investing learn how to value stocks business finance all levels
475032,collection of advanced options concepts for options traders,business finance,expert level,2025,34,40,1.0,collection of advanced options concepts for options traders business finance expert level
925854,no bull investing investing 101 for financial freedom,business finance,beginner level,1213,12,100,6.5,no bull investing investing 101 for financial freedom business finance beginner level
895936,financial modeling build your own 3 statement projection,business finance,beginner level,1092,48,20,1.0,financial modeling build your own 3 statement projection business finance beginner level
399170,small business owners drive a productive business and grow,business finance,beginner level,5099,2,20,3.0,small business owners drive a productive business and grow business finance beginner level
593460,successful day trading with fibonacci,business finance,all levels,869,135,200,2.0,successful day trading with fibonacci business finance all levels
1225564,short straddles exploit earnings option volatility crush,business finance,expert level,59,8,60,0.5833333333333334,short straddles exploit earnings option volatility crush business finance expert level
774174,bitcoin for beginners your quick start guide to bitcoin,business finance,all levels,10670,444,0,1.0,bitcoin for beginners your quick start guide to bitcoin business finance all levels
294292,technical analysis 101 ten primary candlestick reversals,business finance,all levels,1741,85,95,7.0,technical analysis 101 ten primary candlestick reversals business finance all levels
189160,financial analysis a recipe for success,business finance,all levels,19614,635,0,1.5,financial analysis a recipe for success business finance all levels
1000136,basics of fixed income valuation cfa level i 2017 prep,business finance,beginner level,4,0,20,3.5,basics of fixed income valuation cfa level i 2017 prep business finance beginner level
1232382,intro to financial statement audits,business finance,intermediate level,1,0,50,1.5,intro to financial statement audits business finance intermediate level
1058530,how to get growing passive income from the fortune 500,business finance,all levels,4,0,25,1.0,how to get growing passive income from the fortune 500 business finance all levels
994118,managing budgets in the public and non profit sector,business finance,all levels,4,0,95,2.0,managing budgets in the public and non profit sector business finance all levels
621014,system of asset management for professionals samp,business finance,expert level,8,1,50,1.0,system of asset management for professionals samp business finance expert level
673750,how to invest in forex trading add an additional income,business finance,all levels,8,2,50,2.0,how to invest in forex trading add an additional income business finance all levels
390510,tax made simple for limited company owners and contractors,business finance,all levels,11,0,50,3.0,tax made simple for limited company owners and contractors business finance all levels
282044,introduction to the 8 pillars for accountants,business finance,beginner level,18,0,20,0.6166666666666667,introduction to the 8 pillars for accountants business finance beginner level
118836,fx trading for beginners,business finance,all levels,16,0,20,1.5,fx trading for beginners business finance all levels
849632,write a successful business grant proposal,business finance,beginner level,6,0,20,2.5,write a successful business grant proposal business finance beginner level
904240,a guide to trade binary options like an expert,business finance,all levels,4,0,55,1.0,a guide to trade binary options like an expert business finance all levels
1165780,ratio analysis for bankers and credit analysts,business finance,beginner level,1,0,20,3.0,ratio analysis for bankers and credit analysts business finance beginner level
304424,numbers for the business plan,business finance,all levels,210,1,20,1.5,numbers for the business plan business finance all levels
1246684,dash crypto currency technical and trading overview bootcamp,business finance,all levels,4,1,20,1.0,dash crypto currency technical and trading overview bootcamp business finance all levels
591880,1 concepts of statistics for beginners step by step,business finance,beginner level,273,4,200,0.5166666666666666,1 concepts of statistics for beginners step by step business finance beginner level
155616,4. ordinary simple annuities the basics,business finance,all levels,237,1,20,1.5,4. ordinary simple annuities the basics business finance all levels
1185936,الدروس التعليمية لسوق الفوركس والأسواق المالية الأخرى,business finance,all levels,368,3,0,20.5,الدروس التعليمية لسوق الفوركس والأسواق المالية الأخرى business finance all levels
65802,financial risk manager frm certification level ii,business finance,all levels,86,7,50,47.0,financial risk manager frm certification level ii business finance all levels
229360,level 1 2014 cfa program corporate finance,business finance,all levels,204,1,40,3.0,level 1 2014 cfa program corporate finance business finance all levels
159388,3. compound interest,business finance,all levels,570,2,20,2.0,3. compound interest business finance all levels
172298,8. amortization schedules,business finance,all levels,225,1,20,1.0,8. amortization schedules business finance all levels
570996,finance fundamentals for non finance leaders,business finance,all levels,37,7,20,1.0,finance fundamentals for non finance leaders business finance all levels
944594,strategy layout and backtesting,business finance,expert level,36,2,200,4.0,strategy layout and backtesting business finance expert level
81064,easy forex and futures trading,business finance,all levels,218,5,100,14.5,easy forex and futures trading business finance all levels
364034,finanzas y análisis financiero manejo seguro de negocios,business finance,beginner level,50,18,20,1.5,finanzas y análisis financiero manejo seguro de negocios business finance beginner level
119276,aprende a hacer paper trading simulación con ninja trader,business finance,beginner level,148,3,25,1.5,aprende a hacer paper trading simulación con ninja trader business finance beginner level
753610,trading mit kleinen konten grundlagen die du kennen musst,business finance,beginner level,74,4,80,3.5,trading mit kleinen konten grundlagen die du kennen musst business finance beginner level
616564,entiende la contabilidad y consigue un aumento de salario,business finance,beginner level,260,18,20,1.5,entiende la contabilidad y consigue un aumento de salario business finance beginner level
596026,trade for profit find trade stocks successfully arabic عربي,business finance,all levels,299,5,95,2.5,trade for profit find trade stocks successfully arabic عربي business finance all levels
1264512,trading forex l analyse des volumes,business finance,all levels,4,3,70,2.0,trading forex l analyse des volumes business finance all levels
499504,disminuye deudas en tu hogar en menos de 30 días,business finance,beginner level,65,3,20,1.5,disminuye deudas en tu hogar en menos de 30 días business finance beginner level
903326,cpa 10 completo,business finance,all levels,101,25,25,5.0,cpa 10 completo business finance all levels
412108,trading intradiario basado en precio y volumen,business finance,intermediate level,92,15,40,1.5,trading intradiario basado en precio y volumen business finance intermediate level
865630,aprenda cálculo financeiro de forma simples,business finance,all levels,76,14,20,2.0,aprenda cálculo financeiro de forma simples business finance all levels
1210062,wie funktionieren bitcoin ein einführungskurs.,business finance,beginner level,14,4,20,0.6166666666666667,wie funktionieren bitcoin ein einführungskurs. business finance beginner level
1180960,estruturação financeira,business finance,all levels,18,3,45,3.5,estruturação financeira business finance all levels
660846,five steps to becoming a winner in stock investing,business finance,all levels,21,1,20,3.0,five steps to becoming a winner in stock investing business finance all levels
829206,financial accounting plus excel and sap crash course.,business finance,beginner level,18,2,20,1.0,financial accounting plus excel and sap crash course. business finance beginner level
385604,introduction to financial consolidation under ifrs,business finance,all levels,21,3,25,1.5,introduction to financial consolidation under ifrs business finance all levels
302468,how to read a profit loss account and balance sheet,business finance,all levels,49,10,20,2.0,how to read a profit loss account and balance sheet business finance all levels
331600,learn bookkeeping from scratch,business finance,all levels,168,2,20,3.0,learn bookkeeping from scratch business finance all levels
557436,acca ma1 management information,business finance,beginner level,16,1,50,3.5,acca ma1 management information business finance beginner level
1162656,introduction to bitcoin for beginners,business finance,beginner level,2,1,20,0.5666666666666667,introduction to bitcoin for beginners business finance beginner level
389834,stock trading ultimate guide to swing trading stocks,business finance,all levels,336,6,200,0.6833333333333333,stock trading ultimate guide to swing trading stocks business finance all levels
304414,bookkeeping systems,business finance,all levels,20,1,20,1.0,bookkeeping systems business finance all levels
55136,precious metal equities,business finance,all levels,28,1,20,1.0,precious metal equities business finance all levels
619792,start now a rescue plan for retirement late savers,business finance,all levels,11,1,150,0.65,start now a rescue plan for retirement late savers business finance all levels
505144,eu funding module 2 introduction to horizon 2020,business finance,intermediate level,11,1,20,1.0,eu funding module 2 introduction to horizon 2020 business finance intermediate level
688244,how i make money writing about stocks online,business finance,beginner level,360,24,195,2.5,how i make money writing about stocks online business finance beginner level
642060,tradeonomics four steps to mastering economic indicators,business finance,all levels,1189,13,20,4.0,tradeonomics four steps to mastering economic indicators business finance all levels
114518,improve your financial literacy,business finance,all levels,9995,96,0,2.0,improve your financial literacy business finance all levels
1050168,forex trading power of moving averages,business finance,all levels,100,24,200,4.0,forex trading power of moving averages business finance all levels
666910,demystifying your personal tax return,business finance,beginner level,3426,27,0,1.0,demystifying your personal tax return business finance beginner level
158830,samuel and co trading stock forex trading,business finance,all levels,592,109,50,5.5,samuel and co trading stock forex trading business finance all levels
577256,accounting department s tips tricks beginner to advanced,business finance,all levels,1222,14,95,6.0,accounting department s tips tricks beginner to advanced business finance all levels
192576,certificate program in management accounting,business finance,all levels,1532,7,50,6.0,certificate program in management accounting business finance all levels
662450,how i trade forex successfully,business finance,all levels,5768,109,0,1.5,how i trade forex successfully business finance all levels
312834,professional trading with institutional supply demand,business finance,all levels,343,84,200,5.5,professional trading with institutional supply demand business finance all levels
44319,master calendar spreads with this live trade on gold gld,business finance,expert level,540,44,60,1.0,master calendar spreads with this live trade on gold gld business finance expert level
174800,accounting 101 guide to business accounting,business finance,beginner level,2031,15,50,14.5,accounting 101 guide to business accounting business finance beginner level
1179546,an introduction to financial markets on wall street,business finance,all levels,7,1,30,2.0,an introduction to financial markets on wall street business finance all levels
1239206,win 90 of trades quantitative investments models in excel,business finance,beginner level,4,1,200,1.5,win 90 of trades quantitative investments models in excel business finance beginner level
1149564,the forex pivot points trading strategy,business finance,all levels,21,2,20,2.0,the forex pivot points trading strategy business finance all levels
79364,your business by the numbers,business finance,all levels,29,2,25,3.0,your business by the numbers business finance all levels
917172,forex trade gartley with precision complete strategy,business finance,all levels,50,1,20,1.5,forex trade gartley with precision complete strategy business finance all levels
1276364,bitcoin ethereum course 2 course bundle,business finance,all levels,1,0,200,2.5,bitcoin ethereum course 2 course bundle business finance all levels
1237912,create trading robot without coding skills,business finance,all levels,5,0,145,1.0,create trading robot without coding skills business finance all levels
531710,accounting and the triple bottom line,business finance,intermediate level,6,2,30,0.55,accounting and the triple bottom line business finance intermediate level
1021760,mql5 beginner to expert,business finance,beginner level,16,1,45,1.5,mql5 beginner to expert business finance beginner level
193916,how to be a high performance insurance broker part 2,business finance,all levels,70,3,40,2.0,how to be a high performance insurance broker part 2 business finance all levels
74016,cfa level i workshop 5 corp finance quants ii derivative,business finance,all levels,110,1,20,1.0,cfa level i workshop 5 corp finance quants ii derivative business finance all levels
1073430,xero bookkeeping course certification by accounting firm,business finance,beginner level,7,3,20,2.0,xero bookkeeping course certification by accounting firm business finance beginner level
834606,trading news using binary options,business finance,all levels,1186,16,145,1.5,trading news using binary options business finance all levels
629060,trading trends in any market,business finance,all levels,632,49,30,2.0,trading trends in any market business finance all levels
698278,financial statements analysis learn to invest like a pro,business finance,beginner level,1237,54,50,2.5,financial statements analysis learn to invest like a pro business finance beginner level
975414,contango vxx etf options trading double your investment,business finance,all levels,513,20,200,1.0,contango vxx etf options trading double your investment business finance all levels
112296,mergers and acquisitions m a essentials you need to know,business finance,beginner level,4103,19,95,1.0,mergers and acquisitions m a essentials you need to know business finance beginner level
536166,trading market map,business finance,all levels,1489,32,45,3.5,trading market map business finance all levels
718338,how to confidently join the bitcoin revolution,business finance,beginner level,547,98,45,7.0,how to confidently join the bitcoin revolution business finance beginner level
996612,high probability trading across any market stocks forex,business finance,all levels,353,27,95,18.5,high probability trading across any market stocks forex business finance all levels
941120,option trading for rookies make manage profitable trades,business finance,all levels,507,19,95,2.0,option trading for rookies make manage profitable trades business finance all levels
498488,your first successful forex trades with case studies,business finance,all levels,1079,34,200,2.5,your first successful forex trades with case studies business finance all levels
364566,mca accountancy and financial management paper mcs 35 ignou,business finance,all levels,3667,4,180,43.5,mca accountancy and financial management paper mcs 35 ignou business finance all levels
600316,high frequency trading #1 basics history strategies,business finance,all levels,2222,24,50,0.6,high frequency trading #1 basics history strategies business finance all levels
1136912,financial accounting the ultimate beginner course,business finance,beginner level,9,2,100,10.0,financial accounting the ultimate beginner course business finance beginner level
239416,level 1 2014 cfa program derivatives,business finance,all levels,225,2,40,2.5,level 1 2014 cfa program derivatives business finance all levels
722274,the complete investing guide how to beat wall street,business finance,all levels,13,3,50,5.5,the complete investing guide how to beat wall street business finance all levels
201942,bitcoins past present future,business finance,beginner level,373,3,20,1.5,bitcoins past present future business finance beginner level
355798,learn accounting by specific examples part 1,business finance,all levels,306,0,50,0.6333333333333333,learn accounting by specific examples part 1 business finance all levels
702800,forex presentation and analysis fundamental technical,business finance,beginner level,14,3,50,1.5,forex presentation and analysis fundamental technical business finance beginner level
425126,year end quickbooks procedures,business finance,beginner level,51,2,20,2.0,year end quickbooks procedures business finance beginner level
1013838,price action gap trading strategies,business finance,intermediate level,13,2,20,1.0,price action gap trading strategies business finance intermediate level
867682,how to start a successful career in finance,business finance,all levels,1318,7,0,2.0,how to start a successful career in finance business finance all levels
239268,level 1 2014 cfa program equity investments,business finance,all levels,347,0,40,4.5,level 1 2014 cfa program equity investments business finance all levels
361286,wealth management,business finance,all levels,274,1,30,3.5,wealth management business finance all levels
1036456,basics of private equity,business finance,intermediate level,9,2,60,0.6666666666666666,basics of private equity business finance intermediate level
617976,curso completo del mercado forex,business finance,all levels,359,86,200,5.5,curso completo del mercado forex business finance all levels
196620,como investir em ações para iniciantes,business finance,all levels,6024,890,0,1.0,como investir em ações para iniciantes business finance all levels
667332,robots de forex espere ganar 175 p.a incluye robot de fx,business finance,all levels,315,49,130,5.0,robots de forex espere ganar 175 p.a incluye robot de fx business finance all levels
639126,６時間でインターバンク市場を攻略 最短距離でトレード基礎力,business finance,all levels,280,40,35,4.0,６時間でインターバンク市場を攻略 最短距離でトレード基礎力 business finance all levels
53211,matemática financeira de um jeito fácil,business finance,all levels,401,67,95,1.5,matemática financeira de um jeito fácil business finance all levels
212952,ビットコイン生態系 既存通貨が主役をやめる日,business finance,beginner level,701,55,20,1.5,ビットコイン生態系 既存通貨が主役をやめる日 business finance beginner level
1151398,trading forex trader avec les figures harmoniques,business finance,beginner level,57,11,90,2.0,trading forex trader avec les figures harmoniques business finance beginner level
1016420,введение в финансовую инженерию,business finance,beginner level,205,20,50,5.0,введение в финансовую инженерию business finance beginner level
1178820,aprenda a investir no tesouro direto passo a passo,business finance,all levels,62,10,35,1.0,aprenda a investir no tesouro direto passo a passo business finance all levels
881778,資産運用の基礎を学ぶファイナンス入門,business finance,beginner level,114,13,20,4.0,資産運用の基礎を学ぶファイナンス入門 business finance beginner level
173462,aprende a invertir y deja que tu dinero trabaje para ti,business finance,all levels,789,68,145,14.0,aprende a invertir y deja que tu dinero trabaje para ti business finance all levels
648174,buchführung lernen leicht gemacht,business finance,beginner level,446,39,40,5.0,buchführung lernen leicht gemacht business finance beginner level
517466,day trading high roi day trading,business finance,intermediate level,17,2,150,6.5,day trading high roi day trading business finance intermediate level
304422,flow management and forecasting,business finance,all levels,16,2,20,1.0,flow management and forecasting business finance all levels
177214,an introduction to management of portfolios mop,business finance,beginner level,117,15,20,1.5,an introduction to management of portfolios mop business finance beginner level
73898,cfa level i workshop 1 ethics and quantitative methods,business finance,all levels,147,4,20,1.0,cfa level i workshop 1 ethics and quantitative methods business finance all levels
671548,accounting basics 101 for understanding business,business finance,all levels,7,2,20,1.0,accounting basics 101 for understanding business business finance all levels
504620,mortgage acceleration,business finance,all levels,247,2,20,1.5,mortgage acceleration business finance all levels
98706,stock market for beginners. learn to trade,business finance,all levels,143,15,35,3.5,stock market for beginners. learn to trade business finance all levels
364428,cfa corporate finance level 1 part 1,business finance,all levels,621,1,180,14.5,cfa corporate finance level 1 part 1 business finance all levels
560472,trading tips from hedge fund manager,business finance,all levels,6,2,50,1.0,trading tips from hedge fund manager business finance all levels
682986,effective debt collection strategies,business finance,intermediate level,5,2,40,1.5,effective debt collection strategies business finance intermediate level
270844,ias 1 presentation of financial statements,business finance,all levels,2674,81,0,1.0,ias 1 presentation of financial statements business finance all levels
507600,stock trading strategies using a d.a.r.t.,business finance,all levels,227,3,20,1.0,stock trading strategies using a d.a.r.t. business finance all levels
363078,capital structuring techiques for ca cfa cpa exams,business finance,intermediate level,4480,12,125,7.0,capital structuring techiques for ca cfa cpa exams business finance intermediate level
933394,the complete guide to forex trading,business finance,all levels,1329,12,20,5.0,the complete guide to forex trading business finance all levels
1090408,learn how to trade binary options professionally,business finance,all levels,5144,169,0,1.0,learn how to trade binary options professionally business finance all levels
707688,learn how to start small and make it big in small cap stocks,business finance,beginner level,2635,13,50,2.0,learn how to start small and make it big in small cap stocks business finance beginner level
544176,trading strategies with common sense technical analysis,business finance,all levels,1750,71,75,3.0,trading strategies with common sense technical analysis business finance all levels
392478,startup business how to raise seed capital,business finance,all levels,3360,12,95,3.0,startup business how to raise seed capital business finance all levels
613422,business economics basics college level,business finance,all levels,3425,10,50,4.0,business economics basics college level business finance all levels
316750,technical analysis 101 master the basics of trading,business finance,all levels,2688,61,95,2.0,technical analysis 101 master the basics of trading business finance all levels
884658,investing in stocks master the art of covered calls selling,business finance,all levels,1095,17,80,3.0,investing in stocks master the art of covered calls selling business finance all levels
735550,how to trade binary options effectively all levels,business finance,all levels,1680,39,195,1.0,how to trade binary options effectively all levels business finance all levels
770486,stock market the zero risk way of investing,business finance,beginner level,2046,14,25,0.6333333333333333,stock market the zero risk way of investing business finance beginner level
543212,forex trading using professional indicators by top traders,business finance,all levels,1699,40,200,3.5,forex trading using professional indicators by top traders business finance all levels
804298,corporate finance 101 equity valuation,business finance,all levels,1071,14,50,6.0,corporate finance 101 equity valuation business finance all levels
707054,trading strategies find the trading strategy that fits you,business finance,all levels,1037,3,20,2.0,trading strategies find the trading strategy that fits you business finance all levels
964828,forex trading learn an effective forex trading strategy,business finance,all levels,223,34,95,1.5,forex trading learn an effective forex trading strategy business finance all levels
298522,navigate the 10 k and other financial reports,business finance,all levels,653,55,40,2.5,navigate the 10 k and other financial reports business finance all levels
1196728,from 0 to 1 investments and portfolio theory,business finance,beginner level,230,0,50,4.5,from 0 to 1 investments and portfolio theory business finance beginner level
255170,bitcoin the complete guide,business finance,all levels,2281,12,20,5.5,bitcoin the complete guide business finance all levels
40670,professional trader s mindset complete forex course,business finance,all levels,4702,17,50,1.0,professional trader s mindset complete forex course business finance all levels
737832,bitcoin peer investing how to generate double digit returns,business finance,all levels,366,45,25,2.5,bitcoin peer investing how to generate double digit returns business finance all levels
240256,forex breakout profits the definitive guide,business finance,all levels,521,60,25,2.5,forex breakout profits the definitive guide business finance all levels
931626,learn to trade with fibonacci tools,business finance,intermediate level,252,45,30,4.0,learn to trade with fibonacci tools business finance intermediate level
663022,investing internationally into real estate stocks and bonds,business finance,all levels,1101,14,200,2.0,investing internationally into real estate stocks and bonds business finance all levels
1196816,from 0 to 1 bond theory and valuation,business finance,beginner level,223,2,50,4.0,from 0 to 1 bond theory and valuation business finance beginner level
202290,stock market mastery,business finance,all levels,135,2,20,7.5,stock market mastery business finance all levels
690546,uk self assessment tax return filing online,business finance,all levels,23,7,20,0.4666666666666667,uk self assessment tax return filing online business finance all levels
560218,introduction to financial statements,business finance,beginner level,112,1,40,1.5,introduction to financial statements business finance beginner level
253810,ias 8 accounting policies changes in accounting estimates,business finance,all levels,2122,30,0,2.5,ias 8 accounting policies changes in accounting estimates business finance all levels
420926,cfa level 1 2014 financial reporting and analysis,business finance,all levels,152,2,50,10.0,cfa level 1 2014 financial reporting and analysis business finance all levels
382824,investment banking operations securities trade life cycle,business finance,all levels,267,9,30,2.0,investment banking operations securities trade life cycle business finance all levels
73046,cfa level i foundation course introduction to quants,business finance,beginner level,155,4,50,5.0,cfa level i foundation course introduction to quants business finance beginner level
73860,financial risk manager frm certification level i,business finance,all levels,87,25,50,24.0,financial risk manager frm certification level i business finance all levels
191588,ias 10 events after reporting date,business finance,all levels,2146,35,0,1.0,ias 10 events after reporting date business finance all levels
665866,investment portfolio analysis with excel,business finance,all levels,154,7,50,9.0,investment portfolio analysis with excel business finance all levels
73068,introduction to the cfa program,business finance,beginner level,4248,66,0,1.0,introduction to the cfa program business finance beginner level
252950,chartered financial analyst cfa level 1 fra,business finance,beginner level,517,5,30,14.5,chartered financial analyst cfa level 1 fra business finance beginner level
760990,excel 4 accounting bookkeeping master lookup functions,business finance,all levels,2638,140,35,1.0,excel 4 accounting bookkeeping master lookup functions business finance all levels
874312,cashflow management for small businesses a how to guide,business finance,all levels,2914,11,25,0.6166666666666667,cashflow management for small businesses a how to guide business finance all levels
373716,forex basics professional course level,business finance,all levels,6050,34,20,1.5,forex basics professional course level business finance all levels
1275790,advanced butterfly spreads for options income strategies,business finance,expert level,16,1,60,1.0,advanced butterfly spreads for options income strategies business finance expert level
836926,the holy grail of auto trading forex futures stocks revealed,business finance,all levels,3917,45,50,1.0,the holy grail of auto trading forex futures stocks revealed business finance all levels
1131122,ipo fundamentals,business finance,beginner level,1122,13,20,1.0,ipo fundamentals business finance beginner level
595258,finance for non finance learn quick and easy,business finance,beginner level,4158,51,20,2.5,finance for non finance learn quick and easy business finance beginner level
1269590,advanced options trading course,business finance,intermediate level,1252,2,40,0.5333333333333333,advanced options trading course business finance intermediate level
611420,statistics measures of dispersion for ca cs cfa exams,business finance,all levels,5108,9,20,1.0,statistics measures of dispersion for ca cs cfa exams business finance all levels
941990,work from home online part full trade forex 4 beginners,business finance,beginner level,2981,23,45,1.0,work from home online part full trade forex 4 beginners business finance beginner level
1119920,financial ratios using excel,business finance,beginner level,1223,14,100,1.0,financial ratios using excel business finance beginner level
256200,how to start trading penny stocks in 10 easy steps 2017,business finance,all levels,7750,58,50,1.5,how to start trading penny stocks in 10 easy steps 2017 business finance all levels
207166,how to copy the best traders on etoro,business finance,all levels,564,9,90,3.5,how to copy the best traders on etoro business finance all levels
390472,how to set up a limited company in the uk,business finance,beginner level,2075,69,0,0.7333333333333333,how to set up a limited company in the uk business finance beginner level
575476,forex trading made simple,business finance,all levels,45,4,100,1.5,forex trading made simple business finance all levels
460652,financial and business simulation with microsoft excel,business finance,expert level,44,5,20,0.5166666666666666,financial and business simulation with microsoft excel business finance expert level
157336,10. bonds and bond pricing,business finance,all levels,308,4,20,1.0,10. bonds and bond pricing business finance all levels
65110,professional risk manager prm certification level 3,business finance,all levels,55,5,50,12.5,professional risk manager prm certification level 3 business finance all levels
987682,stocks quick method to get started investing,business finance,beginner level,718,13,0,1.0,stocks quick method to get started investing business finance beginner level
835212,the fundamentals of finance for non finance professionals,business finance,all levels,206,3,40,1.5,the fundamentals of finance for non finance professionals business finance all levels
882276,forex top equity management strategy,business finance,all levels,18,4,20,0.5833333333333334,forex top equity management strategy business finance all levels
971110,the truths about in secure retirement,business finance,intermediate level,86,6,200,4.5,the truths about in secure retirement business finance intermediate level
414744,learn how to file taxes for uber and lyft drivers,business finance,all levels,294,5,40,2.0,learn how to file taxes for uber and lyft drivers business finance all levels
537286,learn the basics of the wave principle,business finance,beginner level,27,4,30,1.5,learn the basics of the wave principle business finance beginner level
1123226,masterclass japanese heiken ashi candlestick patterns,business finance,all levels,375,10,195,3.5,masterclass japanese heiken ashi candlestick patterns business finance all levels
1170626,start trading stocks using technical analysis part 2,business finance,all levels,94,11,95,2.0,start trading stocks using technical analysis part 2 business finance all levels
1016996,introduction to corporate finance mergers acquisitions,business finance,beginner level,2080,83,0,1.5,introduction to corporate finance mergers acquisitions business finance beginner level
1046992,forex financial market trading tutorial online strategies,business finance,all levels,3137,30,0,9.0,forex financial market trading tutorial online strategies business finance all levels
929526,learn to trade candlestick patterns,business finance,intermediate level,155,23,20,1.5,learn to trade candlestick patterns business finance intermediate level
631276,high frequency trading #2 market structure instruments,business finance,all levels,1732,11,50,0.6833333333333333,high frequency trading #2 market structure instruments business finance all levels
86558,the art of financial valuation with certificate,business finance,all levels,3372,12,20,2.0,the art of financial valuation with certificate business finance all levels
615600,sensitivity scenario analysis for ca cfa cpa exams,business finance,all levels,2185,3,20,2.0,sensitivity scenario analysis for ca cfa cpa exams business finance all levels
799434,economics competition elasticity a little game theory,business finance,all levels,1008,14,50,6.0,economics competition elasticity a little game theory business finance all levels
1088656,quantitative trading analysis with python,business finance,all levels,256,17,50,5.5,quantitative trading analysis with python business finance all levels
674354,invest like a pro,business finance,beginner level,1173,22,200,2.5,invest like a pro business finance beginner level
1187758,options trading essentials the ultimate guides,business finance,all levels,1352,6,0,4.0,options trading essentials the ultimate guides business finance all levels
548764,acca fa1 recording financial transactions,business finance,beginner level,49,8,50,3.5,acca fa1 recording financial transactions business finance beginner level
410576,cfa level 1 2014 portfolio management,business finance,all levels,124,2,40,2.0,cfa level 1 2014 portfolio management business finance all levels
501384,essentials of swing trading stocks,business finance,all levels,105,9,20,1.0,essentials of swing trading stocks business finance all levels
59725,small business and managerial accounting training tutorial,business finance,beginner level,117,3,20,3.5,small business and managerial accounting training tutorial business finance beginner level
47504,use crowdfunding effectively with indiegogo and kickstarter,business finance,all levels,6533,32,0,2.0,use crowdfunding effectively with indiegogo and kickstarter business finance all levels
1257502,the complete litecoin crypto currency bootcamp,business finance,all levels,7,3,20,1.0,the complete litecoin crypto currency bootcamp business finance all levels
304426,bank reconciliation vat on excel,business finance,all levels,30,5,20,1.5,bank reconciliation vat on excel business finance all levels
581598,commodity futures day trading strategies,business finance,all levels,91,5,95,5.0,commodity futures day trading strategies business finance all levels
328842,learn to invest in the stock market,business finance,beginner level,28,5,40,1.0,learn to invest in the stock market business finance beginner level
541824,fx commodity chart trading patterns for success,business finance,all levels,83,10,50,2.5,fx commodity chart trading patterns for success business finance all levels
103144,forex elite trading,business finance,all levels,623,7,85,6.0,forex elite trading business finance all levels
937150,how to invest in startups expert reveals winning secrets.,business finance,all levels,1625,5,0,8.5,how to invest in startups expert reveals winning secrets. business finance all levels
1215926,kickstarter success in 5 easy steps,business finance,all levels,0,0,20,0.5166666666666666,kickstarter success in 5 easy steps business finance all levels
1035638,understanding financial statements,business finance,all levels,0,0,25,1.0,understanding financial statements business finance all levels
1249146,planning and executing a financial statement audit,business finance,intermediate level,0,0,50,2.0,planning and executing a financial statement audit business finance intermediate level
1233894,the latest updates 2016 financial accounting standards board,business finance,intermediate level,1,0,50,2.0,the latest updates 2016 financial accounting standards board business finance intermediate level
975910,how to achieve personal transformation,business finance,all levels,0,0,20,0.5333333333333333,how to achieve personal transformation business finance all levels
1221942,basic bookkeeping,business finance,beginner level,0,0,35,0.7333333333333333,basic bookkeeping business finance beginner level
1169196,credit concepts and checklist for bankers credit analyst,business finance,beginner level,0,0,20,2.5,credit concepts and checklist for bankers credit analyst business finance beginner level
1271182,practical film financing finding pitching investors,business finance,beginner level,0,0,100,1.0,practical film financing finding pitching investors business finance beginner level
1233302,ratio analysis for financial statements,business finance,beginner level,0,0,50,2.0,ratio analysis for financial statements business finance beginner level
1231958,60 minutes to fundamental accounting skills,business finance,beginner level,0,0,75,2.5,60 minutes to fundamental accounting skills business finance beginner level
42645,backspreads diagonals and butterflies advanced strategies,business finance,expert level,737,41,60,2.0,backspreads diagonals and butterflies advanced strategies business finance expert level
355622,trade forex 13 patterns golden ratios secret revealed,business finance,all levels,554,63,200,4.0,trade forex 13 patterns golden ratios secret revealed business finance all levels
514036,crystal ball trading foresee price with seasonal patterns,business finance,all levels,807,19,145,6.0,crystal ball trading foresee price with seasonal patterns business finance all levels
45136,weekly options and study of options expiration dynamics,business finance,expert level,779,56,60,1.0,weekly options and study of options expiration dynamics business finance expert level
371574,cost accounting basics professional course level,business finance,beginner level,1777,11,20,1.0,cost accounting basics professional course level business finance beginner level
915964,learn to reliably invest in the stock market,business finance,all levels,841,14,50,0.6166666666666667,learn to reliably invest in the stock market business finance all levels
1209556,hedge fund trading systems part two stocks etfs,business finance,expert level,56,10,200,2.5,hedge fund trading systems part two stocks etfs business finance expert level
412856,stock market option trading how sell options for premium,business finance,intermediate level,1909,8,200,2.0,stock market option trading how sell options for premium business finance intermediate level
42651,straddles and strangles volatility moves in any direction,business finance,expert level,775,54,60,1.5,straddles and strangles volatility moves in any direction business finance expert level
294914,debt collection management get paid on time every time,business finance,all levels,1255,8,20,3.0,debt collection management get paid on time every time business finance all levels
219306,learn about it,business finance,all levels,1193,24,20,1.5,learn about it business finance all levels
652768,trading basics of trading for beginners,business finance,beginner level,1309,4,140,1.5,trading basics of trading for beginners business finance beginner level
42197,options spreads bundle the heart of options trading,business finance,intermediate level,623,43,120,2.5,options spreads bundle the heart of options trading business finance intermediate level
936298,trade the news in forex ea robot included,business finance,all levels,276,11,200,0.5666666666666667,trade the news in forex ea robot included business finance all levels
885443,investment portfolio analysis with r,business finance,all levels,314,38,50,6.5,investment portfolio analysis with r business finance all levels
585208,basics of economics for beginners a to z a complete course,business finance,beginner level,1942,5,170,1.5,basics of economics for beginners a to z a complete course business finance beginner level
386922,seeing the big picture understanding financial statements,business finance,all levels,885,69,50,0.7166666666666667,seeing the big picture understanding financial statements business finance all levels
1023650,financial modeling for professionals in 1 day,business finance,intermediate level,226,12,200,4.5,financial modeling for professionals in 1 day business finance intermediate level
676764,create your own automated stock trading robot in excel,business finance,all levels,461,45,150,5.0,create your own automated stock trading robot in excel business finance all levels
696342,forex from zero to hero,business finance,all levels,152,27,150,3.0,forex from zero to hero business finance all levels
41145,learn call options and put options introduction to options,business finance,beginner level,1017,74,60,3.0,learn call options and put options introduction to options business finance beginner level
145220,1. principles of simple interest,business finance,all levels,1074,6,20,1.0,1. principles of simple interest business finance all levels
868686,double entry bookkeeping,business finance,beginner level,440,17,50,1.0,double entry bookkeeping business finance beginner level
745110,mql5 tutorial bootcamp,business finance,beginner level,978,7,20,0.5333333333333333,mql5 tutorial bootcamp business finance beginner level
745832,succeed at options even if you don t know where to start,business finance,all levels,36,1,200,1.5,succeed at options even if you don t know where to start business finance all levels
43778,buying selling and storing precious metal,business finance,all levels,74,1,20,1.0,buying selling and storing precious metal business finance all levels
19653,accounting skills for managers,business finance,beginner level,78,3,20,1.5,accounting skills for managers business finance beginner level
1013190,analysis and evaluation of economic feasibility of projects,business finance,intermediate level,10,1,100,1.0,analysis and evaluation of economic feasibility of projects business finance intermediate level
824034,technical analysis understanding price action,business finance,all levels,39,6,45,3.0,technical analysis understanding price action business finance all levels
370440,bitcoin for beginners,business finance,beginner level,37,3,50,4.0,bitcoin for beginners business finance beginner level
312860,ias 16 property plant and equipment,business finance,all levels,2166,38,0,3.0,ias 16 property plant and equipment business finance all levels
168358,basel ii,business finance,all levels,78,6,50,3.5,basel ii business finance all levels
721746,forex trading plan,business finance,all levels,21,3,50,0.7,forex trading plan business finance all levels
885342,financial modeling 101,business finance,beginner level,1086,37,0,0.6166666666666667,financial modeling 101 business finance beginner level
811416,learn financial modeling from scratch part1,business finance,all levels,7,4,50,3.5,learn financial modeling from scratch part1 business finance all levels
35131,introduction to small business accounting training tutorial,business finance,beginner level,168,9,25,3.5,introduction to small business accounting training tutorial business finance beginner level
570844,learn basic concepts of economics step by step complete,business finance,all levels,2801,6,150,1.5,learn basic concepts of economics step by step complete business finance all levels
189996,introduction to digital payments,business finance,beginner level,12217,351,0,1.0,introduction to digital payments business finance beginner level
716828,the beginner s guide to the futures and options trading,business finance,all levels,6185,138,0,3.0,the beginner s guide to the futures and options trading business finance all levels
702138,bitcoin investing the complete buy hold strategy,business finance,all levels,477,70,25,4.0,bitcoin investing the complete buy hold strategy business finance all levels
130298,financial modeling in excel for startups,business finance,beginner level,1334,86,50,6.0,financial modeling in excel for startups business finance beginner level
709536,learn to trade forex naked price action big shadow trade,business finance,intermediate level,5407,192,0,1.0,learn to trade forex naked price action big shadow trade business finance intermediate level
706942,forex trading for beginners,business finance,beginner level,9483,183,0,2.0,forex trading for beginners business finance beginner level
297762,build a trading comps valuation model,business finance,all levels,1032,60,50,7.0,build a trading comps valuation model business finance all levels
614472,the advanced forex course for smart traders,business finance,all levels,8236,144,0,5.0,the advanced forex course for smart traders business finance all levels
463834,cost accounting overheads professional course level,business finance,all levels,2383,6,20,2.5,cost accounting overheads professional course level business finance all levels
934614,beginners guide to stock market investing,business finance,beginner level,3283,109,0,2.5,beginners guide to stock market investing business finance beginner level
430968,financial management capital market instruments,business finance,beginner level,2650,5,25,1.0,financial management capital market instruments business finance beginner level
305368,npv and irr techniques for ca cfa cpa exams,business finance,beginner level,1551,5,20,7.5,npv and irr techniques for ca cfa cpa exams business finance beginner level
179446,commercial credit analysis,business finance,all levels,545,48,50,7.5,commercial credit analysis business finance all levels
443502,essential finance for managers,business finance,all levels,663,10,25,5.5,essential finance for managers business finance all levels
414246,bitcoin for accountants,business finance,beginner level,3519,102,0,1.0,bitcoin for accountants business finance beginner level
571506,protrader advanced technical analysis,business finance,all levels,825,11,125,2.0,protrader advanced technical analysis business finance all levels
1101382,binary options masterclass,business finance,all levels,70,11,200,2.0,binary options masterclass business finance all levels
638966,188 profit in 1year forex algo robot trading no indicator,business finance,all levels,357,71,120,2.0,188 profit in 1year forex algo robot trading no indicator business finance all levels
757508,financial accounting its cycle statements analysis,business finance,beginner level,853,4,20,5.0,financial accounting its cycle statements analysis business finance beginner level
180384,yield curve dynamics,business finance,all levels,397,24,50,3.0,yield curve dynamics business finance all levels
812798,value investing and stock market fundamentals,business finance,beginner level,74,8,195,3.0,value investing and stock market fundamentals business finance beginner level
364206,media training for financial service professionals,business finance,all levels,1254,2,20,7.0,media training for financial service professionals business finance all levels
742142,learn the forex naked price action pogo trade,business finance,intermediate level,89,4,60,1.0,learn the forex naked price action pogo trade business finance intermediate level
895030,forex price action reversal strategy,business finance,all levels,38,6,20,1.0,forex price action reversal strategy business finance all levels
516168,budget preparation for an eu project proposal,business finance,intermediate level,18,4,50,1.0,budget preparation for an eu project proposal business finance intermediate level
612528,corporate finance and alternative investment for cfa l1,business finance,all levels,103,3,20,4.5,corporate finance and alternative investment for cfa l1 business finance all levels
597084,don t let your customers run your business,business finance,intermediate level,7,3,50,2.5,don t let your customers run your business business finance intermediate level
544556,stock trading insider tips for determining market direction,business finance,all levels,104,1,95,1.0,stock trading insider tips for determining market direction business finance all levels
953490,toptrader academy complete options course,business finance,all levels,42,1,150,3.0,toptrader academy complete options course business finance all levels
221872,working capital management for entrepreneurs,business finance,expert level,507,5,20,1.0,working capital management for entrepreneurs business finance expert level
662318,learn quickbooks to maintain books properly,business finance,beginner level,241,5,20,2.5,learn quickbooks to maintain books properly business finance beginner level
73044,cfa level i foundation introduction to financial reporting,business finance,beginner level,226,5,50,5.5,cfa level i foundation introduction to financial reporting business finance beginner level
714188,fixed income valuation and analysis cfa l2,business finance,all levels,50,6,20,3.0,fixed income valuation and analysis cfa l2 business finance all levels
548044,corporation tax returns uk,business finance,all levels,100,23,50,2.0,corporation tax returns uk business finance all levels
498360,trading for busy people,business finance,all levels,99,12,50,3.0,trading for busy people business finance all levels
425338,basics of trading,business finance,beginner level,99,17,40,1.0,basics of trading business finance beginner level
164102,cfp introduction to financial planning,business finance,beginner level,1192,12,30,12.0,cfp introduction to financial planning business finance beginner level
902888,investment portfolio analysis with python,business finance,all levels,209,13,50,7.0,investment portfolio analysis with python business finance all levels
245822,day trading market structure signals,business finance,all levels,5529,90,0,2.0,day trading market structure signals business finance all levels
729128,professional bookkeeping and accounting 3 double entry,business finance,all levels,81,8,35,1.0,professional bookkeeping and accounting 3 double entry business finance all levels
773650,accounting basics by hector garcia cpa,business finance,beginner level,1924,120,0,1.0,accounting basics by hector garcia cpa business finance beginner level
466632,stock markets how i became rich by changing how i trade,business finance,all levels,646,6,20,1.0,stock markets how i became rich by changing how i trade business finance all levels
466774,learn about bitcoin and bitcoin mining,business finance,beginner level,520,10,20,0.5333333333333333,learn about bitcoin and bitcoin mining business finance beginner level
442114,take control by learning the stock market now,business finance,beginner level,1440,0,30,1.0,take control by learning the stock market now business finance beginner level
781954,cost accounting and financial management a complete study,business finance,all levels,452,14,150,45.0,cost accounting and financial management a complete study business finance all levels
902150,learn global macro trading investing for retail investor,business finance,all levels,178,16,75,1.5,learn global macro trading investing for retail investor business finance all levels
1169188,energiespar formel mehr geld durch wasser sparen zuhause,business finance,all levels,21,2,50,1.5,energiespar formel mehr geld durch wasser sparen zuhause business finance all levels
1201912,high swing كورس لتعليم جميع مراحل احتراف تداول الفوركس,business finance,intermediate level,12,4,100,2.5,high swing كورس لتعليم جميع مراحل احتراف تداول الفوركس business finance intermediate level
167316,trader bot introdução à linguagem mql5,business finance,all levels,209,33,20,70.0,trader bot introdução à linguagem mql5 business finance all levels
1028656,财务分析与估值建模入门,business finance,beginner level,505,43,0,1.5,财务分析与估值建模入门 business finance beginner level
645890,aprende desde cero a operar el mercado de divisas forex,business finance,all levels,16,4,90,4.0,aprende desde cero a operar el mercado de divisas forex business finance all levels
559328,cómo usar metatrader 4 para hacer trading,business finance,all levels,25,1,20,6.0,cómo usar metatrader 4 para hacer trading business finance all levels
1225194,zoho books gestion financière d entreprise pas à pas,business finance,all levels,229,0,0,2.0,zoho books gestion financière d entreprise pas à pas business finance all levels
734280,aprende a llevar la contabilidad de forma informatizada,business finance,beginner level,6,1,25,4.5,aprende a llevar la contabilidad de forma informatizada business finance beginner level
1164568,psicología del trading,business finance,all levels,1,1,20,0.6,psicología del trading business finance all levels
43291,la costruzione del budget di una proposta comunitaria,business finance,intermediate level,10,1,50,1.0,la costruzione del budget di una proposta comunitaria business finance intermediate level
1034560,erfolgreich als signalgeber in per social und copytrading,business finance,all levels,1,1,60,6.0,erfolgreich als signalgeber in per social und copytrading business finance all levels
871682,aprenda a investir,business finance,all levels,34,4,20,8.0,aprenda a investir business finance all levels
1057040,teeter totter accounting,business finance,beginner level,0,0,90,1.0,teeter totter accounting business finance beginner level
1032648,beginning accounting,business finance,intermediate level,0,0,20,0.6333333333333333,beginning accounting business finance intermediate level
1087466,stop creditors from harassing you and avoid bankruptcy,business finance,beginner level,0,0,20,0.6166666666666667,stop creditors from harassing you and avoid bankruptcy business finance beginner level
1058852,learn to trade using technical analysis,business finance,intermediate level,0,0,50,0.5333333333333333,learn to trade using technical analysis business finance intermediate level
1083744,how to invest using etfs from former wall street trader,business finance,all levels,0,0,200,2.0,how to invest using etfs from former wall street trader business finance all levels
1271430,workshop on banking credit analysis process,business finance,all levels,0,0,100,1.5,workshop on banking credit analysis process business finance all levels
715476,the cuckoo strategy to get european funding,business finance,all levels,0,0,160,1.0,the cuckoo strategy to get european funding business finance all levels
1219820,accounting the 6 most important rules you must learn,business finance,all levels,0,0,20,1.0,accounting the 6 most important rules you must learn business finance all levels
627332,mutual funds for investors in retirement accounts,business finance,all levels,0,0,20,0.0,mutual funds for investors in retirement accounts business finance all levels
1136038,free ways to create passive income online,business finance,beginner level,0,0,25,1.0,free ways to create passive income online business finance beginner level
1232282,the cash flow statement an introduction,business finance,beginner level,0,0,50,1.5,the cash flow statement an introduction business finance beginner level
41961,options foundation time decay implied volatility greeks,business finance,beginner level,459,25,60,3.0,options foundation time decay implied volatility greeks business finance beginner level
42040,buying call and put options options beginner strategies,business finance,intermediate level,266,20,60,3.0,buying call and put options options beginner strategies business finance intermediate level
1039442,how to trade rsi pullback strategy entry to exit forex,business finance,all levels,104,10,150,2.0,how to trade rsi pullback strategy entry to exit forex business finance all levels
615602,valuation of goodwill for ca cfa cma exams,business finance,all levels,1509,0,20,0.7166666666666667,valuation of goodwill for ca cfa cma exams business finance all levels
235112,forex catch the big market moves in forex,business finance,intermediate level,212,25,20,1.5,forex catch the big market moves in forex business finance intermediate level
551910,season 2 mql4 tutorial bootcamp metatrader4 trading robots,business finance,all levels,462,18,25,1.0,season 2 mql4 tutorial bootcamp metatrader4 trading robots business finance all levels
1051430,intermediate accounting 1 easy. fast. simple,business finance,intermediate level,90,12,200,2.5,intermediate accounting 1 easy. fast. simple business finance intermediate level
828596,global macro investing take control of the world s markets,business finance,intermediate level,153,41,30,2.0,global macro investing take control of the world s markets business finance intermediate level
258894,how to read a balance sheet,business finance,beginner level,1055,21,50,3.5,how to read a balance sheet business finance beginner level
138560,credit repair from a financial institution,business finance,all levels,157,13,20,2.5,credit repair from a financial institution business finance all levels
689868,the binary institute binary options trading course,business finance,all levels,103,25,200,2.5,the binary institute binary options trading course business finance all levels
1020244,mental models for wall street become a better trader,business finance,all levels,1067,50,0,2.0,mental models for wall street become a better trader business finance all levels
858764,株式投資に向く性格に変えるための心理学を学ぶ,business finance,all levels,58,11,20,1.5,株式投資に向く性格に変えるための心理学を学ぶ business finance all levels
941310,matemática financeira com hp12c e ms excel,business finance,beginner level,74,17,20,4.5,matemática financeira com hp12c e ms excel business finance beginner level
1214144,triunfar en la bolsa de valores no requiere de experiencia,business finance,beginner level,338,7,0,1.0,triunfar en la bolsa de valores no requiere de experiencia business finance beginner level
492344,cómo crear políticas contables bajo niif para pymes,business finance,all levels,27,5,20,1.0,cómo crear políticas contables bajo niif para pymes business finance all levels
815672,finanzas personales para vivir libre de deudas,business finance,beginner level,76,13,75,6.0,finanzas personales para vivir libre de deudas business finance beginner level
376712,finanzas personales logrando la libertad financiera,business finance,beginner level,27,5,30,2.0,finanzas personales logrando la libertad financiera business finance beginner level
869716,株式投資で本当のテクニカル分析ができるようになる,business finance,intermediate level,68,10,20,2.5,株式投資で本当のテクニカル分析ができるようになる business finance intermediate level
754156,aktiver vermögensaufbau mit etf,business finance,beginner level,112,18,20,2.0,aktiver vermögensaufbau mit etf business finance beginner level
709816,socorro preciso organizar as minhas finanças,business finance,all levels,72,17,20,1.5,socorro preciso organizar as minhas finanças business finance all levels
680046,curso completo de opciones binarias estrategias 90 acierto,business finance,all levels,335,16,145,1.5,curso completo de opciones binarias estrategias 90 acierto business finance all levels
1138162,le basi del trading,business finance,all levels,22,5,200,3.5,le basi del trading business finance all levels
829182,個人事業主向け 青色申告の記帳を自力で行うための複式簿記の基本,business finance,beginner level,41,3,30,3.0,個人事業主向け 青色申告の記帳を自力で行うための複式簿記の基本 business finance beginner level
1163242,profit and loss account for bankers and credit analysts,business finance,beginner level,1,0,20,7.5,profit and loss account for bankers and credit analysts business finance beginner level
46933,business accounts for managers,business finance,beginner level,16,0,30,3.0,business accounts for managers business finance beginner level
954842,black scholes option pricing model,business finance,beginner level,3,0,25,1.0,black scholes option pricing model business finance beginner level
868112,chief wealth officer,business finance,beginner level,4,0,45,1.0,chief wealth officer business finance beginner level
1056242,practical accounts training a,business finance,intermediate level,2,0,35,31.5,practical accounts training a business finance intermediate level
113712,international trade and new geographic economy,business finance,all levels,12,1,20,0.5333333333333333,international trade and new geographic economy business finance all levels
146454,2. principles of simple interest advanced problems,business finance,intermediate level,10,1,20,1.5,2. principles of simple interest advanced problems business finance intermediate level
56926,school of raising capital agile financial modeling,business finance,all levels,12,1,20,1.5,school of raising capital agile financial modeling business finance all levels
589778,how to read financial statements,business finance,beginner level,5,2,20,2.0,how to read financial statements business finance beginner level
1113702,intro. to asset backed securities cfa level i 2017 prep,business finance,all levels,1,0,20,3.0,intro. to asset backed securities cfa level i 2017 prep business finance all levels
1072220,reach your personal financial goals the easy way 2017 uk,business finance,all levels,2,0,95,4.5,reach your personal financial goals the easy way 2017 uk business finance all levels
101038,bitesize bookkeeping for busy people,business finance,beginner level,9,0,20,1.5,bitesize bookkeeping for busy people business finance beginner level
417088,do your own accounts,business finance,all levels,42,2,35,1.5,do your own accounts business finance all levels
258954,cfa level 1 derivatives,business finance,all levels,110,6,30,4.0,cfa level 1 derivatives business finance all levels
298044,accounting for everyone,business finance,beginner level,420,2,35,1.0,accounting for everyone business finance beginner level
593962,stock fundamental analysis with excel,business finance,all levels,206,13,50,10.0,stock fundamental analysis with excel business finance all levels
941520,financial accounting for beginners,business finance,all levels,164,3,60,1.5,financial accounting for beginners business finance all levels
64173,trading how transformative learning drives expertise,business finance,all levels,69,2,30,1.0,trading how transformative learning drives expertise business finance all levels
371828,manual bookkeeping,business finance,intermediate level,28,2,20,2.5,manual bookkeeping business finance intermediate level
974954,numeracy skills in business and everyday life think and deal,business finance,beginner level,90,4,20,0.6333333333333333,numeracy skills in business and everyday life think and deal business finance beginner level
818572,financial modelling in excel step by step,business finance,intermediate level,13,2,20,1.5,financial modelling in excel step by step business finance intermediate level
115752,straight from business school create financial statements,business finance,beginner level,31,2,20,1.0,straight from business school create financial statements business finance beginner level
731150,how to pay less tax uk version,business finance,all levels,13,2,50,0.5166666666666666,how to pay less tax uk version business finance all levels
627772,interpreting financial statements,business finance,all levels,2119,111,0,2.0,interpreting financial statements business finance all levels
850726,forex trading with binary options,business finance,all levels,136,28,25,3.0,forex trading with binary options business finance all levels
136244,triple p trading course,business finance,all levels,797,15,20,3.0,triple p trading course business finance all levels
485889,cost accounting a comprehensive study,business finance,all levels,503,43,180,29.5,cost accounting a comprehensive study business finance all levels
507778,how to become a successful day trader,business finance,all levels,1150,6,95,2.5,how to become a successful day trader business finance all levels
422918,essentials of finance and investment in 2 hours,business finance,beginner level,1403,6,20,2.0,essentials of finance and investment in 2 hours business finance beginner level
362530,public speaking you can give great financial presentations,business finance,all levels,916,6,20,6.5,public speaking you can give great financial presentations business finance all levels
579642,professional trading consistent profits with low risk,business finance,all levels,627,5,20,1.0,professional trading consistent profits with low risk business finance all levels
1022796,trading for winning,business finance,all levels,168,7,200,2.0,trading for winning business finance all levels
793084,succeed in stocks even if you don t know where to start,business finance,beginner level,2554,20,0,1.0,succeed in stocks even if you don t know where to start business finance beginner level
881062,options basics trading with small capital level 1,business finance,beginner level,120,17,30,2.0,options basics trading with small capital level 1 business finance beginner level
838260,forex trading basic to advance professional level course,business finance,all levels,750,13,20,2.5,forex trading basic to advance professional level course business finance all levels
380542,day trading in stocks strategies for beginner investors,business finance,all levels,217,19,50,2.0,day trading in stocks strategies for beginner investors business finance all levels
772480,learn to trade forex big u turn trade,business finance,beginner level,106,13,50,1.0,learn to trade forex big u turn trade business finance beginner level
576906,technical analysis primer for trading stocks bonds forex,business finance,beginner level,397,4,50,3.0,technical analysis primer for trading stocks bonds forex business finance beginner level
410196,diy reduce unpaid federal tax thru irs offer in compromise,business finance,all levels,44,3,20,1.0,diy reduce unpaid federal tax thru irs offer in compromise business finance all levels
581662,stock trading with this strategy,business finance,all levels,30,3,50,1.0,stock trading with this strategy business finance all levels
1088102,the psychology of trading,business finance,all levels,95,3,20,1.0,the psychology of trading business finance all levels
788756,professional forex strategy+2 weeks for free trading alerts,business finance,all levels,55,9,95,1.0,professional forex strategy+2 weeks for free trading alerts business finance all levels
380206,stock trading essentials for day traders,business finance,all levels,94,15,100,1.0,stock trading essentials for day traders business finance all levels
160322,basics of finance and budgeting,business finance,beginner level,578,7,20,6.0,basics of finance and budgeting business finance beginner level
610812,portfolio management cfa l1 2016,business finance,all levels,393,5,20,5.0,portfolio management cfa l1 2016 business finance all levels
288256,trade stocks forex financial markets like a professional,business finance,all levels,116,6,20,3.0,trade stocks forex financial markets like a professional business finance all levels
662996,the tax advantaged investor a guide to legal tax reduction,business finance,all levels,1888,42,0,2.0,the tax advantaged investor a guide to legal tax reduction business finance all levels
101234,the smart option trader,business finance,all levels,412,19,45,13.0,the smart option trader business finance all levels
1113442,beginners chart patterns trading for penny stocks,business finance,beginner level,40,7,200,1.5,beginners chart patterns trading for penny stocks business finance beginner level
746366,financial statements learn accounting. unlock the numbers.,business finance,beginner level,222,12,40,3.0,financial statements learn accounting. unlock the numbers. business finance beginner level
186556,cfa level 1 2014 alternative investments,business finance,all levels,831,1,30,2.0,cfa level 1 2014 alternative investments business finance all levels
179500,interest rate swaps,business finance,all levels,485,24,50,3.5,interest rate swaps business finance all levels
304000,financial modelling for entrepreneurs,business finance,all levels,232,7,20,1.0,financial modelling for entrepreneurs business finance all levels
334838,economics cfa level 1 2014,business finance,beginner level,135,20,20,4.0,economics cfa level 1 2014 business finance beginner level
302456,bookkeeping made simple,business finance,all levels,61,16,40,2.5,bookkeeping made simple business finance all levels
537748,what is bitcoin,business finance,all levels,61,3,20,5.0,what is bitcoin business finance all levels
378464,accounting for ca cpt exams part i,business finance,all levels,874,2,50,13.5,accounting for ca cpt exams part i business finance all levels
532216,raising capital for your business,business finance,all levels,22,5,50,2.5,raising capital for your business business finance all levels
41973,silver gold and inflation,business finance,beginner level,5597,76,0,1.0,silver gold and inflation business finance beginner level
138004,accounting concepts for technocrats,business finance,beginner level,261,2,20,2.5,accounting concepts for technocrats business finance beginner level
94532,beginner financial analysis invest like warren buffett,business finance,beginner level,83,4,50,0.6833333333333333,beginner financial analysis invest like warren buffett business finance beginner level
467238,advance technical analysis,business finance,expert level,152,6,50,3.5,advance technical analysis business finance expert level
850294,the everyday investor building wealth with venture capital,business finance,intermediate level,176,2,20,2.5,the everyday investor building wealth with venture capital business finance intermediate level
1110256,quickbooks online inventory management for non finance,business finance,all levels,8,4,35,0.6666666666666666,quickbooks online inventory management for non finance business finance all levels
439210,law matters,business finance,beginner level,327,1,20,0.45,law matters business finance beginner level
597164,learn to trade for profit finding winning stocks chinese,business finance,all levels,264,0,95,3.0,learn to trade for profit finding winning stocks chinese business finance all levels
773502,financial accounting part 2 passing the class,business finance,beginner level,15,4,20,4.5,financial accounting part 2 passing the class business finance beginner level
262818,simple options trading system,business finance,intermediate level,104,2,35,1.5,simple options trading system business finance intermediate level
255046,investments and financial markets,business finance,beginner level,71,3,40,1.5,investments and financial markets business finance beginner level
295909,legal accounting,business finance,all levels,26,6,110,4.0,legal accounting business finance all levels
1153876,term loan appraisal for bankers credit analysts,business finance,beginner level,11,2,20,6.5,term loan appraisal for bankers credit analysts business finance beginner level
83736,small biz doers guide to small biz accounting + bookkeeping,business finance,beginner level,1294,7,20,5.5,small biz doers guide to small biz accounting + bookkeeping business finance beginner level
75182,trade show samurai,business finance,all levels,32,7,95,0.5166666666666666,trade show samurai business finance all levels
236070,forex harmonic trading with multiple forex chart examples,business finance,all levels,313,16,135,2.5,forex harmonic trading with multiple forex chart examples business finance all levels
788796,the cost of capital the key to attract venture capitalists,business finance,all levels,635,4,50,0.6833333333333333,the cost of capital the key to attract venture capitalists business finance all levels
508796,accounting for school students,business finance,all levels,1311,2,30,1.5,accounting for school students business finance all levels
739910,learn to trade the forex naked price action acapulco trade,business finance,intermediate level,288,9,70,1.0,learn to trade the forex naked price action acapulco trade business finance intermediate level
725872,certificate in myob accountright premier 2017 course,business finance,all levels,97,18,200,3.0,certificate in myob accountright premier 2017 course business finance all levels
894336,master the psychology of forex binary options trading,business finance,intermediate level,53,16,20,1.0,master the psychology of forex binary options trading business finance intermediate level
334820,learn to pick the right stock broker account,business finance,beginner level,1102,3,40,0.5666666666666667,learn to pick the right stock broker account business finance beginner level
619786,profit during crashing markets a step by step guide,business finance,all levels,57,11,195,1.0,profit during crashing markets a step by step guide business finance all levels
179820,introduction to futures options,business finance,all levels,694,35,50,4.5,introduction to futures options business finance all levels
322332,learn to invest in 7 steps,business finance,beginner level,137,14,50,3.0,learn to invest in 7 steps business finance beginner level
597424,sell like a pro insider secrets of successful selling,business finance,all levels,12,1,115,2.5,sell like a pro insider secrets of successful selling business finance all levels
1089610,3 little pigs a multiple timeframe forex trading strategy,business finance,all levels,18,0,20,1.5,3 little pigs a multiple timeframe forex trading strategy business finance all levels
166842,6. annuities due and deferred,business finance,all levels,170,0,20,1.5,6. annuities due and deferred business finance all levels
408232,cfa level 1 2014 quantitative methods,business finance,all levels,119,0,50,5.0,cfa level 1 2014 quantitative methods business finance all levels
249376,ifric 13 customer loyalty programmes revenue,business finance,all levels,2058,22,0,0.6,ifric 13 customer loyalty programmes revenue business finance all levels
231256,forex currency trading for beginners,business finance,beginner level,35,2,25,4.0,forex currency trading for beginners business finance beginner level
479496,basic technical analysis,business finance,beginner level,40,1,50,2.5,basic technical analysis business finance beginner level
944534,forex trade management psychology,business finance,intermediate level,13,0,150,2.0,forex trade management psychology business finance intermediate level
1153854,working capital assessment for bankers credit analysts,business finance,beginner level,4,0,20,7.0,working capital assessment for bankers credit analysts business finance beginner level
74028,cfa level i workshop 6 alternatives pm and economics,business finance,all levels,71,1,20,1.0,cfa level i workshop 6 alternatives pm and economics business finance all levels
73962,cfa level i workshop 3 financial reporting analysis ii,business finance,all levels,71,1,20,1.0,cfa level i workshop 3 financial reporting analysis ii business finance all levels
1156530,how to trade in the forex market,business finance,intermediate level,6,0,200,2.5,how to trade in the forex market business finance intermediate level
1097288,bookkeeping practicals with software,business finance,intermediate level,1,0,35,31.5,bookkeeping practicals with software business finance intermediate level
614668,8 steps to achieve financial freedom and escape debt,business finance,beginner level,5,0,40,5.5,8 steps to achieve financial freedom and escape debt business finance beginner level
1082352,trading basics in 30 minutes,business finance,beginner level,1,0,50,0.5333333333333333,trading basics in 30 minutes business finance beginner level
625670,technical charting,business finance,intermediate level,4,1,20,1.0,technical charting business finance intermediate level
35409,profits turbo,business finance,intermediate level,10,0,20,5.5,profits turbo business finance intermediate level
250902,nest egg investing,business finance,beginner level,6,0,45,2.0,nest egg investing business finance beginner level
1010988,economics for beginners various concepts,business finance,beginner level,2,0,25,2.5,economics for beginners various concepts business finance beginner level
855816,investing in stocks shares,business finance,beginner level,2,0,20,2.0,investing in stocks shares business finance beginner level
813360,learn financial modeling from scratch part 2,business finance,all levels,2,1,50,3.5,learn financial modeling from scratch part 2 business finance all levels
813516,learn financial modeling from scratch part 3,business finance,all levels,2,0,50,2.0,learn financial modeling from scratch part 3 business finance all levels
302484,a practical guide to wealth creation,business finance,all levels,6,0,35,1.0,a practical guide to wealth creation business finance all levels
861764,geometry of chance strategy of defeating the roulette.,business finance,intermediate level,2,1,30,1.5,geometry of chance strategy of defeating the roulette. business finance intermediate level
765238,trading algorítmico en forex crea tu primer robot de forex,business finance,all levels,206,39,170,6.5,trading algorítmico en forex crea tu primer robot de forex business finance all levels
542950,mql4 bootcamp tutorial trading robot coding in metatrader4,business finance,beginner level,313,14,20,1.0,mql4 bootcamp tutorial trading robot coding in metatrader4 business finance beginner level
307080,introducción a la contabilidad,business finance,beginner level,193,19,20,1.0,introducción a la contabilidad business finance beginner level
469848,einnahmen aus udemy kursen als dozent korrekt versteuern,business finance,beginner level,66,16,30,1.0,einnahmen aus udemy kursen als dozent korrekt versteuern business finance beginner level
581498,contabilidad gubernamental en méxico,business finance,all levels,270,22,30,3.5,contabilidad gubernamental en méxico business finance all levels
849896,株式投資に必要なスキルの学習手順を学ぶ,business finance,beginner level,139,36,20,2.0,株式投資に必要なスキルの学習手順を学ぶ business finance beginner level
1174084,formação de preços em serviços,business finance,intermediate level,77,5,35,2.0,formação de preços em serviços business finance intermediate level
801702,geld verdienen mit dem ticken der uhr wie warren buffett,business finance,all levels,225,41,195,5.0,geld verdienen mit dem ticken der uhr wie warren buffett business finance all levels
786984,торговля дельта нейтральными стренглами,business finance,all levels,23,6,150,1.5,торговля дельта нейтральными стренглами business finance all levels
255592,guía práctica para comprar acciones en la bolsa de usa,business finance,intermediate level,4876,210,0,4.5,guía práctica para comprar acciones en la bolsa de usa business finance intermediate level
514844,contabilidad financiera conoce el lenguaje de los negocios.,business finance,beginner level,244,13,20,2.5,contabilidad financiera conoce el lenguaje de los negocios. business finance beginner level
998706,curso de day trader para iniciantes,business finance,beginner level,1278,200,0,1.5,curso de day trader para iniciantes business finance beginner level
644020,curso de iniciación al trading,business finance,all levels,31,5,85,10.5,curso de iniciación al trading business finance all levels
1250742,complete gst course for small and medium enterprises,business finance,beginner level,8,0,75,6.0,complete gst course for small and medium enterprises business finance beginner level
54246,3 documentos clave para administrar tu empresa con éxito,business finance,intermediate level,40,6,45,1.0,3 documentos clave para administrar tu empresa con éxito business finance intermediate level
805630,forex opciones binarias para principiantes,business finance,beginner level,9,5,25,2.0,forex opciones binarias para principiantes business finance beginner level
315716,15 mandamientos para ganar dinero en bolsa,business finance,all levels,45,2,20,8.5,15 mandamientos para ganar dinero en bolsa business finance all levels
1124276,le bitcoin et la blockchain,business finance,all levels,13,3,80,0.7333333333333333,le bitcoin et la blockchain business finance all levels
1227792,contabilità generale,business finance,all levels,4,1,200,8.5,contabilità generale business finance all levels
769340,торговля опционами как заработать на волатильности,business finance,all levels,20,5,150,2.0,торговля опционами как заработать на волатильности business finance all levels
737182,estrategias de inversión aplicadas al mundo del trading,business finance,all levels,9,2,20,3.0,estrategias de inversión aplicadas al mundo del trading business finance all levels
960786,バイナリーオプション取引,business finance,all levels,29,3,85,0.65,バイナリーオプション取引 business finance all levels
657050,caza los enormes movimientos del mercado,business finance,all levels,6,2,20,1.5,caza los enormes movimientos del mercado business finance all levels
1196700,le basi del trading online,business finance,beginner level,7,1,45,3.5,le basi del trading online business finance beginner level
1137310,自分に合った投資信託を見つけよう,business finance,beginner level,859,49,25,2.0,自分に合った投資信託を見つけよう business finance beginner level
632368,monatlich geld anlegen für später,business finance,beginner level,5983,135,30,0.6166666666666667,monatlich geld anlegen für später business finance beginner level
571730,invierte en la bolsa mexicana y de usa,business finance,beginner level,1673,547,200,5.5,invierte en la bolsa mexicana y de usa business finance beginner level
720994,gestão financeira para pequenas e médias empresas,business finance,all levels,1284,230,115,4.5,gestão financeira para pequenas e médias empresas business finance all levels
1080466,curso completo de bitcoin ganhe 0.00005 bitcoin,business finance,all levels,394,109,30,5.5,curso completo de bitcoin ganhe 0.00005 bitcoin business finance all levels
907416,tudo sobre investimentos em renda fixa,business finance,all levels,689,145,45,2.0,tudo sobre investimentos em renda fixa business finance all levels
1062144,aprende a invertir sin capital,business finance,beginner level,649,37,130,1.5,aprende a invertir sin capital business finance beginner level
1097486,apprendre à trader sur le marché du forex guide complet,business finance,beginner level,187,47,140,3.0,apprendre à trader sur le marché du forex guide complet business finance beginner level
396890,introducción a las finanzas,business finance,beginner level,1798,40,30,1.5,introducción a las finanzas business finance beginner level
945194,finanzielle unabhängigkeit 1 erste schritte zur million,business finance,beginner level,465,51,20,1.0,finanzielle unabhängigkeit 1 erste schritte zur million business finance beginner level
598846,forex para principiantes ejemplos en vivo de trading real,business finance,beginner level,813,94,140,5.0,forex para principiantes ejemplos en vivo de trading real business finance beginner level
950750,finanzielle unabhängigkeit 3 millionär werden mit immobilien,business finance,expert level,326,23,20,1.0,finanzielle unabhängigkeit 3 millionär werden mit immobilien business finance expert level
740764,introduction to health financing,business finance,beginner level,26,1,85,2.0,introduction to health financing business finance beginner level
739972,accounting cycle learn the concepts in 60 minutes,business finance,all levels,26,3,20,1.0,accounting cycle learn the concepts in 60 minutes business finance all levels
464002,optimize make best decisions with microsoft excel,business finance,expert level,28,3,20,1.0,optimize make best decisions with microsoft excel business finance expert level
343818,understanding the stock market for beginners,business finance,beginner level,122,2,25,7.5,understanding the stock market for beginners business finance beginner level
434100,cfa level 1 2014 fi,business finance,all levels,149,0,40,4.5,cfa level 1 2014 fi business finance all levels
158140,9. sinking funds,business finance,all levels,205,1,20,1.0,9. sinking funds business finance all levels
1141708,managerial accounting the ultimate beginner course,business finance,beginner level,11,0,100,11.0,managerial accounting the ultimate beginner course business finance beginner level
1240408,forex trading for beginners vol 1 a forex course made simple,business finance,beginner level,3,0,175,1.0,forex trading for beginners vol 1 a forex course made simple business finance beginner level
557208,accounting basic costing,business finance,beginner level,108,2,40,3.5,accounting basic costing business finance beginner level
1178150,double your salary with free local job training courses,business finance,all levels,8,1,20,1.0,double your salary with free local job training courses business finance all levels
93850,financial modeling facebook case study,business finance,all levels,9,3,25,1.5,financial modeling facebook case study business finance all levels
429080,understanding financial derivatives,business finance,intermediate level,16,1,20,2.0,understanding financial derivatives business finance intermediate level
914164,forex basics learn how to read and analyze forex charts,business finance,beginner level,11,0,195,4.5,forex basics learn how to read and analyze forex charts business finance beginner level
876898,forex help i cant trade,business finance,all levels,12,0,200,2.0,forex help i cant trade business finance all levels
877968,start up financial modeling for non finance professionals,business finance,all levels,11,0,20,4.0,start up financial modeling for non finance professionals business finance all levels
1230950,the fast route to a faster financial close,business finance,intermediate level,2,0,50,1.5,the fast route to a faster financial close business finance intermediate level
953432,easy finance for startups,business finance,beginner level,9,4,50,0.6666666666666666,easy finance for startups business finance beginner level
872204,excel 4 accounting bookkeeping master date time text,business finance,all levels,15,1,35,1.0,excel 4 accounting bookkeeping master date time text business finance all levels
1027678,depreciation amortization and depletion,business finance,intermediate level,7,1,25,1.0,depreciation amortization and depletion business finance intermediate level
304420,breakeven analysis and pricing,business finance,all levels,27,2,20,1.0,breakeven analysis and pricing business finance all levels
1078254,tally erp complete training in urdu hindi,business finance,all levels,5,2,30,5.0,tally erp complete training in urdu hindi business finance all levels
1193288,accounting simplified,business finance,all levels,3,0,30,8.5,accounting simplified business finance all levels
1106148,series 7 intermediate options,business finance,intermediate level,5,0,55,1.0,series 7 intermediate options business finance intermediate level
1029322,accounting and business basics,business finance,all levels,5,0,200,2.0,accounting and business basics business finance all levels
676650,corso introduttivo al trading profittevole,business finance,beginner level,132,9,20,1.0,corso introduttivo al trading profittevole business finance beginner level
129274,aprende a ganar dinero en la bolsa,business finance,all levels,112,16,30,4.0,aprende a ganar dinero en la bolsa business finance all levels
634932,inversión fundamentos del trading para principiantes,business finance,beginner level,285,6,125,1.5,inversión fundamentos del trading para principiantes business finance beginner level
116924,gana en la bolsa con análisis técnico,business finance,beginner level,91,11,25,8.5,gana en la bolsa con análisis técnico business finance beginner level
1174086,precificação calculando valor de venda baseado nos custos,business finance,all levels,32,3,35,3.0,precificação calculando valor de venda baseado nos custos business finance all levels
369726,cómo ganar dinero invirtiendo en bolsa,business finance,beginner level,2740,306,0,2.0,cómo ganar dinero invirtiendo en bolsa business finance beginner level
427040,investiere in tax liens hohe zinsen gesetzl. festgeschrieben,business finance,all levels,59,11,20,1.5,investiere in tax liens hohe zinsen gesetzl. festgeschrieben business finance all levels
1132162,investimento em ações,business finance,beginner level,16,4,20,4.5,investimento em ações business finance beginner level
1206414,excelを使ってビジネスシミュレーション 基礎編,business finance,beginner level,22,5,85,5.0,excelを使ってビジネスシミュレーション 基礎編 business finance beginner level
997128,estrategias de trading en bolsa,business finance,all levels,15,2,25,2.0,estrategias de trading en bolsa business finance all levels
826168,grundlagen der finanziellen unabhängigkeit,business finance,all levels,1059,96,0,1.5,grundlagen der finanziellen unabhängigkeit business finance all levels
1039930,wie du dir auch mit kleinen beträgen ein vermögen aufbaust,business finance,all levels,187,3,70,7.0,wie du dir auch mit kleinen beträgen ein vermögen aufbaust business finance all levels
1232390,corporate ethics,business finance,beginner level,0,0,100,3.5,corporate ethics business finance beginner level
1232312,core financial statement concepts,business finance,intermediate level,0,0,50,1.5,core financial statement concepts business finance intermediate level
1251654,understand core finance principles in 60 minutes,business finance,beginner level,0,0,75,2.5,understand core finance principles in 60 minutes business finance beginner level
712994,learn wave accounting to maintain books properly,business finance,all levels,1089,50,0,3.0,learn wave accounting to maintain books properly business finance all levels
1024862,making tax digital uk hmrc legislation explained,business finance,all levels,743,0,0,1.0,making tax digital uk hmrc legislation explained business finance all levels
123242,surviving introduction to finance,business finance,beginner level,1362,7,0,3.0,surviving introduction to finance business finance beginner level
788720,cost of capital and weighted average cost of capital,business finance,all levels,405,3,0,1.0,cost of capital and weighted average cost of capital business finance all levels
196164,studying the cfa program exams mandarin language version,business finance,all levels,1168,9,0,0.6666666666666666,studying the cfa program exams mandarin language version business finance all levels
1268616,condor broken wing butterfly options trading course system,business finance,all levels,16,0,0,1.5,condor broken wing butterfly options trading course system business finance all levels
1100746,虎の巻 証券取引の 税金のお悩み 解消,business finance,intermediate level,3840,296,25,1.5,虎の巻 証券取引の 税金のお悩み 解消 business finance intermediate level
1005312,１日でマスター 今日からはじめる資産形成,business finance,beginner level,7183,819,20,1.0,１日でマスター 今日からはじめる資産形成 business finance beginner level
624016,trading for a living trading full time transition guide,business finance,intermediate level,483,10,195,3.5,trading for a living trading full time transition guide business finance intermediate level
323916,learn how to use channels to find amazing forex entries,business finance,all levels,172,48,45,1.0,learn how to use channels to find amazing forex entries business finance all levels
743568,financial analysis from scratch to professional,business finance,beginner level,256,29,65,3.5,financial analysis from scratch to professional business finance beginner level
479688,cost accounting labour costing professional course level,business finance,all levels,1542,1,20,2.0,cost accounting labour costing professional course level business finance all levels
1189592,learn how to successfully trade forex in 5 simple steps,business finance,all levels,64,7,95,8.5,learn how to successfully trade forex in 5 simple steps business finance all levels
578534,the intelligent investor,business finance,all levels,384,40,30,10.5,the intelligent investor business finance all levels
791574,succeed in futures even if you don t know where to start,business finance,all levels,3014,19,0,1.0,succeed in futures even if you don t know where to start business finance all levels
379196,binary options beginners guide nadex,business finance,beginner level,454,52,40,2.0,binary options beginners guide nadex business finance beginner level
331968,trading from wall street to your street,business finance,intermediate level,312,24,50,5.5,trading from wall street to your street business finance intermediate level
576636,build your own naked trading forex robot,business finance,all levels,315,28,40,2.0,build your own naked trading forex robot business finance all levels
724596,tax preparation learn fast prepare taxes with confidence,business finance,all levels,609,32,200,2.5,tax preparation learn fast prepare taxes with confidence business finance all levels
822808,tax strategies of the wealthy,business finance,beginner level,207,19,195,1.5,tax strategies of the wealthy business finance beginner level
932274,the ultimate fibonacci trading plan for forex and stocks,business finance,all levels,399,15,200,1.0,the ultimate fibonacci trading plan for forex and stocks business finance all levels
32908,finance and accounting for startups,business finance,all levels,1175,92,50,12.5,finance and accounting for startups business finance all levels
883394,forex calculate lot size like pro,business finance,all levels,543,14,20,0.6,forex calculate lot size like pro business finance all levels
20185,the complete forex trader,business finance,all levels,1634,142,25,7.0,the complete forex trader business finance all levels
188418,tape reading learn how to read the tape for day trading,business finance,all levels,1013,128,195,14.0,tape reading learn how to read the tape for day trading business finance all levels
975982,4 easy daily forex trades a recipe for trading success,business finance,all levels,319,19,200,1.0,4 easy daily forex trades a recipe for trading success business finance all levels
674352,trading robot forex programs in your sleep in live examples,business finance,expert level,1125,11,200,1.5,trading robot forex programs in your sleep in live examples business finance expert level
936884,free options 101 basic of call and put options in 1 hours,business finance,all levels,2481,71,0,1.5,free options 101 basic of call and put options in 1 hours business finance all levels
707644,an intro into trading the financial markets,business finance,beginner level,1006,14,100,1.5,an intro into trading the financial markets business finance beginner level
700140,developing a trading strategy your guide to trading success,business finance,all levels,1044,8,20,2.0,developing a trading strategy your guide to trading success business finance all levels
546656,how to trade commodity and financial futures for a living,business finance,all levels,1240,17,200,2.5,how to trade commodity and financial futures for a living business finance all levels
1041926,how to trade forex like a hedge fund long fx strategies,business finance,all levels,504,5,115,1.5,how to trade forex like a hedge fund long fx strategies business finance all levels
1253868,complete short financial ratio course for financial analysis,business finance,all levels,15,1,200,3.0,complete short financial ratio course for financial analysis business finance all levels
645634,how to build profitable forex automated trading strategies,business finance,all levels,358,8,200,2.5,how to build profitable forex automated trading strategies business finance all levels
528104,stock trading strategies profitable trading in 7 days.,business finance,all levels,80,10,50,5.5,stock trading strategies profitable trading in 7 days. business finance all levels
1053462,management accounting a complete study,business finance,all levels,133,3,150,17.5,management accounting a complete study business finance all levels
148028,become a career day trader asian pacific futures markets,business finance,all levels,207,8,20,3.5,become a career day trader asian pacific futures markets business finance all levels
179824,equity products,business finance,all levels,426,17,50,2.5,equity products business finance all levels
777276,financial accounting part i passing the class,business finance,beginner level,45,10,20,4.5,financial accounting part i passing the class business finance beginner level
174790,accounting 102 guide to business accounting,business finance,intermediate level,1280,1,50,8.5,accounting 102 guide to business accounting business finance intermediate level
247940,monetizing your website how to add cost per action cpa,business finance,all levels,142,4,35,1.0,monetizing your website how to add cost per action cpa business finance all levels
42146,advanced finance and accounting for startups,business finance,intermediate level,188,7,40,6.5,advanced finance and accounting for startups business finance intermediate level
408894,basics of tax in india college level,business finance,all levels,718,5,20,2.0,basics of tax in india college level business finance all levels
176136,trade for a living,business finance,all levels,293,14,20,8.0,trade for a living business finance all levels
929146,learn stock options options made simple 101,business finance,beginner level,93,13,35,5.0,learn stock options options made simple 101 business finance beginner level
260066,banking credit analysis process for bankers,business finance,beginner level,894,62,180,17.5,banking credit analysis process for bankers business finance beginner level
682514,professional forex strategy,business finance,expert level,353,21,50,1.5,professional forex strategy business finance expert level
66383,a beginners guide to technical analysis of stock charts,business finance,beginner level,829,78,40,8.5,a beginners guide to technical analysis of stock charts business finance beginner level
390198,get out of debt the power of using compounding interest,business finance,all levels,1195,3,50,2.0,get out of debt the power of using compounding interest business finance all levels
679238,day trading learn to day trade swing trade in one hour.,business finance,all levels,335,25,95,1.5,day trading learn to day trade swing trade in one hour. business finance all levels
476622,basel norms basel 1 basel 2 basel 3 simplified,business finance,beginner level,500,45,40,4.0,basel norms basel 1 basel 2 basel 3 simplified business finance beginner level
764010,learn to trade forex naked price action wammie trade,business finance,all levels,159,16,40,1.0,learn to trade forex naked price action wammie trade business finance all levels
178776,fixed income securities,business finance,all levels,739,54,50,4.5,fixed income securities business finance all levels
562668,financial accounting made easy for all,business finance,all levels,87,22,20,4.0,financial accounting made easy for all business finance all levels
521952,ultimate guide to trading engulfing candlestick strategy,business finance,all levels,185,36,200,2.5,ultimate guide to trading engulfing candlestick strategy business finance all levels
692268,learn business finance win more work as a business coach,business finance,beginner level,741,4,20,2.0,learn business finance win more work as a business coach business finance beginner level
258174,accounting for depreciation collage level,business finance,all levels,576,1,20,1.0,accounting for depreciation collage level business finance all levels
54677,revealed profitable principles of successful traders,business finance,all levels,1046,5,25,3.0,revealed profitable principles of successful traders business finance all levels
619716,easy market profits 3 step stock investing strategy,business finance,beginner level,486,3,20,3.0,easy market profits 3 step stock investing strategy business finance beginner level
986272,hedge fund trading systems for stocks part one,business finance,all levels,52,8,200,1.5,hedge fund trading systems for stocks part one business finance all levels
466558,bonds for beginners a guide to the bond markets,business finance,beginner level,106,14,20,0.5666666666666667,bonds for beginners a guide to the bond markets business finance beginner level
65113,professional risk manager prm certification level 4,business finance,all levels,38,7,50,8.0,professional risk manager prm certification level 4 business finance all levels
685190,crowdfunding for filmmakers,business finance,all levels,32,6,65,4.0,crowdfunding for filmmakers business finance all levels
179978,how to make it work successfully in capital markets,business finance,beginner level,171,8,50,3.0,how to make it work successfully in capital markets business finance beginner level
248338,introduction to day trading,business finance,beginner level,79,5,50,1.0,introduction to day trading business finance beginner level
455120,life coach business basics finance and operations,business finance,all levels,397,4,195,3.5,life coach business basics finance and operations business finance all levels
273448,learn how to profit in forex with market rhythms,business finance,all levels,85,5,20,1.5,learn how to profit in forex with market rhythms business finance all levels
803028,optimizing investment to maximise your return,business finance,all levels,1696,22,0,0.6333333333333333,optimizing investment to maximise your return business finance all levels
985104,investimento em ações para leigos,business finance,beginner level,201,46,20,2.5,investimento em ações para leigos business finance beginner level
396888,introducción a la contabilidad,business finance,beginner level,1235,31,30,2.5,introducción a la contabilidad business finance beginner level
1001010,forex trading strategia correlazione eur gbp vs gbp usd,business finance,intermediate level,137,39,50,1.5,forex trading strategia correlazione eur gbp vs gbp usd business finance intermediate level
950748,finanzielle unabhängigkeit 2 millionär werden mit investment,business finance,intermediate level,384,37,20,0.7166666666666667,finanzielle unabhängigkeit 2 millionär werden mit investment business finance intermediate level
1250694,カードゲームでカンタンに理解する 経済とお金のキホン,business finance,beginner level,103,3,20,1.0,カードゲームでカンタンに理解する 経済とお金のキホン business finance beginner level
932454,contabilidad rápida y eficaz,business finance,all levels,379,60,40,2.0,contabilidad rápida y eficaz business finance all levels
400464,introducción al trading de opciones,business finance,beginner level,1573,122,100,5.5,introducción al trading de opciones business finance beginner level
1021104,aprenda a investir seu dinheiro,business finance,all levels,150,28,85,2.5,aprenda a investir seu dinheiro business finance all levels
1193056,trader sur le forex avec ichimoku,business finance,beginner level,48,12,90,2.5,trader sur le forex avec ichimoku business finance beginner level
986024,العلوم والمبادئ الأساسية للمهنة الإكتوارية,business finance,beginner level,781,7,25,0.65,العلوم والمبادئ الأساسية للمهنة الإكتوارية business finance beginner level
352782,トレーディングビュー徹底攻略2017年版,business finance,all levels,952,77,55,3.0,トレーディングビュー徹底攻略2017年版 business finance all levels
749468,kostenrechnung lernen leicht gemacht,business finance,beginner level,612,46,40,3.0,kostenrechnung lernen leicht gemacht business finance beginner level
915206,metatrader4 platform training,business finance,beginner level,1819,45,0,1.5,metatrader4 platform training business finance beginner level
615206,professional bookkeeping accounting 1 sales purchases,business finance,all levels,551,22,35,1.5,professional bookkeeping accounting 1 sales purchases business finance all levels
368916,step by step guide to understand how business perform,business finance,intermediate level,788,3,20,0.6333333333333333,step by step guide to understand how business perform business finance intermediate level
787508,how to grow your small business and not run out of cash,business finance,beginner level,408,3,25,1.5,how to grow your small business and not run out of cash business finance beginner level
249934,finance for non finance executives,business finance,beginner level,944,44,180,13.0,finance for non finance executives business finance beginner level
323828,an introduction mt4 email sound notification forex alerts,business finance,intermediate level,323,30,20,0.6166666666666667,an introduction mt4 email sound notification forex alerts business finance intermediate level
1223000,innovators and innovation travel through time,business finance,beginner level,101,0,50,6.0,innovators and innovation travel through time business finance beginner level
772950,learn how to trade the stock market,business finance,all levels,984,3,20,4.0,learn how to trade the stock market business finance all levels
900472,how to earn some bitcoin every time you use a search engine,business finance,all levels,89,23,20,1.0,how to earn some bitcoin every time you use a search engine business finance all levels
796486,super fast accounting the fastest way to do your books,business finance,beginner level,129,21,25,0.5666666666666667,super fast accounting the fastest way to do your books business finance beginner level
871358,financial modeling and valuation complete beginner to pro,business finance,all levels,249,46,50,5.0,financial modeling and valuation complete beginner to pro business finance all levels
931588,learn to trade chart patterns,business finance,intermediate level,75,8,20,2.0,learn to trade chart patterns business finance intermediate level
880202,anatomy and figure drawing for beginners,graphic design,beginner level,2252,240,150,21.0,anatomy and figure drawing for beginners graphic design beginner level
1197206,illustrator cc masterclass,graphic design,all levels,462,50,95,12.0,illustrator cc masterclass graphic design all levels
1117796,typographic logo design in illustrator beginners beyond,graphic design,all levels,1720,40,150,1.5,typographic logo design in illustrator beginners beyond graphic design all levels
1219520,adobe illustrator t shirt design for merch by amazon,graphic design,all levels,390,44,20,1.0,adobe illustrator t shirt design for merch by amazon graphic design all levels
595876,logo design in adobe illustrator for beginners beyond,graphic design,all levels,4297,337,200,7.5,logo design in adobe illustrator for beginners beyond graphic design all levels
1216132,learn adobe illustrator semi automatic mandalas drawing,graphic design,all levels,1076,15,200,1.0,learn adobe illustrator semi automatic mandalas drawing graphic design all levels
1145736,create professional looking infographics with no experience,graphic design,beginner level,9367,104,180,2.0,create professional looking infographics with no experience graphic design beginner level
28556,discover how to draw and paint comics,graphic design,all levels,8901,424,65,62.0,discover how to draw and paint comics graphic design all levels
317278,typographic logos typography and lettering for logo design,graphic design,intermediate level,4235,427,25,1.5,typographic logos typography and lettering for logo design graphic design intermediate level
573064,photoshop in ease create world amazing graphic designs,graphic design,all levels,14440,182,20,3.0,photoshop in ease create world amazing graphic designs graphic design all levels
1120554,canva graphics design essential training for everyone,graphic design,all levels,12340,124,200,2.5,canva graphics design essential training for everyone graphic design all levels
1151326,triangulated bird origami styled bird in adobe illustrator,graphic design,intermediate level,2027,11,195,0.5,triangulated bird origami styled bird in adobe illustrator graphic design intermediate level
590794,illustrator quick tip 10分でkawaiiカメレオンを描こう,graphic design,all levels,381,24,0,0.6,illustrator quick tip 10分でkawaiiカメレオンを描こう graphic design all levels
1181578,deinen roman setzen mit pageplus in 10 einfachen schritten,graphic design,all levels,69,6,0,3.5,deinen roman setzen mit pageplus in 10 einfachen schritten graphic design all levels
1261122,画像加工の初心者でも １日 で初歩を覚えられる無料講座,graphic design,beginner level,21,0,0,1.0,画像加工の初心者でも １日 で初歩を覚えられる無料講座 graphic design beginner level
749542,graphic design bootcamp,graphic design,beginner level,15276,1740,200,8.0,graphic design bootcamp graphic design beginner level
874012,the ultimate drawing course beginner to advanced,graphic design,beginner level,26742,2379,150,11.0,the ultimate drawing course beginner to advanced graphic design beginner level
1046722,ultimate photoshop training from beginner to pro,graphic design,beginner level,5326,447,200,11.5,ultimate photoshop training from beginner to pro graphic design beginner level
820194,photoshop for entrepreneurs design 11 practical projects,graphic design,all levels,36288,737,200,5.0,photoshop for entrepreneurs design 11 practical projects graphic design all levels
62721,anatomy for figure drawing mastering the human figure,graphic design,all levels,15500,754,95,68.5,anatomy for figure drawing mastering the human figure graphic design all levels
371074,sketch 3 from a to z become an app designer,graphic design,all levels,7282,1629,75,3.5,sketch 3 from a to z become an app designer graphic design all levels
20461,how to design a logo a beginners course,graphic design,all levels,10875,650,30,2.5,how to design a logo a beginners course graphic design all levels
416548,logo design masterclass learn logo design + illustrator,graphic design,all levels,8196,479,200,6.5,logo design masterclass learn logo design + illustrator graphic design all levels
1047436,how to draw and sketch for beginners,graphic design,beginner level,1360,175,150,9.0,how to draw and sketch for beginners graphic design beginner level
396204,graphic design masterclass learn graphic design in projects,graphic design,beginner level,6858,382,95,3.5,graphic design masterclass learn graphic design in projects graphic design beginner level
897238,canva graphics design for entrepreneurs design 11 projects,graphic design,all levels,18303,202,200,3.5,canva graphics design for entrepreneurs design 11 projects graphic design all levels
1067516,vector logo design in affinity designer,graphic design,all levels,1789,102,150,3.0,vector logo design in affinity designer graphic design all levels
1008100,how to create a low poly portrait with the pen tool,graphic design,beginner level,293,5,195,1.0,how to create a low poly portrait with the pen tool graphic design beginner level
832870,photo editing in photoshop beginner to advanced in 1 hour,graphic design,beginner level,662,5,20,1.0,photo editing in photoshop beginner to advanced in 1 hour graphic design beginner level
642656,how to create kindle ebook covers with canva,graphic design,beginner level,1279,3,30,1.5,how to create kindle ebook covers with canva graphic design beginner level
428220,how to make professional ebook covers for free,graphic design,all levels,1080,6,20,3.0,how to make professional ebook covers for free graphic design all levels
1184664,design business card in photoshop earn money by doing it,graphic design,beginner level,120,10,50,3.5,design business card in photoshop earn money by doing it graphic design beginner level
65596,learn to create beautiful web interfaces and logos,graphic design,all levels,1085,76,20,1.0,learn to create beautiful web interfaces and logos graphic design all levels
1018358,illustrated logo design,graphic design,intermediate level,447,2,25,1.0,illustrated logo design graphic design intermediate level
16714,color basics for print designers,graphic design,all levels,372,21,20,0.6,color basics for print designers graphic design all levels
657764,digital photo manipulation art and cover design in photoshop,graphic design,beginner level,721,7,50,5.0,digital photo manipulation art and cover design in photoshop graphic design beginner level
231970,drawing perspective for beginners,graphic design,all levels,736,50,150,7.5,drawing perspective for beginners graphic design all levels
981684,adobe indesign cc advanced,graphic design,expert level,114,24,30,3.5,adobe indesign cc advanced graphic design expert level
669174,intro to photoshop for merch by amazon,graphic design,beginner level,331,24,25,1.0,intro to photoshop for merch by amazon graphic design beginner level
185526,microstation células,graphic design,beginner level,0,0,20,0.6166666666666667,microstation células graphic design beginner level
1185898,photoshop creación de efectos 2,graphic design,beginner level,0,0,30,1.0,photoshop creación de efectos 2 graphic design beginner level
1177156,como criar logos de sucesso start designer,graphic design,beginner level,0,0,25,6.0,como criar logos de sucesso start designer graphic design beginner level
177614,super textos con photoshop,graphic design,beginner level,0,0,20,2.0,super textos con photoshop graphic design beginner level
1128984,photoshop aprende a transformar imágenes,graphic design,beginner level,0,0,20,1.0,photoshop aprende a transformar imágenes graphic design beginner level
185528,iníciate en microstation,graphic design,beginner level,0,0,20,1.0,iníciate en microstation graphic design beginner level
872262,adobe photoshop pentru social media,graphic design,beginner level,0,0,20,0.5666666666666667,adobe photoshop pentru social media graphic design beginner level
1137738,photoshop creación de efectos,graphic design,beginner level,0,0,20,1.0,photoshop creación de efectos graphic design beginner level
1185535,cómo crear maquetas con adobe xd,graphic design,beginner level,217,2,0,3.0,cómo crear maquetas con adobe xd graphic design beginner level
896742,aprenda modelagem 3d com o 123d design,graphic design,beginner level,334,26,0,1.0,aprenda modelagem 3d com o 123d design graphic design beginner level
609642,ferramentas visuais,graphic design,beginner level,817,42,0,5.0,ferramentas visuais graphic design beginner level
723818,adobe indesign cc başlangıç,graphic design,beginner level,637,21,0,2.5,adobe indesign cc başlangıç graphic design beginner level
1085646,how to doodle basics and lettering,graphic design,all levels,2358,28,185,1.0,how to doodle basics and lettering graphic design all levels
1062048,mastering photoshop cc 2017 the art of design technology,graphic design,all levels,3721,95,20,6.5,mastering photoshop cc 2017 the art of design technology graphic design all levels
1160004,design a logo for free in inkscape,graphic design,all levels,1148,26,100,2.0,design a logo for free in inkscape graphic design all levels
1087244,foundation skills on adobe illustrator learn fast,graphic design,beginner level,2489,39,50,2.0,foundation skills on adobe illustrator learn fast graphic design beginner level
1169062,how to create amazing cinemagraphs with microsoft powerpoint,graphic design,beginner level,1782,18,30,1.0,how to create amazing cinemagraphs with microsoft powerpoint graphic design beginner level
520468,canva graphic design theory volume1,graphic design,all levels,6975,122,200,2.5,canva graphic design theory volume1 graphic design all levels
693812,master app icon design for iphone ios android devices,graphic design,intermediate level,9464,329,25,2.0,master app icon design for iphone ios android devices graphic design intermediate level
1196852,photoshop how to create stunning collages,graphic design,beginner level,2044,17,20,1.5,photoshop how to create stunning collages graphic design beginner level
1149656,mastering advance photoshop,graphic design,intermediate level,5787,40,20,2.0,mastering advance photoshop graphic design intermediate level
385462,logo designing for your business in an hour,graphic design,all levels,25277,311,20,1.0,logo designing for your business in an hour graphic design all levels
1094930,diy design professional web banners in photoshop 4 beginners,graphic design,beginner level,6944,30,200,1.0,diy design professional web banners in photoshop 4 beginners graphic design beginner level
561188,photoshop cc for beginners a comprehensive crash course,graphic design,beginner level,6028,205,200,2.5,photoshop cc for beginners a comprehensive crash course graphic design beginner level
600486,teoria basica del arte. como pintar ilustraciones digitales,graphic design,beginner level,5104,437,20,1.0,teoria basica del arte. como pintar ilustraciones digitales graphic design beginner level
501140,illustrator cc para novatos desde cero hasta experto,graphic design,all levels,2476,466,150,11.0,illustrator cc para novatos desde cero hasta experto graphic design all levels
405488,photoshop para novatos desde cero hasta experto,graphic design,all levels,3000,470,150,12.0,photoshop para novatos desde cero hasta experto graphic design all levels
1219326,diventa un professionista del graphic design,graphic design,all levels,185,10,200,17.5,diventa un professionista del graphic design graphic design all levels
1029554,formação em design gráfico com corel draw versões x8 2017.,graphic design,beginner level,418,85,45,11.0,formação em design gráfico com corel draw versões x8 2017. graphic design beginner level
1009068,abc do photoshop cc,graphic design,beginner level,431,99,45,7.5,abc do photoshop cc graphic design beginner level
1276020,photoshop para iniciante o básico,graphic design,beginner level,23,2,30,3.0,photoshop para iniciante o básico graphic design beginner level
1202746,curso online de adobe illustrator cc e cs6,graphic design,all levels,126,18,80,13.0,curso online de adobe illustrator cc e cs6 graphic design all levels
1226518,photoshop illustrator cc essentials in arabic,graphic design,beginner level,3329,193,0,3.5,photoshop illustrator cc essentials in arabic graphic design beginner level
870368,photoshop from zero to hero arabic,graphic design,beginner level,720,220,60,12.5,photoshop from zero to hero arabic graphic design beginner level
1223336,photoshop essentials uma introdução detalhada,graphic design,beginner level,800,39,0,2.5,photoshop essentials uma introdução detalhada graphic design beginner level
1257870,photoshop cc 2015 top new features,graphic design,all levels,1477,3,0,0.65,photoshop cc 2015 top new features graphic design all levels
519968,expert guide mastering types feature in illustrator,graphic design,all levels,1552,11,190,2.5,expert guide mastering types feature in illustrator graphic design all levels
656914,cartoon game logo design using photoshop,graphic design,all levels,1076,11,20,2.5,cartoon game logo design using photoshop graphic design all levels
787204,most wanted flat design techniques #2 hipster businessman,graphic design,intermediate level,1016,5,95,1.5,most wanted flat design techniques #2 hipster businessman graphic design intermediate level
380668,all in one premium design course scratch to pro+ edition,graphic design,all levels,919,57,200,5.5,all in one premium design course scratch to pro+ edition graphic design all levels
412864,typography 101 picking the right fonts for business success,graphic design,beginner level,1224,10,75,1.5,typography 101 picking the right fonts for business success graphic design beginner level
463354,editorial illustration tutorial from drawing to photoshop,graphic design,all levels,774,39,45,2.5,editorial illustration tutorial from drawing to photoshop graphic design all levels
636548,kindle ebook cover design and book illustration guide,graphic design,all levels,715,16,120,1.0,kindle ebook cover design and book illustration guide graphic design all levels
513782,removing backgrounds from images using adobe photoshop,graphic design,all levels,1768,20,20,0.6833333333333333,removing backgrounds from images using adobe photoshop graphic design all levels
19164,graphic design secrets revealed,graphic design,all levels,2555,28,95,6.0,graphic design secrets revealed graphic design all levels
637402,drawing in perspective,graphic design,all levels,426,63,25,3.0,drawing in perspective graphic design all levels
901082,digital art in adobe illustrator cc angry bird tom jerry,graphic design,beginner level,3108,27,0,2.5,digital art in adobe illustrator cc angry bird tom jerry graphic design beginner level
608090,adobe illustrator for beginners design a typographic logo,graphic design,beginner level,276,54,30,1.5,adobe illustrator for beginners design a typographic logo graphic design beginner level
1165016,surface pattern design create scandinavian patterns,graphic design,all levels,390,6,40,0.7,surface pattern design create scandinavian patterns graphic design all levels
755680,draw a realistic fantail using pencil,graphic design,all levels,6754,109,0,1.0,draw a realistic fantail using pencil graphic design all levels
930416,how to design a business card on photoshop for beginners,graphic design,beginner level,5086,197,0,1.0,how to design a business card on photoshop for beginners graphic design beginner level
784478,make flat design space ships in 30 minutes in illustrator,graphic design,beginner level,1146,41,50,0.55,make flat design space ships in 30 minutes in illustrator graphic design beginner level
17349,figure drawing from life using the reilly technique.,graphic design,all levels,47811,1041,0,2.5,figure drawing from life using the reilly technique. graphic design all levels
93484,drawing cartoony characters,graphic design,beginner level,1564,103,20,2.0,drawing cartoony characters graphic design beginner level
927186,learn blender 3d the introduction course,graphic design,beginner level,739,12,100,1.5,learn blender 3d the introduction course graphic design beginner level
628440,inkscape for beginners 2016 2017,graphic design,all levels,1029,52,40,4.0,inkscape for beginners 2016 2017 graphic design all levels
1047508,make yourself a santa claus photoshop manipulation,graphic design,all levels,2665,20,0,0.5666666666666667,make yourself a santa claus photoshop manipulation graphic design all levels
406504,become an indesign pro in 10 skills,graphic design,beginner level,1079,172,105,5.0,become an indesign pro in 10 skills graphic design beginner level
644914,digital illustration make a custom character illustration,graphic design,all levels,1440,16,30,1.5,digital illustration make a custom character illustration graphic design all levels
908324,learn basics of adobe illustrator,graphic design,beginner level,1401,30,25,0.7,learn basics of adobe illustrator graphic design beginner level
15611,discover the 7 secrets to figure drawing draw awesome ...,graphic design,all levels,2634,92,40,10.0,discover the 7 secrets to figure drawing draw awesome ... graphic design all levels
775252,logo design in powerpoint,graphic design,beginner level,1046,12,95,1.0,logo design in powerpoint graphic design beginner level
850426,photoshop cc masterclass,graphic design,all levels,505,88,95,11.5,photoshop cc masterclass graphic design all levels
530426,become a logo designer,graphic design,all levels,827,50,95,2.5,become a logo designer graphic design all levels
627782,learn illustrator by recreating top 3 logos beginner guide,graphic design,beginner level,8786,245,0,1.0,learn illustrator by recreating top 3 logos beginner guide graphic design beginner level
1211198,illustrative surface patterns design from life to products,graphic design,all levels,253,1,40,1.0,illustrative surface patterns design from life to products graphic design all levels
294294,effective ios android app icon design,graphic design,beginner level,1933,25,20,1.0,effective ios android app icon design graphic design beginner level
692920,creating an animated greeting card via google slides,graphic design,beginner level,1504,10,20,1.5,creating an animated greeting card via google slides graphic design beginner level
349144,photoshop learn digital painting basics in photoshop,graphic design,beginner level,1332,31,20,2.0,photoshop learn digital painting basics in photoshop graphic design beginner level
711688,learning photoshop cc 2014 in egyptian arabic,graphic design,all levels,1150,68,70,3.5,learning photoshop cc 2014 in egyptian arabic graphic design all levels
625920,make tech circles in photoshop in 30 minutes,graphic design,all levels,1056,15,50,0.5666666666666667,make tech circles in photoshop in 30 minutes graphic design all levels
286508,graphic design the quick guide,graphic design,beginner level,1350,29,30,0.6333333333333333,graphic design the quick guide graphic design beginner level
768940,learn corel x7 like a pro,graphic design,intermediate level,1586,8,20,0.5166666666666666,learn corel x7 like a pro graphic design intermediate level
640428,make tech circles in adobe illustrator in 30 minutes,graphic design,all levels,821,15,200,0.5333333333333333,make tech circles in adobe illustrator in 30 minutes graphic design all levels
1168910,easy illustration and 2d animation,graphic design,all levels,56,16,65,0.5666666666666667,easy illustration and 2d animation graphic design all levels
640426,make tech circles in adobe photoshop and illustrator,graphic design,all levels,1150,10,200,1.0,make tech circles in adobe photoshop and illustrator graphic design all levels
300466,turn your photos into professional and modern artworks,graphic design,all levels,1557,11,20,1.5,turn your photos into professional and modern artworks graphic design all levels
682060,calligraphy for beginners creating strong lines,graphic design,beginner level,246,30,40,0.6833333333333333,calligraphy for beginners creating strong lines graphic design beginner level
809216,canva design album cover artwork in minutes no more fees,graphic design,beginner level,3103,42,0,0.6666666666666666,canva design album cover artwork in minutes no more fees graphic design beginner level
532140,getting started with photoshop cc,graphic design,beginner level,1090,14,75,4.5,getting started with photoshop cc graphic design beginner level
546832,learn adobe photoshop in 1 hour,graphic design,all levels,1235,15,50,1.0,learn adobe photoshop in 1 hour graphic design all levels
1260674,learn comic book color flatting coloring assistant role,graphic design,beginner level,946,3,0,0.6666666666666666,learn comic book color flatting coloring assistant role graphic design beginner level
288110,illustrator creating stylised images from a photo,graphic design,all levels,1500,11,50,0.6833333333333333,illustrator creating stylised images from a photo graphic design all levels
388104,gimp in depth essential training course free photoshop alt.,graphic design,all levels,1452,21,20,2.0,gimp in depth essential training course free photoshop alt. graphic design all levels
742392,conviértete en un experto de photoshop cc naked series,graphic design,intermediate level,24,5,30,12.0,conviértete en un experto de photoshop cc naked series graphic design intermediate level
1265678,corso completo di e on vue x stream per tutti,graphic design,all levels,3,1,70,3.5,corso completo di e on vue x stream per tutti graphic design all levels
814200,商業好設計 illustrator個性商品設計,graphic design,beginner level,20,3,20,0.6833333333333333,商業好設計 illustrator個性商品設計 graphic design beginner level
468182,ilustración de la a a la z,graphic design,all levels,33,3,20,3.0,ilustración de la a a la z graphic design all levels
789670,diseño gráfico fácil y rápido.,graphic design,all levels,97,9,20,13.5,diseño gráfico fácil y rápido. graphic design all levels
1009622,超基礎 超入門 作りながら学ぶ 完全無料3dcgソフトblender,graphic design,beginner level,8,1,80,5.5,超基礎 超入門 作りながら学ぶ 完全無料3dcgソフトblender graphic design beginner level
1164570,调色高级讲解,graphic design,beginner level,4,2,200,1.0,调色高级讲解 graphic design beginner level
686430,curso de corel draw como hacer todo para tu fiesta temática,graphic design,beginner level,10,3,125,2.5,curso de corel draw como hacer todo para tu fiesta temática graphic design beginner level
1007622,infodesign,graphic design,beginner level,2,1,50,1.5,infodesign graphic design beginner level
1031648,تصميم القوالب الدائرية بالفيغاس circular templates vegas,graphic design,all levels,5,2,20,0.6,تصميم القوالب الدائرية بالفيغاس circular templates vegas graphic design all levels
1069348,affinity designer tworzenie wzorków,graphic design,beginner level,1,1,20,1.5,affinity designer tworzenie wzorków graphic design beginner level
181294,photoshop creando efectos de luz,graphic design,beginner level,3,1,20,1.5,photoshop creando efectos de luz graphic design beginner level
780150,learning photoshop cc 2015,graphic design,all levels,311,49,50,10.5,learning photoshop cc 2015 graphic design all levels
922464,create awesome ebook covers using microsoft word,graphic design,all levels,447,6,45,3.5,create awesome ebook covers using microsoft word graphic design all levels
855188,photoshop essentials designing facebook graphics,graphic design,beginner level,616,3,20,1.5,photoshop essentials designing facebook graphics graphic design beginner level
855764,advance learning tools corel draw graphics design,graphic design,beginner level,797,13,40,14.0,advance learning tools corel draw graphics design graphic design beginner level
699376,creating an animated greeting card via google slides,graphic design,beginner level,549,10,20,1.0,creating an animated greeting card via google slides graphic design beginner level
192726,logo design for entrepreneurs,graphic design,beginner level,274,10,20,3.5,logo design for entrepreneurs graphic design beginner level
358998,sketch 3 design a mobile application from scratch,graphic design,all levels,709,14,45,2.5,sketch 3 design a mobile application from scratch graphic design all levels
525446,draw a kitten,graphic design,all levels,3812,68,0,1.5,draw a kitten graphic design all levels
638040,adobe photoshop essentials master adobe photoshop cs6,graphic design,beginner level,1373,5,100,2.5,adobe photoshop essentials master adobe photoshop cs6 graphic design beginner level
502588,learn gimp,graphic design,all levels,441,53,20,6.5,learn gimp graphic design all levels
1177670,texturing for designers bring life to design with textures,graphic design,all levels,201,0,60,1.0,texturing for designers bring life to design with textures graphic design all levels
753774,learn advanced photoshop selections,graphic design,all levels,661,4,25,1.5,learn advanced photoshop selections graphic design all levels
530436,indesign diseño de proyectos paso a paso,graphic design,intermediate level,300,40,150,4.5,indesign diseño de proyectos paso a paso graphic design intermediate level
690918,domina el diseño gráfico para web con photoshop cc,graphic design,all levels,211,34,70,6.5,domina el diseño gráfico para web con photoshop cc graphic design all levels
927336,graphicriver autor verkaufe deine designs online,graphic design,all levels,65,8,30,1.5,graphicriver autor verkaufe deine designs online graphic design all levels
1022032,adobe illustrator cc,graphic design,intermediate level,43,12,20,9.5,adobe illustrator cc graphic design intermediate level
1101806,캔바 canva 로 sns 콘텐츠 만들기,graphic design,beginner level,44,13,30,2.0,캔바 canva 로 sns 콘텐츠 만들기 graphic design beginner level
1246168,illustrator para criação de peças gráficas design gráfico,graphic design,beginner level,33,3,100,1.5,illustrator para criação de peças gráficas design gráfico graphic design beginner level
1242692,photoshop workflow manipulação de imagem para publicidade,graphic design,expert level,20,8,135,12.5,photoshop workflow manipulação de imagem para publicidade graphic design expert level
1185390,como produzir ebook e livros com adobe indesign cc e cs6,graphic design,all levels,37,6,80,12.5,como produzir ebook e livros com adobe indesign cc e cs6 graphic design all levels
700942,curso básico de gimp software gratis de diseño gráfico,graphic design,beginner level,190,25,60,2.0,curso básico de gimp software gratis de diseño gráfico graphic design beginner level
804096,curso completo de solidworks 2016.,graphic design,all levels,129,27,30,9.0,curso completo de solidworks 2016. graphic design all levels
733654,なぞるだけですぐできる 簡単手描きイラスト講座,graphic design,beginner level,123,12,30,3.0,なぞるだけですぐできる 簡単手描きイラスト講座 graphic design beginner level
994312,découvrez indesign en 1 heure,graphic design,beginner level,38,3,20,1.0,découvrez indesign en 1 heure graphic design beginner level
902300,convert image to vector in adobe illustrator,graphic design,intermediate level,3251,158,0,0.5166666666666666,convert image to vector in adobe illustrator graphic design intermediate level
522426,design create vector graphics with inkscape 2016,graphic design,beginner level,2091,11,200,2.5,design create vector graphics with inkscape 2016 graphic design beginner level
550360,gimp for beginners. make your own professional book covers,graphic design,beginner level,1002,29,20,6.5,gimp for beginners. make your own professional book covers graphic design beginner level
314698,learn photoshop quickly for bloggers web images,graphic design,beginner level,806,53,80,2.5,learn photoshop quickly for bloggers web images graphic design beginner level
960898,photoshop cc 2017 for beginners master photoshop essentials,graphic design,beginner level,389,20,195,3.0,photoshop cc 2017 for beginners master photoshop essentials graphic design beginner level
1245392,voxel 3d model creation course,graphic design,all levels,1031,9,0,0.65,voxel 3d model creation course graphic design all levels
661628,logo design mastering the wordmark,graphic design,all levels,500,29,20,2.0,logo design mastering the wordmark graphic design all levels
1199928,the complete canva course,graphic design,all levels,68,11,200,4.5,the complete canva course graphic design all levels
923902,learn photoshop for design 100 practical projects,graphic design,all levels,651,5,20,0.6666666666666666,learn photoshop for design 100 practical projects graphic design all levels
720300,logo design theory application bootcamp,graphic design,all levels,341,57,50,7.0,logo design theory application bootcamp graphic design all levels
79120,latex for professional publications,graphic design,beginner level,867,203,25,3.0,latex for professional publications graphic design beginner level
1106490,the design theory blitz,graphic design,beginner level,142,35,35,0.7,the design theory blitz graphic design beginner level
424770,book design with ms word and canva,graphic design,all levels,1825,24,95,2.5,book design with ms word and canva graphic design all levels
22445,learn to design a letterhead a beginners course,graphic design,all levels,24687,423,0,0.7333333333333333,learn to design a letterhead a beginners course graphic design all levels
581352,creating icons with adobe illustrator,graphic design,all levels,2266,26,30,1.0,creating icons with adobe illustrator graphic design all levels
874656,create stunning infographics to share your ideas,graphic design,beginner level,5175,470,0,0.5,create stunning infographics to share your ideas graphic design beginner level
1156778,how to stylize your photos in photoshop with color overlays,graphic design,beginner level,3512,58,0,1.5,how to stylize your photos in photoshop with color overlays graphic design beginner level
870936,business card and letterhead design in adobe illustrator,graphic design,all levels,797,30,200,2.0,business card and letterhead design in adobe illustrator graphic design all levels
413713,a complete guide to successful freelance logo design career,graphic design,all levels,2745,61,145,8.5,a complete guide to successful freelance logo design career graphic design all levels
52457,the logo design process from start to finish,graphic design,all levels,2361,74,95,5.5,the logo design process from start to finish graphic design all levels
446936,creative logo design with inkscape for free,graphic design,all levels,1530,49,40,4.0,creative logo design with inkscape for free graphic design all levels
77896,typography fundamentals feel confident with type,graphic design,beginner level,1873,121,20,1.0,typography fundamentals feel confident with type graphic design beginner level
654038,how to sell your art online with etsy,graphic design,beginner level,1338,38,100,3.0,how to sell your art online with etsy graphic design beginner level
438420,ultimate guide on freelancing career in photoshop design,graphic design,all levels,1479,49,165,6.5,ultimate guide on freelancing career in photoshop design graphic design all levels
1246636,photoshop como criar fusão de forma profissional,graphic design,all levels,38,6,30,4.0,photoshop como criar fusão de forma profissional graphic design all levels
406424,photoshop illustrator indesign graphic design principles,graphic design,all levels,934,143,30,12.0,photoshop illustrator indesign graphic design principles graphic design all levels
1243016,photoshop tratamento de pele profissional,graphic design,intermediate level,50,5,100,1.5,photoshop tratamento de pele profissional graphic design intermediate level
1266468,indesign para quem quer trabalhar com design gráfico,graphic design,intermediate level,27,7,100,2.5,indesign para quem quer trabalhar com design gráfico graphic design intermediate level
611804,primeros pasos con photoshop cc,graphic design,beginner level,6429,654,0,2.5,primeros pasos con photoshop cc graphic design beginner level
276680,cómo diseñar logos,graphic design,beginner level,422,120,25,3.5,cómo diseñar logos graphic design beginner level
922092,photoshop para principiantes de cero a experto,graphic design,beginner level,410,15,120,7.5,photoshop para principiantes de cero a experto graphic design beginner level
1274846,photoshop avançado pós produção e fusão com 3d,graphic design,expert level,15,0,135,1.0,photoshop avançado pós produção e fusão com 3d graphic design expert level
1093446,abc do adobe illustrator,graphic design,beginner level,115,15,35,5.5,abc do adobe illustrator graphic design beginner level
1000116,خطوتك الأولى لتعلم الفوتوشوبphotoshop,graphic design,beginner level,272,11,20,2.0,خطوتك الأولى لتعلم الفوتوشوبphotoshop graphic design beginner level
673142,master course realistisch zeichnen lernen,graphic design,all levels,280,46,20,5.0,master course realistisch zeichnen lernen graphic design all levels
701468,photoshopマスターコース 基礎から上級まで ステップバイステップでphotoshopのすべてを学ぼう,graphic design,all levels,354,27,70,13.0,photoshopマスターコース 基礎から上級まで ステップバイステップでphotoshopのすべてを学ぼう graphic design all levels
399938,professional logo design in adobe illustrator,graphic design,all levels,44044,1563,0,7.5,professional logo design in adobe illustrator graphic design all levels
555952,learn ui ux and mobile app design in photoshop from scratch,graphic design,all levels,1367,61,145,3.0,learn ui ux and mobile app design in photoshop from scratch graphic design all levels
341952,mastering photoshop from beginner to industry professional,graphic design,intermediate level,1754,52,25,12.5,mastering photoshop from beginner to industry professional graphic design intermediate level
474076,expert retina hidpi graphics in photoshop illustrator,graphic design,all levels,2067,8,195,1.5,expert retina hidpi graphics in photoshop illustrator graphic design all levels
839536,start making comics with manga studio 5 clip studio paint,graphic design,all levels,5301,125,0,6.5,start making comics with manga studio 5 clip studio paint graphic design all levels
787340,most wanted flat design techniques #1 desert island,graphic design,intermediate level,4294,143,0,1.0,most wanted flat design techniques #1 desert island graphic design intermediate level
559204,photoshop quickstart guide to digital sketching,graphic design,beginner level,1679,24,20,1.0,photoshop quickstart guide to digital sketching graphic design beginner level
1197810,gestalt principles pattern design create festive pattern,graphic design,all levels,327,0,50,1.0,gestalt principles pattern design create festive pattern graphic design all levels
971260,logo design design a logo in photoshop for beginners,graphic design,beginner level,740,20,30,0.5833333333333334,logo design design a logo in photoshop for beginners graphic design beginner level
960326,advanced features in adobe illustrator,graphic design,intermediate level,1348,6,30,1.0,advanced features in adobe illustrator graphic design intermediate level
144222,you can draw shade and paint a mixed media girl...today,graphic design,beginner level,1249,44,30,3.0,you can draw shade and paint a mixed media girl...today graphic design beginner level
447210,photoshop gimp quick easy image hacks for beginners,graphic design,beginner level,1275,26,135,3.5,photoshop gimp quick easy image hacks for beginners graphic design beginner level
482208,learn photoshop cc essentials,graphic design,beginner level,3117,30,75,4.5,learn photoshop cc essentials graphic design beginner level
998580,mobile app design from beginner to intermediate,graphic design,all levels,896,21,140,10.0,mobile app design from beginner to intermediate graphic design all levels
475214,text based logo design for business using adobe photoshop,graphic design,all levels,4208,25,20,1.0,text based logo design for business using adobe photoshop graphic design all levels
77532,graphic design for entrepreneurs...who can t draw,graphic design,beginner level,3903,51,20,1.5,graphic design for entrepreneurs...who can t draw graphic design beginner level
846214,business card design in powerpoint,graphic design,beginner level,1710,13,95,1.0,business card design in powerpoint graphic design beginner level
951912,adobe how to create a professional video title web banner,graphic design,all levels,1606,8,20,0.7333333333333333,adobe how to create a professional video title web banner graphic design all levels
1132572,how to design an awesome letterhead in adobe illustrator,graphic design,all levels,4776,115,0,0.5666666666666667,how to design an awesome letterhead in adobe illustrator graphic design all levels
660876,graphic design an overview of the field,graphic design,beginner level,23229,2215,0,1.0,graphic design an overview of the field graphic design beginner level
837798,illustrator cc be a graphic designer in illustrator cc,graphic design,all levels,1456,62,25,6.5,illustrator cc be a graphic designer in illustrator cc graphic design all levels
834226,flat icon design in powerpoint,graphic design,beginner level,1534,24,95,1.5,flat icon design in powerpoint graphic design beginner level
750934,logo design by example design 5 famous logos,graphic design,beginner level,2199,28,50,1.0,logo design by example design 5 famous logos graphic design beginner level
770622,bring your sketch to life learn digital illustration,graphic design,beginner level,1202,68,70,3.5,bring your sketch to life learn digital illustration graphic design beginner level
1029436,learn cinema 4d create an abstract background,graphic design,beginner level,2004,4,20,0.5666666666666667,learn cinema 4d create an abstract background graphic design beginner level
1165588,the art of icon design create custom flat icon designs,graphic design,all levels,778,2,90,1.5,the art of icon design create custom flat icon designs graphic design all levels
1226182,design tickets and vouchers in photoshop and illustrator,graphic design,beginner level,502,0,45,2.5,design tickets and vouchers in photoshop and illustrator graphic design beginner level
978462,blender modelling series volume two,graphic design,beginner level,1526,3,100,2.0,blender modelling series volume two graphic design beginner level
585566,master adobe photoshop lightroom cc from beginner to advan,graphic design,beginner level,1468,190,50,8.0,master adobe photoshop lightroom cc from beginner to advan graphic design beginner level
805882,design bestselling t shirts from beginner to expert.,graphic design,beginner level,798,198,95,0.6666666666666666,design bestselling t shirts from beginner to expert. graphic design beginner level
413180,digital painting for cartoon characters,graphic design,all levels,2044,108,30,4.0,digital painting for cartoon characters graphic design all levels
1027480,create animated gif advertising banners in photoshop cc,graphic design,all levels,1310,9,85,1.0,create animated gif advertising banners in photoshop cc graphic design all levels
951304,the play doh technique fun hand made vectors in illustrator,graphic design,all levels,1145,42,20,0.6333333333333333,the play doh technique fun hand made vectors in illustrator graphic design all levels
1219814,photo manipulation master photo editing,graphic design,all levels,326,6,75,1.0,photo manipulation master photo editing graphic design all levels
518870,how to create flat design icons in 15 minutes in illustrator,graphic design,all levels,2228,96,195,4.5,how to create flat design icons in 15 minutes in illustrator graphic design all levels
935108,adobe create a professional logo step by step beauty,graphic design,all levels,2420,27,20,1.5,adobe create a professional logo step by step beauty graphic design all levels
53549,essential skills for designers mastering the pen tool,graphic design,all levels,387,24,45,2.0,essential skills for designers mastering the pen tool graphic design all levels
907408,morphing with after effect everything you need to know,graphic design,all levels,421,10,20,1.0,morphing with after effect everything you need to know graphic design all levels
410974,learn after effects and master 3d layers in after effects,graphic design,all levels,987,2,20,1.5,learn after effects and master 3d layers in after effects graphic design all levels
1035402,learn adobe illustrator cc all essentials in 1 hour,graphic design,beginner level,324,7,55,1.0,learn adobe illustrator cc all essentials in 1 hour graphic design beginner level
991416,history of art and design from xv to xxi century,graphic design,all levels,319,11,20,2.0,history of art and design from xv to xxi century graphic design all levels
472592,app design + web design + photoshop combined course,graphic design,beginner level,1087,6,115,2.0,app design + web design + photoshop combined course graphic design beginner level
140368,adobe illustrator cc for beginners,graphic design,beginner level,270,28,20,8.0,adobe illustrator cc for beginners graphic design beginner level
366194,complete portrait and figure drawing step by step,graphic design,all levels,124,8,20,1.5,complete portrait and figure drawing step by step graphic design all levels
939882,adobe illustrator learn easy logo design.,graphic design,all levels,371,5,20,3.5,adobe illustrator learn easy logo design. graphic design all levels
631148,create beautiful compelling social media banners with canva,graphic design,beginner level,1098,3,50,1.5,create beautiful compelling social media banners with canva graphic design beginner level
885479,become a professional logo designer,graphic design,all levels,107,16,150,8.0,become a professional logo designer graphic design all levels
783438,learn photoshop actions save time with repetitive tasks,graphic design,intermediate level,507,2,25,0.6166666666666667,learn photoshop actions save time with repetitive tasks graphic design intermediate level
49553,essential skills for designers masking,graphic design,all levels,646,30,45,2.0,essential skills for designers masking graphic design all levels
506164,mastering photoshop elements 13 made easy training tutorial,graphic design,beginner level,1738,8,20,10.5,mastering photoshop elements 13 made easy training tutorial graphic design beginner level
280194,become a graphic designer and earn a living from it,graphic design,all levels,2354,12,35,3.0,become a graphic designer and earn a living from it graphic design all levels
711210,learn 2d cell shading in photoshop,graphic design,intermediate level,238,25,20,1.5,learn 2d cell shading in photoshop graphic design intermediate level
905244,adobe illustrator for everyone create detailed vector image,graphic design,all levels,165,17,185,1.5,adobe illustrator for everyone create detailed vector image graphic design all levels
637066,learn digital drawing in photoshop,graphic design,all levels,1080,15,20,2.0,learn digital drawing in photoshop graphic design all levels
785328,quickly batch export package logo files for clients,graphic design,intermediate level,489,10,20,0.6833333333333333,quickly batch export package logo files for clients graphic design intermediate level
744696,logo design for everybody,graphic design,beginner level,706,10,30,5.5,logo design for everybody graphic design beginner level
220604,pixelmator create vector graphics from scratch,graphic design,all levels,507,42,20,3.0,pixelmator create vector graphics from scratch graphic design all levels
699380,creating an animated greeting card via google slides,graphic design,intermediate level,770,8,20,1.0,creating an animated greeting card via google slides graphic design intermediate level
787096,most wanted flat design techniques #3 office space,graphic design,intermediate level,1028,2,95,2.0,most wanted flat design techniques #3 office space graphic design intermediate level
793000,flat design create beautiful flat graphics in photoshop,graphic design,all levels,545,13,20,2.0,flat design create beautiful flat graphics in photoshop graphic design all levels
803058,t shirt design workshop 01 foundation,graphic design,all levels,690,162,25,1.0,t shirt design workshop 01 foundation graphic design all levels
494058,expert guide mastering shapes creation with illustrator,graphic design,all levels,2911,17,200,5.0,expert guide mastering shapes creation with illustrator graphic design all levels
1027080,logo portfolio in 1 hour in wordpress,graphic design,all levels,734,9,100,1.0,logo portfolio in 1 hour in wordpress graphic design all levels
367460,complete digital painting training with corel painter,graphic design,all levels,4353,23,30,3.5,complete digital painting training with corel painter graphic design all levels
1151342,how to design simple promotional materials in photoshop,graphic design,beginner level,521,5,55,2.5,how to design simple promotional materials in photoshop graphic design beginner level
395140,design and animate a gamer ui,graphic design,all levels,3481,37,20,1.5,design and animate a gamer ui graphic design all levels
866796,learn blender 3d the materials and texture course,graphic design,all levels,711,48,200,12.5,learn blender 3d the materials and texture course graphic design all levels
857144,facebook covers in powerpoint,graphic design,beginner level,1123,31,95,0.6333333333333333,facebook covers in powerpoint graphic design beginner level
611370,quote images for pinterest facebook instagram,graphic design,beginner level,12103,576,0,1.0,quote images for pinterest facebook instagram graphic design beginner level
452092,adobe illustrator create a quick easy unique illustration,graphic design,beginner level,1418,57,95,1.5,adobe illustrator create a quick easy unique illustration graphic design beginner level
286424,learn to design a logo in adobe illustrator,graphic design,all levels,3390,49,20,4.5,learn to design a logo in adobe illustrator graphic design all levels
348116,photoshop in depth master all of photoshop s tools easily,graphic design,all levels,53851,1779,0,4.5,photoshop in depth master all of photoshop s tools easily graphic design all levels
436568,diseño de logo para principiantes,graphic design,all levels,3,3,25,0.6666666666666666,diseño de logo para principiantes graphic design all levels
956002,after effects alles rund um das tracking,graphic design,beginner level,1,0,20,1.5,after effects alles rund um das tracking graphic design beginner level
185500,introducción al retrato realista con photoshop,graphic design,beginner level,3,0,20,1.0,introducción al retrato realista con photoshop graphic design beginner level
722176,uso básico de adobe photoshop,graphic design,beginner level,1,0,20,1.0,uso básico de adobe photoshop graphic design beginner level
197610,técnicas photoshop reformar campo de golf,graphic design,all levels,2,0,40,1.5,técnicas photoshop reformar campo de golf graphic design all levels
672112,誰でもわかる adobe illustrator cs5,graphic design,beginner level,1,0,20,3.5,誰でもわかる adobe illustrator cs5 graphic design beginner level
672086,誰でもわかる adobe photoshop cs5,graphic design,beginner level,1,0,20,3.5,誰でもわかる adobe photoshop cs5 graphic design beginner level
185538,microstation niveles,graphic design,beginner level,2,0,20,0.5666666666666667,microstation niveles graphic design beginner level
188604,crea personajes fantásticos con photoshop,graphic design,beginner level,1,0,20,1.0,crea personajes fantásticos con photoshop graphic design beginner level
188584,letras en adobe illustrator,graphic design,beginner level,0,0,40,2.5,letras en adobe illustrator graphic design beginner level
181268,photoshop creando elemental de aire,graphic design,beginner level,0,0,20,1.0,photoshop creando elemental de aire graphic design beginner level
177472,nuke x aprende composición digital,graphic design,beginner level,3,1,35,2.5,nuke x aprende composición digital graphic design beginner level
766320,สร างงานกราฟฟ คแอพพล เคช นม อถ อด วย adobe illustrator,graphic design,beginner level,25,5,20,9.5,สร างงานกราฟฟ คแอพพล เคช นม อถ อด วย adobe illustrator graphic design beginner level
181264,photoshop creando elemental de agua,graphic design,beginner level,1,1,20,0.6166666666666667,photoshop creando elemental de agua graphic design beginner level
513846,７日でマスター ビギナー向け adobe illustrator どきどきセミナー,graphic design,beginner level,108,3,20,5.5,７日でマスター ビギナー向け adobe illustrator どきどきセミナー graphic design beginner level
242176,si eres nuevo en photoshop...este es tu curso nº1,graphic design,beginner level,13,3,20,2.0,si eres nuevo en photoshop...este es tu curso nº1 graphic design beginner level
255604,intro to illustrator,graphic design,beginner level,11,4,20,7.0,intro to illustrator graphic design beginner level
1049380,画像加工の初心者だとしても １週間でホームページのトップ画像を製作できるようになる画像製作講座,graphic design,beginner level,37,0,65,4.0,画像加工の初心者だとしても １週間でホームページのトップ画像を製作できるようになる画像製作講座 graphic design beginner level
1216164,photoshop automatização com adobe script,graphic design,intermediate level,7,0,195,8.5,photoshop automatização com adobe script graphic design intermediate level
1024800,دورة شامل لبرنامج إلستريتور للمبتدئين adobe illustrator cc,graphic design,beginner level,1,1,30,4.5,دورة شامل لبرنامج إلستريتور للمبتدئين adobe illustrator cc graphic design beginner level
1262470,corel draw x8 başlangıç eğitimi yeni,graphic design,beginner level,1,0,65,6.5,corel draw x8 başlangıç eğitimi yeni graphic design beginner level
1164832,formation photoshop,graphic design,beginner level,6,0,200,1.0,formation photoshop graphic design beginner level
794036,8 stunden professionelles cinema 4d training,graphic design,all levels,18,1,50,8.5,8 stunden professionelles cinema 4d training graphic design all levels
1004512,clipping masks shaped images in adobe photoshop cc,graphic design,all levels,1905,12,90,0.7333333333333333,clipping masks shaped images in adobe photoshop cc graphic design all levels
464184,expert guide mastering photoshop smart objects in depth,graphic design,all levels,3360,26,195,2.0,expert guide mastering photoshop smart objects in depth graphic design all levels
1126016,portrait typography in photoshop anyone can do typography,graphic design,all levels,941,2,95,2.5,portrait typography in photoshop anyone can do typography graphic design all levels
482924,mastering retouching and restoration 15 projects included,graphic design,all levels,4927,15,100,2.5,mastering retouching and restoration 15 projects included graphic design all levels
738198,make flat design trees in adobe illustrator in 30 minutes,graphic design,beginner level,2087,95,50,0.6333333333333333,make flat design trees in adobe illustrator in 30 minutes graphic design beginner level
768366,photoshop fantastic the comprehensive guide to photoshop,graphic design,all levels,2938,26,20,6.0,photoshop fantastic the comprehensive guide to photoshop graphic design all levels
632136,drawing in powerpoint block diagram + experiments + cartoon,graphic design,beginner level,2911,29,155,2.0,drawing in powerpoint block diagram + experiments + cartoon graphic design beginner level
663702,graphic design double your sales with canva,graphic design,all levels,1797,40,20,2.5,graphic design double your sales with canva graphic design all levels
558432,easy typography tips to beautify and strengthen your work,graphic design,intermediate level,3192,11,45,1.0,easy typography tips to beautify and strengthen your work graphic design intermediate level
628786,adobe illustrator advanced vector artwork,graphic design,all levels,1538,117,90,7.5,adobe illustrator advanced vector artwork graphic design all levels
133968,web elements design with photoshop,graphic design,all levels,5072,38,45,5.0,web elements design with photoshop graphic design all levels
938680,logo design made easy create your own logo in powerpoint,graphic design,beginner level,1086,17,20,1.0,logo design made easy create your own logo in powerpoint graphic design beginner level
691641,typografie die besten schriftarten im geschäftsalltag,graphic design,beginner level,213,10,75,1.5,typografie die besten schriftarten im geschäftsalltag graphic design beginner level
801186,lettering,graphic design,all levels,135,33,40,1.5,lettering graphic design all levels
906760,corel draw x7,graphic design,all levels,164,43,20,12.0,corel draw x7 graphic design all levels
705444,adobe photoshop cc fundamentos,graphic design,beginner level,290,49,40,7.5,adobe photoshop cc fundamentos graphic design beginner level
601092,curso de diseño e ilustracion de armas para videojuegos,graphic design,all levels,183,18,40,2.5,curso de diseño e ilustracion de armas para videojuegos graphic design all levels
1246518,photoshop composição vintage,graphic design,all levels,35,4,30,1.0,photoshop composição vintage graphic design all levels
1181652,photoshop automatiza invitaciones con bloc de notas y excel,graphic design,all levels,86,2,30,1.5,photoshop automatiza invitaciones con bloc de notas y excel graphic design all levels
913768,illustrator cc 2016 power workshops deutsch,graphic design,intermediate level,96,10,150,4.5,illustrator cc 2016 power workshops deutsch graphic design intermediate level
648350,curso blender 3d do básico ao avançado,graphic design,all levels,353,79,20,14.5,curso blender 3d do básico ao avançado graphic design all levels
1161864,diseño impreso preimpresión para offset en illustrator,graphic design,all levels,33,9,100,1.5,diseño impreso preimpresión para offset en illustrator graphic design all levels
374404,fundamentos de la tipografía para un diseño eficaz,graphic design,beginner level,172,24,20,1.0,fundamentos de la tipografía para un diseño eficaz graphic design beginner level
967486,الدورة الشاملة illustrator from zero to hero,graphic design,all levels,155,40,150,30.0,الدورة الشاملة illustrator from zero to hero graphic design all levels
496302,designing an ebook cover that sells,graphic design,all levels,27,2,20,2.0,designing an ebook cover that sells graphic design all levels
1163644,master terrazzo creating vector tiles with adobe illustrati,graphic design,intermediate level,2,1,20,1.0,master terrazzo creating vector tiles with adobe illustrati graphic design intermediate level
909970,paint atmospheric sunset with soft pastel,graphic design,intermediate level,7,1,20,0.6166666666666667,paint atmospheric sunset with soft pastel graphic design intermediate level
297702,earn and learn to create logo designs in illustrator quickly,graphic design,all levels,18,1,50,1.0,earn and learn to create logo designs in illustrator quickly graphic design all levels
978272,create your own photoshop brush preset,graphic design,beginner level,4,1,20,0.6166666666666667,create your own photoshop brush preset graphic design beginner level
37821,quick and quirky caricatures learn in an hour,graphic design,beginner level,139,14,20,1.5,quick and quirky caricatures learn in an hour graphic design beginner level
514398,finalize production files photoshop illustrator indesign,graphic design,all levels,18,2,50,1.0,finalize production files photoshop illustrator indesign graphic design all levels
544944,how to illustrate in flash,graphic design,beginner level,5,2,20,2.0,how to illustrate in flash graphic design beginner level
326338,opencv computer vision application programming,graphic design,all levels,167,14,85,2.5,opencv computer vision application programming graphic design all levels
600366,turn your animated greeting card carousel into a music video,graphic design,intermediate level,311,0,20,1.0,turn your animated greeting card carousel into a music video graphic design intermediate level
1088924,mastering photoshop elements 15 made easy training tutorial,graphic design,beginner level,13,4,30,6.5,mastering photoshop elements 15 made easy training tutorial graphic design beginner level
574194,manipulate photos with gimp,graphic design,all levels,34,4,20,2.0,manipulate photos with gimp graphic design all levels
865634,learn to draw pretty faces for comic books,graphic design,beginner level,1522,145,40,5.0,learn to draw pretty faces for comic books graphic design beginner level
400130,the business graphic design with photoshop illustrator,graphic design,all levels,6039,128,200,17.0,the business graphic design with photoshop illustrator graphic design all levels
563708,bestseller learn illustrator cc in 1 hour,graphic design,beginner level,4449,100,200,1.5,bestseller learn illustrator cc in 1 hour graphic design beginner level
1228900,learn professional book cover designing photoshop 4 beginner,graphic design,beginner level,6428,21,200,3.0,learn professional book cover designing photoshop 4 beginner graphic design beginner level
178044,how to make graphics for a website,graphic design,all levels,24857,35,200,1.5,how to make graphics for a website graphic design all levels
933888,adobe illustrator how to draw squared animals icons,graphic design,beginner level,2873,38,180,0.5333333333333333,adobe illustrator how to draw squared animals icons graphic design beginner level
516394,book covers and graphic design with powerpoint 2013 2016 365,graphic design,beginner level,5840,57,195,4.0,book covers and graphic design with powerpoint 2013 2016 365 graphic design beginner level
1195812,getting started with digital painting using krita,graphic design,beginner level,1011,15,20,0.6,getting started with digital painting using krita graphic design beginner level
590622,logo design guide to logo design in photoshop,graphic design,all levels,6215,86,25,2.0,logo design guide to logo design in photoshop graphic design all levels
249126,logo design essentials,graphic design,all levels,33205,481,20,0.7,logo design essentials graphic design all levels
1163768,fundamentals of character design from concept to vector,graphic design,beginner level,1452,10,50,1.0,fundamentals of character design from concept to vector graphic design beginner level
1131780,whiteboard animation beginner to expert in 1 hour,graphic design,all levels,1343,25,20,1.0,whiteboard animation beginner to expert in 1 hour graphic design all levels
909486,drawing fun caricatures the best method,graphic design,all levels,41,11,25,0.5833333333333334,drawing fun caricatures the best method graphic design all levels
368958,advanced graphic design photoshop cc 2014 for photographers,graphic design,all levels,314,11,20,1.5,advanced graphic design photoshop cc 2014 for photographers graphic design all levels
201812,design beautiful professional ebooks using free software,graphic design,all levels,239,7,20,4.0,design beautiful professional ebooks using free software graphic design all levels
484896,desktop publishing 101 simplified editing,graphic design,beginner level,507,9,20,1.0,desktop publishing 101 simplified editing graphic design beginner level
553832,create professional character designs in photoshop,graphic design,intermediate level,228,11,20,4.0,create professional character designs in photoshop graphic design intermediate level
452182,how to make a custom graphic from sketches,graphic design,beginner level,21,4,20,0.7333333333333333,how to make a custom graphic from sketches graphic design beginner level
490392,getting started with illustrator cc,graphic design,beginner level,92,10,100,5.5,getting started with illustrator cc graphic design beginner level
1093760,photoshop from scratch to logos digital drawing projects,graphic design,beginner level,91,10,20,1.5,photoshop from scratch to logos digital drawing projects graphic design beginner level
1115504,how to make your own children s interactive ebook,graphic design,beginner level,33,2,95,1.5,how to make your own children s interactive ebook graphic design beginner level
446022,indesign basics for beginners learn indesign quickly,graphic design,beginner level,177,8,35,1.5,indesign basics for beginners learn indesign quickly graphic design beginner level
522784,create an accelerated learning flowchart with watercolors,graphic design,all levels,668,5,200,2.5,create an accelerated learning flowchart with watercolors graphic design all levels
311846,how to create vector characters in illustrator or photoshop,graphic design,beginner level,92,3,25,3.5,how to create vector characters in illustrator or photoshop graphic design beginner level
942768,photoshop learn concept art manipulation,graphic design,beginner level,8,0,25,1.5,photoshop learn concept art manipulation graphic design beginner level
288850,make logo design pay with illustrator in less than a day,graphic design,all levels,22,1,50,4.0,make logo design pay with illustrator in less than a day graphic design all levels
1068664,create a majestic bear on adobe illustrator,graphic design,all levels,3,0,55,1.0,create a majestic bear on adobe illustrator graphic design all levels
1136446,adobe illustrator cc beginner,graphic design,beginner level,2,0,30,4.0,adobe illustrator cc beginner graphic design beginner level
1125728,create beveled lettering in adobe illustrator,graphic design,intermediate level,2,0,20,0.5833333333333334,create beveled lettering in adobe illustrator graphic design intermediate level
1228708,learn adobe illustrator and premiere pro in 1 hour,graphic design,all levels,1,0,20,1.0,learn adobe illustrator and premiere pro in 1 hour graphic design all levels
1095488,adobe photoshop the flying land compositing,graphic design,all levels,2,0,70,2.5,adobe photoshop the flying land compositing graphic design all levels
381828,learn mobile app design in photoshop,graphic design,beginner level,11,1,20,1.5,learn mobile app design in photoshop graphic design beginner level
406054,photoshop real world learning,graphic design,all levels,9,0,20,5.0,photoshop real world learning graphic design all levels
585174,adobe illustrator fast track,graphic design,beginner level,9,0,40,2.5,adobe illustrator fast track graphic design beginner level
1125814,mastering text animation in after effect,graphic design,intermediate level,1,1,20,1.0,mastering text animation in after effect graphic design intermediate level
1105636,how to design a 2d character in illustrator,graphic design,beginner level,1,1,20,1.0,how to design a 2d character in illustrator graphic design beginner level
327310,design efficiency intensive,graphic design,intermediate level,6,0,20,0.55,design efficiency intensive graphic design intermediate level
1080584,adobe photoshop cc for photographers advanced,graphic design,expert level,1,0,30,2.5,adobe photoshop cc for photographers advanced graphic design expert level
513212,adobe indesign tips and tricks,graphic design,all levels,4,0,80,1.0,adobe indesign tips and tricks graphic design all levels
1047750,photoshop cc training creating fantastic album cover art,graphic design,all levels,1,0,50,1.0,photoshop cc training creating fantastic album cover art graphic design all levels
831640,beginner s guide to book cover designing.,graphic design,beginner level,2,1,25,1.0,beginner s guide to book cover designing. graphic design beginner level
570188,low poly portrait illustration,graphic design,all levels,4,0,20,0.6833333333333333,low poly portrait illustration graphic design all levels
365926,events promotion design,graphic design,intermediate level,4,0,45,2.0,events promotion design graphic design intermediate level
986832,adobe photoshop cc introduction,graphic design,beginner level,1,0,30,4.5,adobe photoshop cc introduction graphic design beginner level
1077836,ecover mastery in 30 minutes with no photoshop skills needed,graphic design,beginner level,1,0,20,0.6333333333333333,ecover mastery in 30 minutes with no photoshop skills needed graphic design beginner level
872816,adobe illustrator in under 10 fast info at your fingertips,graphic design,all levels,1,0,30,3.5,adobe illustrator in under 10 fast info at your fingertips graphic design all levels
518188,an easy introduction to adobe photoshop,graphic design,beginner level,1,0,20,1.0,an easy introduction to adobe photoshop graphic design beginner level
726314,create beautiful image maps for your website,graphic design,intermediate level,0,0,20,0.6166666666666667,create beautiful image maps for your website graphic design intermediate level
883828,t shirt design workshop 02 mixed media design,graphic design,intermediate level,885,176,25,2.5,t shirt design workshop 02 mixed media design graphic design intermediate level
826202,design a unique bookstore quality photo book with blurb,graphic design,all levels,2863,11,180,2.5,design a unique bookstore quality photo book with blurb graphic design all levels
1171720,learn to create deliverable brand identity package,graphic design,all levels,915,5,20,1.0,learn to create deliverable brand identity package graphic design all levels
117004,how to draw pinups and sexy women,graphic design,intermediate level,3525,109,75,20.0,how to draw pinups and sexy women graphic design intermediate level
952106,design create text logos in adobe photoshop cs5,graphic design,all levels,2035,19,95,1.5,design create text logos in adobe photoshop cs5 graphic design all levels
854746,freelancing a z how to start a successful freelance career,graphic design,all levels,2267,28,195,5.0,freelancing a z how to start a successful freelance career graphic design all levels
834114,character concept design for beginners,graphic design,all levels,1197,55,175,16.5,character concept design for beginners graphic design all levels
1012262,icon logo symbol design in adobe illustrator,graphic design,all levels,1043,27,100,2.0,icon logo symbol design in adobe illustrator graphic design all levels
1091360,how to draw majestic animals cats,graphic design,all levels,1356,4,35,1.0,how to draw majestic animals cats graphic design all levels
808542,sketchbook pro for beginners,graphic design,all levels,1657,46,125,4.0,sketchbook pro for beginners graphic design all levels
1142428,photoshop cc 2017 full course,graphic design,beginner level,655,18,90,3.5,photoshop cc 2017 full course graphic design beginner level
1015308,mobile app design in photoshop from scratch ui ux design,graphic design,all levels,1282,17,195,2.5,mobile app design in photoshop from scratch ui ux design graphic design all levels
1114164,affinity designer making seamless patterns,graphic design,all levels,35,13,20,1.0,affinity designer making seamless patterns graphic design all levels
635716,typography learn the foundation and designs,graphic design,all levels,220,13,135,2.5,typography learn the foundation and designs graphic design all levels
374652,sketch 3 new guide to ios 8 mobile app design 2015,graphic design,all levels,481,15,20,5.5,sketch 3 new guide to ios 8 mobile app design 2015 graphic design all levels
727510,how to become an etsy wholesale seller,graphic design,beginner level,1013,0,100,2.5,how to become an etsy wholesale seller graphic design beginner level
579202,how to make business cards like a pro,graphic design,all levels,593,3,20,0.7,how to make business cards like a pro graphic design all levels
699382,creating animation puzzles with google slides,graphic design,intermediate level,679,5,20,1.0,creating animation puzzles with google slides graphic design intermediate level
20150,iphone icons gone awesome,graphic design,all levels,2346,18,20,3.5,iphone icons gone awesome graphic design all levels
895302,adobe after effect create 15 advance motion graphic element,graphic design,all levels,140,6,30,2.5,adobe after effect create 15 advance motion graphic element graphic design all levels
403764,learn sketch 3 mobile app design from scratch,graphic design,all levels,528,9,60,1.5,learn sketch 3 mobile app design from scratch graphic design all levels
145178,learn real graphic design,graphic design,all levels,297,27,20,1.5,learn real graphic design graphic design all levels
1127944,designing with halftones create a dot pattern portrait,graphic design,intermediate level,228,0,20,1.0,designing with halftones create a dot pattern portrait graphic design intermediate level
435626,a beginners guide to creating vector graphics with photoshop,graphic design,beginner level,1207,5,20,2.0,a beginners guide to creating vector graphics with photoshop graphic design beginner level
1114470,adobe photoshop cs6 para iniciantes,graphic design,beginner level,5,0,40,7.0,adobe photoshop cs6 para iniciantes graphic design beginner level
1143148,photoshop dessiner l affiche du film rogue one en style bd,graphic design,intermediate level,4,0,50,4.5,photoshop dessiner l affiche du film rogue one en style bd graphic design intermediate level
640164,doble exposición con photoshop,graphic design,all levels,36,0,20,0.5666666666666667,doble exposición con photoshop graphic design all levels
1141560,débuter avec krita,graphic design,intermediate level,3,0,25,2.0,débuter avec krita graphic design intermediate level
1139792,会声会影深度教学,graphic design,beginner level,3,2,200,0.6,会声会影深度教学 graphic design beginner level
1221032,criando um poster com foto colagem digital,graphic design,beginner level,1,0,25,0.6833333333333333,criando um poster com foto colagem digital graphic design beginner level
1075366,adobe indesign cc 2017 quick start,graphic design,beginner level,2,0,35,2.5,adobe indesign cc 2017 quick start graphic design beginner level
223884,初めてのidraw入門,graphic design,all levels,13,0,20,1.5,初めてのidraw入門 graphic design all levels
1164488,interiores sostenibles 101,graphic design,beginner level,1,0,30,1.0,interiores sostenibles 101 graphic design beginner level
1122306,wordpress comment utiliser le thème fable,graphic design,beginner level,1,0,20,0.65,wordpress comment utiliser le thème fable graphic design beginner level
177584,adobe indesign cs6,graphic design,beginner level,5,0,50,5.0,adobe indesign cs6 graphic design beginner level
586914,aprende photoshop con ejercicios prácticos.,graphic design,all levels,3,0,20,4.0,aprende photoshop con ejercicios prácticos. graphic design all levels
397204,typography design learn web typography the practical way,graphic design,beginner level,970,9,20,2.0,typography design learn web typography the practical way graphic design beginner level
58791,toon boom studio tutorial cartoon animation made simple,graphic design,all levels,342,20,50,5.0,toon boom studio tutorial cartoon animation made simple graphic design all levels
1182330,learn logo designing 5 types of logo designs in illustrator,graphic design,beginner level,106,2,30,3.0,learn logo designing 5 types of logo designs in illustrator graphic design beginner level
172906,practical font design,graphic design,intermediate level,229,23,50,7.5,practical font design graphic design intermediate level
766906,smashing photoshop cc cs,graphic design,beginner level,437,7,20,5.0,smashing photoshop cc cs graphic design beginner level
379814,sketching how to draw people hands eyes buildings cars,graphic design,all levels,500,16,20,2.0,sketching how to draw people hands eyes buildings cars graphic design all levels
445102,converting type to outlines in adobe indesign,graphic design,intermediate level,725,1,20,0.6333333333333333,converting type to outlines in adobe indesign graphic design intermediate level
655198,siemens nx unigraphics ug basic to advance 3d modelling,graphic design,all levels,142,23,50,10.5,siemens nx unigraphics ug basic to advance 3d modelling graphic design all levels
575040,typography from a to z,graphic design,all levels,317,15,100,6.0,typography from a to z graphic design all levels
966268,digital asset designer creating and selling mockups,graphic design,beginner level,50,12,50,3.0,digital asset designer creating and selling mockups graphic design beginner level
536780,adobe illustrator cc from scratch,graphic design,beginner level,115,12,45,5.5,adobe illustrator cc from scratch graphic design beginner level
431562,photoshop 5 practical techniques to improve your skills,graphic design,intermediate level,780,5,20,0.7166666666666667,photoshop 5 practical techniques to improve your skills graphic design intermediate level
1047408,easy coloring book design,graphic design,beginner level,0,0,25,0.5833333333333334,easy coloring book design graphic design beginner level
987865,make patterns in illustrator,graphic design,beginner level,0,0,20,3.5,make patterns in illustrator graphic design beginner level
371900,learn to create text fire effect in adobe photoshop,graphic design,all levels,0,0,20,0.6,learn to create text fire effect in adobe photoshop graphic design all levels
995384,professional business logo design using free online tools,graphic design,all levels,0,0,20,0.6166666666666667,professional business logo design using free online tools graphic design all levels
1252410,beginners guide to kindle ebook covers design with fireworks,graphic design,all levels,0,0,20,1.5,beginners guide to kindle ebook covers design with fireworks graphic design all levels
1216554,photoshop isn t like what you imagine a to z .,graphic design,all levels,343,0,35,3.5,photoshop isn t like what you imagine a to z . graphic design all levels
1275872,the complete adobe spark course,graphic design,all levels,0,0,150,2.0,the complete adobe spark course graphic design all levels
1133764,the art of logo design everything you need to know,graphic design,all levels,0,0,20,1.0,the art of logo design everything you need to know graphic design all levels
1200856,hand lettering para iniciantes,graphic design,all levels,384,92,40,0.7166666666666667,hand lettering para iniciantes graphic design all levels
1226332,aprende a utilizar canva,graphic design,beginner level,677,45,20,0.6666666666666666,aprende a utilizar canva graphic design beginner level
950894,photoshop curso de photoshop do básico ao avançado,graphic design,all levels,1110,183,100,10.0,photoshop curso de photoshop do básico ao avançado graphic design all levels
1245356,photoshop revelando os segredos das fusões,graphic design,expert level,858,25,20,3.5,photoshop revelando os segredos das fusões graphic design expert level
1092766,create mobile app design from scratch in photoshop,graphic design,beginner level,1359,7,125,2.5,create mobile app design from scratch in photoshop graphic design beginner level
364986,apple watch design,graphic design,all levels,9847,24,20,4.0,apple watch design graphic design all levels
908664,word swag create stunning images with the word swag app,graphic design,all levels,2416,19,100,1.0,word swag create stunning images with the word swag app graphic design all levels
1234108,how to draw majestic animals dogs,graphic design,all levels,1524,5,35,1.0,how to draw majestic animals dogs graphic design all levels
47004,photoshop course design an ebook cover in photoshop,graphic design,all levels,11893,69,50,3.0,photoshop course design an ebook cover in photoshop graphic design all levels
327666,digital art for beginners,graphic design,beginner level,3381,388,150,15.0,digital art for beginners graphic design beginner level
1068902,learn how to design a logo in adobe illustrator in 30 mins,graphic design,beginner level,1270,53,50,0.5,learn how to design a logo in adobe illustrator in 30 mins graphic design beginner level
1076222,the most popular techniques in photoshop,graphic design,intermediate level,1753,18,20,1.0,the most popular techniques in photoshop graphic design intermediate level
278948,become a professional graphic designer,graphic design,all levels,3618,345,35,20.5,become a professional graphic designer graphic design all levels
1013676,adobe illustrator cc 2017 for beginners,graphic design,beginner level,2489,39,195,1.5,adobe illustrator cc 2017 for beginners graphic design beginner level
62497,how to draw cute cartoon characters,graphic design,all levels,4080,522,55,2.0,how to draw cute cartoon characters graphic design all levels
1182900,how to create awesome cinema graph with adobe photoshop,graphic design,beginner level,1602,8,20,1.0,how to create awesome cinema graph with adobe photoshop graphic design beginner level
1178226,learn to create a mandala with adobe illustrator,graphic design,all levels,7,0,50,4.5,learn to create a mandala with adobe illustrator graphic design all levels
1165268,15 motion graphic elements in after effect series 2,graphic design,intermediate level,8,0,30,3.0,15 motion graphic elements in after effect series 2 graphic design intermediate level
1133648,fantasy map design,graphic design,all levels,7,2,30,2.5,fantasy map design graphic design all levels
471136,creating 2d game assets,graphic design,all levels,57,0,25,2.0,creating 2d game assets graphic design all levels
63712,create 9 professional logo design full version,graphic design,all levels,91,3,35,2.0,create 9 professional logo design full version graphic design all levels
1055424,stencil simple graphic design for entrepreneurs,graphic design,all levels,11,0,95,1.0,stencil simple graphic design for entrepreneurs graphic design all levels
843620,learn adobe indesign from scratch,graphic design,beginner level,6,2,40,4.5,learn adobe indesign from scratch graphic design beginner level
1153326,getting the life of an instructional designer,graphic design,all levels,5,0,40,1.5,getting the life of an instructional designer graphic design all levels
551964,drawing for all levels how to design cartoon women,graphic design,all levels,5,2,20,1.5,drawing for all levels how to design cartoon women graphic design all levels
1104858,photoshop tools 101,graphic design,all levels,6,0,50,3.0,photoshop tools 101 graphic design all levels
517866,how to create gif animation in photoshop,graphic design,all levels,34,0,20,1.0,how to create gif animation in photoshop graphic design all levels
1036766,how to color comic books... with a mouse,graphic design,all levels,7,0,30,2.0,how to color comic books... with a mouse graphic design all levels
337072,bestseller learn photoshop in 1 hour no experience needed,graphic design,beginner level,5471,72,200,6.5,bestseller learn photoshop in 1 hour no experience needed graphic design beginner level
737642,how to design a fortune 500 logo in illustrator,graphic design,intermediate level,3599,43,195,5.0,how to design a fortune 500 logo in illustrator graphic design intermediate level
520766,canva graphic design theory volume2,graphic design,all levels,4961,38,200,2.0,canva graphic design theory volume2 graphic design all levels
757900,canva book cover design,graphic design,beginner level,3377,20,100,2.0,canva book cover design graphic design beginner level
978576,the complete figure drawing course hd,graphic design,beginner level,1323,136,50,78.5,the complete figure drawing course hd graphic design beginner level
961684,mastering logo design 20 projects step by step,graphic design,all levels,2599,24,200,7.5,mastering logo design 20 projects step by step graphic design all levels
371490,graphic design create animated gif ad banners in photoshop,graphic design,all levels,6612,44,20,1.0,graphic design create animated gif ad banners in photoshop graphic design all levels
1134692,learn inkscape design logos and game arts,graphic design,beginner level,1675,20,20,1.0,learn inkscape design logos and game arts graphic design beginner level
507726,typography learn the basics to build a solid foundation,graphic design,beginner level,5850,19,35,1.0,typography learn the basics to build a solid foundation graphic design beginner level
349586,master manga studio 5 bonus drawing and painting,graphic design,all levels,2325,155,165,8.0,master manga studio 5 bonus drawing and painting graphic design all levels
1153710,learn adobe photoshop from scratch to professional,graphic design,beginner level,1276,3,20,3.5,learn adobe photoshop from scratch to professional graphic design beginner level
1269190,7 secrets to designing in black and white,graphic design,all levels,1000,1,100,1.5,7 secrets to designing in black and white graphic design all levels
303042,photoshop cs 6 ile fotoğraf i şlemenin temelleri,graphic design,beginner level,86,10,20,6.0,photoshop cs 6 ile fotoğraf i şlemenin temelleri graphic design beginner level
647520,誰でもわかる adobe illustrator cs6,graphic design,beginner level,11,2,20,3.0,誰でもわかる adobe illustrator cs6 graphic design beginner level
681878,devenez le king de l illustration automobile,graphic design,beginner level,42,10,50,4.5,devenez le king de l illustration automobile graphic design beginner level
873296,corel draw x7 eğitimi temelden i leri seviyeye,graphic design,all levels,28,6,105,12.0,corel draw x7 eğitimi temelden i leri seviyeye graphic design all levels
1164720,调色中级课程,graphic design,beginner level,5,3,200,1.0,调色中级课程 graphic design beginner level
1019552,drawing and paint hot girl with photoshop,graphic design,all levels,74,1,35,1.5,drawing and paint hot girl with photoshop graphic design all levels
1147664,photoshop cc eğitim seti yeni,graphic design,all levels,27,5,100,16.0,photoshop cc eğitim seti yeni graphic design all levels
948294,مدخل في أساسيات الفوطوشوب للمبتدئين فقط,graphic design,beginner level,13,9,120,1.0,مدخل في أساسيات الفوطوشوب للمبتدئين فقط graphic design beginner level
393850,creación de iconos con illustrator,graphic design,all levels,27,3,20,3.0,creación de iconos con illustrator graphic design all levels
733878,adobe illustrator course in urdu basics level training,graphic design,beginner level,1433,57,0,1.0,adobe illustrator course in urdu basics level training graphic design beginner level
860656,graphicdesign studio,graphic design,beginner level,110,9,95,2.5,graphicdesign studio graphic design beginner level
1246252,aula de photoshop aprenda como recortar imagens,graphic design,beginner level,15,1,65,2.0,aula de photoshop aprenda como recortar imagens graphic design beginner level
622122,make your own great designs in powerpoint quick easy,graphic design,beginner level,19,6,20,1.0,make your own great designs in powerpoint quick easy graphic design beginner level
222976,create kindle ebook covers with powerpoint,graphic design,all levels,87,7,30,2.0,create kindle ebook covers with powerpoint graphic design all levels
439968,magazine design start your own magazine in less than 24hrs,graphic design,all levels,802,10,20,2.0,magazine design start your own magazine in less than 24hrs graphic design all levels
852060,essential skills for designers adobe bridge,graphic design,all levels,14,5,20,1.0,essential skills for designers adobe bridge graphic design all levels
546848,learn to code in python and learn adobe photoshop today,graphic design,all levels,1132,1,50,2.0,learn to code in python and learn adobe photoshop today graphic design all levels
81278,how to draw caricatures,graphic design,all levels,347,31,20,4.0,how to draw caricatures graphic design all levels
53556,essential skills for designers working with type,graphic design,all levels,219,11,45,2.0,essential skills for designers working with type graphic design all levels
1158854,affinity designer for beginners,graphic design,beginner level,30,6,20,4.5,affinity designer for beginners graphic design beginner level
68876,how to create top ranking mobile app icons ios edition,graphic design,all levels,130,6,35,1.0,how to create top ranking mobile app icons ios edition graphic design all levels
514496,canva making design simple,graphic design,all levels,509,4,20,0.5333333333333333,canva making design simple graphic design all levels
649404,ribbon lettering from sketch to wordmark,graphic design,all levels,342,2,40,0.7166666666666667,ribbon lettering from sketch to wordmark graphic design all levels
108384,how to make a custom graphic,graphic design,beginner level,87,8,20,1.0,how to make a custom graphic graphic design beginner level
753934,create flat designs with inkscape,graphic design,beginner level,259,3,30,1.5,create flat designs with inkscape graphic design beginner level
206592,beginners guide to creating amazing images with canva,graphic design,beginner level,72,5,25,1.0,beginners guide to creating amazing images with canva graphic design beginner level
15467,learn to draw the comic book style,graphic design,all levels,363,14,55,2.0,learn to draw the comic book style graphic design all levels
983444,adobe illustrator vectors for hand letterers,graphic design,beginner level,23,2,100,0.6166666666666667,adobe illustrator vectors for hand letterers graphic design beginner level
74782,how to create amazing youtube custom thumbnail images,graphic design,all levels,78,6,25,1.5,how to create amazing youtube custom thumbnail images graphic design all levels
456988,graphic design bootcamp professional workflow layout tips,graphic design,all levels,99,10,20,1.5,graphic design bootcamp professional workflow layout tips graphic design all levels
1049760,promotional design master class,graphic design,all levels,14,2,50,2.0,promotional design master class graphic design all levels
808808,introduction to gimp 2.8 tutorials for beginners,graphic design,beginner level,282,8,20,3.0,introduction to gimp 2.8 tutorials for beginners graphic design beginner level
599652,48 logo designs and techniques,graphic design,all levels,113,9,20,9.0,48 logo designs and techniques graphic design all levels
524748,photoshop jumpstart,graphic design,beginner level,66,13,20,2.0,photoshop jumpstart graphic design beginner level
310652,how to sell practically anything professional design mockup,graphic design,all levels,52,2,50,2.5,how to sell practically anything professional design mockup graphic design all levels
946326,learn calligraphy handwriting animation wz after effects,graphic design,all levels,116,1,40,2.5,learn calligraphy handwriting animation wz after effects graphic design all levels
1146166,latex a z from beginner to advance in less than 3 hour,graphic design,beginner level,623,14,95,3.0,latex a z from beginner to advance in less than 3 hour graphic design beginner level
1190334,course bundle exploring art silhouette linear line art,graphic design,all levels,827,1,80,1.0,course bundle exploring art silhouette linear line art graphic design all levels
895394,how to build your own web banner design business,graphic design,all levels,5000,7,20,1.0,how to build your own web banner design business graphic design all levels
1100628,canva design and sell your own professional canva designs,graphic design,all levels,793,26,200,3.0,canva design and sell your own professional canva designs graphic design all levels
996868,how to design a logo in adobe illustrator,graphic design,all levels,972,44,100,1.0,how to design a logo in adobe illustrator graphic design all levels
751230,illustrator cc design and drawing from scratch to expert,graphic design,beginner level,2427,99,150,11.0,illustrator cc design and drawing from scratch to expert graphic design beginner level
356840,logo design how to design an awesome logo in illustrator,graphic design,all levels,3131,131,195,5.5,logo design how to design an awesome logo in illustrator graphic design all levels
269082,photoshop real world hands on freelance mastery,graphic design,all levels,5950,25,105,2.5,photoshop real world hands on freelance mastery graphic design all levels
449788,graphic design beginner s graphic design guide to photoshop,graphic design,all levels,4550,74,25,1.0,graphic design beginner s graphic design guide to photoshop graphic design all levels
792232,most wanted flat design techniques,graphic design,intermediate level,2081,35,195,4.5,most wanted flat design techniques graphic design intermediate level
1164876,3ds max learn 3ds max tutorial for beginners in urdu hindi,graphic design,all levels,785,2,20,4.5,3ds max learn 3ds max tutorial for beginners in urdu hindi graphic design all levels
861444,design your own social media logo icons in adobe illustrator,graphic design,beginner level,2424,29,50,1.5,design your own social media logo icons in adobe illustrator graphic design beginner level
148982,mashup transform a scanned sketch into a digital painting,graphic design,intermediate level,57,3,20,2.0,mashup transform a scanned sketch into a digital painting graphic design intermediate level
861742,motion graphic with after effect from scratch in 5 hours,graphic design,all levels,50,7,30,4.0,motion graphic with after effect from scratch in 5 hours graphic design all levels
817074,introduction to photoshop cc tutorials for beginners,graphic design,beginner level,262,0,20,1.0,introduction to photoshop cc tutorials for beginners graphic design beginner level
286160,making killer images in photoshop that wow clients,graphic design,intermediate level,45,1,95,5.0,making killer images in photoshop that wow clients graphic design intermediate level
788722,simple photoshop cc smart objects,graphic design,intermediate level,272,0,20,0.5,simple photoshop cc smart objects graphic design intermediate level
1008654,learn photo manipulation build 3 projects,graphic design,all levels,10,1,40,2.5,learn photo manipulation build 3 projects graphic design all levels
964478,zombie apocalypse photoshop actions,graphic design,all levels,12,1,50,1.5,zombie apocalypse photoshop actions graphic design all levels
953220,creative perspective illustration with gimp,graphic design,all levels,43,3,50,6.5,creative perspective illustration with gimp graphic design all levels
64078,iphone icons in ios7 learn flat design,graphic design,all levels,165,4,20,3.0,iphone icons in ios7 learn flat design graphic design all levels
1046540,how to draw professional manga artwork by punix,graphic design,beginner level,83,3,35,1.5,how to draw professional manga artwork by punix graphic design beginner level
622284,how do i create a stylized graphics from images in photoshop,graphic design,all levels,17,1,50,1.0,how do i create a stylized graphics from images in photoshop graphic design all levels
31150,advance design of logos and brand identity,graphic design,all levels,34,4,20,2.0,advance design of logos and brand identity graphic design all levels
574132,como utilizar o corel draw por completo,graphic design,all levels,293,32,30,7.0,como utilizar o corel draw por completo graphic design all levels
724824,photoshop 中級者 上級者がプロになるために最後に学ぶ 超絶技巧 テクニック,graphic design,intermediate level,113,5,85,4.5,photoshop 中級者 上級者がプロになるために最後に学ぶ 超絶技巧 テクニック graphic design intermediate level
883324,corel draw x7 mão na massa,graphic design,beginner level,72,13,25,4.0,corel draw x7 mão na massa graphic design beginner level
502204,dibujo digital básico cómo ilustrar en photoshop,graphic design,beginner level,155,36,20,5.0,dibujo digital básico cómo ilustrar en photoshop graphic design beginner level
283038,adobe illustrator cs6 باللغة العربية,graphic design,all levels,48,15,35,8.0,adobe illustrator cs6 باللغة العربية graphic design all levels
650720,creare un logo con adobe illustrator,graphic design,all levels,1447,121,0,1.0,creare un logo con adobe illustrator graphic design all levels
586680,mestres do photoshop,graphic design,all levels,86,18,30,5.5,mestres do photoshop graphic design all levels
899240,illustrator cc 2015.3 curso básico de ferramentas,graphic design,beginner level,13,6,20,1.0,illustrator cc 2015.3 curso básico de ferramentas graphic design beginner level
520876,plantillas powerpoint para publicar en mercadolibre y ebay,graphic design,all levels,15,5,35,2.0,plantillas powerpoint para publicar en mercadolibre y ebay graphic design all levels
1083784,crie seu cartão de visita no coreldraw x8,graphic design,beginner level,28,3,20,4.0,crie seu cartão de visita no coreldraw x8 graphic design beginner level
651352,curso de maya 3d,graphic design,all levels,62,9,20,4.0,curso de maya 3d graphic design all levels
968268,photoshop organización de eventos y decoración de fiestas,graphic design,beginner level,125,5,120,8.5,photoshop organización de eventos y decoración de fiestas graphic design beginner level
479760,podcast cover art design like the best,graphic design,all levels,33,2,20,1.0,podcast cover art design like the best graphic design all levels
134690,learn drawing and painting a landscape with oil colours,graphic design,intermediate level,51,2,20,2.0,learn drawing and painting a landscape with oil colours graphic design intermediate level
692918,enhance your chroma key with an animated slides background,graphic design,intermediate level,361,2,25,1.0,enhance your chroma key with an animated slides background graphic design intermediate level
1092632,the complete motion graphic course,graphic design,all levels,50,6,65,9.5,the complete motion graphic course graphic design all levels
753154,making corporate flyers in photoshop,graphic design,all levels,4,3,20,0.5166666666666666,making corporate flyers in photoshop graphic design all levels
46524,rock solid brands,graphic design,beginner level,134,4,20,0.5166666666666666,rock solid brands graphic design beginner level
634480,typographic poster design from sketch to vector,graphic design,intermediate level,36,5,45,1.5,typographic poster design from sketch to vector graphic design intermediate level
771044,make money with photoshop logos business cards brochures,graphic design,all levels,32,4,100,5.0,make money with photoshop logos business cards brochures graphic design all levels
497268,photoshop the art of clipart,graphic design,beginner level,30,3,20,1.0,photoshop the art of clipart graphic design beginner level
435138,adobe illustrator creative cloud mastering the upgrades,graphic design,intermediate level,22,3,20,2.0,adobe illustrator creative cloud mastering the upgrades graphic design intermediate level
334530,illustrator 101 learn quickly and easily to create artwork,graphic design,all levels,452,3,40,1.0,illustrator 101 learn quickly and easily to create artwork graphic design all levels
904144,design your own fonts. plus a bunch of typography secrets.,graphic design,all levels,67,8,40,1.0,design your own fonts. plus a bunch of typography secrets. graphic design all levels
397946,easy steps to become a photoshop expert,graphic design,all levels,1081,11,20,8.0,easy steps to become a photoshop expert graphic design all levels
561800,intro to adobe illustrator,graphic design,beginner level,189,13,20,6.0,intro to adobe illustrator graphic design beginner level
810234,beginners guide photoshop poster artwork,graphic design,beginner level,775,5,20,1.0,beginners guide photoshop poster artwork graphic design beginner level
559046,basic graphic design for powerpoint,graphic design,beginner level,88,8,20,1.0,basic graphic design for powerpoint graphic design beginner level
338308,master graphic design using photoshop with rachael,graphic design,all levels,598,22,25,1.5,master graphic design using photoshop with rachael graphic design all levels
477634,adobe illustrator cc print design for beginners,graphic design,beginner level,145,35,50,6.0,adobe illustrator cc print design for beginners graphic design beginner level
913194,adobe illustrator master in 3d,graphic design,all levels,445,4,25,0.5333333333333333,adobe illustrator master in 3d graphic design all levels
429866,from drawing to illustration,graphic design,beginner level,237,25,20,6.0,from drawing to illustration graphic design beginner level
632702,adobe suite unleash your creativity benefit from it,graphic design,all levels,1005,4,200,9.5,adobe suite unleash your creativity benefit from it graphic design all levels
429366,become a logo designer guide to complimentary logo software,graphic design,all levels,485,9,35,2.5,become a logo designer guide to complimentary logo software graphic design all levels
433084,diy beautiful social graphics that don t require photoshop,graphic design,all levels,238,9,20,2.5,diy beautiful social graphics that don t require photoshop graphic design all levels
185092,design while you learn indesign cc,graphic design,beginner level,1116,3,20,2.5,design while you learn indesign cc graphic design beginner level
395652,r graph essentials,graphic design,all levels,105,4,85,2.0,r graph essentials graphic design all levels
943724,car sketching with simple analog tools,graphic design,all levels,23,5,40,0.6166666666666667,car sketching with simple analog tools graphic design all levels
546124,drawing anime manga style,graphic design,all levels,82,5,25,8.0,drawing anime manga style graphic design all levels
876444,inkscape 101 for beginners design vector graphics,graphic design,beginner level,13,5,195,1.0,inkscape 101 for beginners design vector graphics graphic design beginner level
893978,how to fix common branding mistakes for graphic designers,graphic design,intermediate level,19,2,35,1.5,how to fix common branding mistakes for graphic designers graphic design intermediate level
1249378,autocad course learn online autocad in urdu hindi,graphic design,all levels,105,2,0,2.0,autocad course learn online autocad in urdu hindi graphic design all levels
273256,mind blowing photoshop master skills season 1,graphic design,all levels,94,3,20,3.0,mind blowing photoshop master skills season 1 graphic design all levels
1240730,architectural drawing for creatives,graphic design,all levels,5,0,195,24.0,architectural drawing for creatives graphic design all levels
651014,adobe photoshop complete beginner,graphic design,beginner level,98,3,200,2.0,adobe photoshop complete beginner graphic design beginner level
1236254,character design,graphic design,intermediate level,5,0,75,2.0,character design graphic design intermediate level
1201118,icon design masterclass learn icon design principles,graphic design,beginner level,6,0,40,2.5,icon design masterclass learn icon design principles graphic design beginner level
1227748,create stunning photoshop compositions in minutes,graphic design,all levels,5,0,20,2.0,create stunning photoshop compositions in minutes graphic design all levels
408118,marvelous logo design,graphic design,all levels,91,5,20,1.5,marvelous logo design graphic design all levels
1258402,canva complete course for graphics design 20 projects,graphic design,all levels,3,3,20,2.5,canva complete course for graphics design 20 projects graphic design all levels
489114,the complete video production guide learn top video tools,graphic design,all levels,121,9,195,7.5,the complete video production guide learn top video tools graphic design all levels
16689,drawing with confidence,graphic design,all levels,105,7,25,2.0,drawing with confidence graphic design all levels
1089062,add realistic car paint to your pencil drawing in photoshop,graphic design,beginner level,17,3,25,1.0,add realistic car paint to your pencil drawing in photoshop graphic design beginner level
709160,t shirt sales merch by amazon profit formula with canva,graphic design,all levels,380,1,20,1.0,t shirt sales merch by amazon profit formula with canva graphic design all levels
385662,learn print production from start to finish,graphic design,all levels,494,6,35,1.0,learn print production from start to finish graphic design all levels
508570,step by step gif animation in photoshop,graphic design,all levels,518,2,20,1.0,step by step gif animation in photoshop graphic design all levels
934790,adobe create a professional logo step by step farming,graphic design,all levels,214,0,20,1.0,adobe create a professional logo step by step farming graphic design all levels
1133716,adobe illustrator cc advanced,graphic design,beginner level,11,1,30,1.5,adobe illustrator cc advanced graphic design beginner level
473474,mastering realistic real life drawing with pencil,graphic design,beginner level,33,5,20,0.65,mastering realistic real life drawing with pencil graphic design beginner level
1143032,silhouettes that sells,graphic design,beginner level,9,1,25,1.0,silhouettes that sells graphic design beginner level
121490,fullpage the complete guide to flat websites,graphic design,all levels,817,14,20,0.6333333333333333,fullpage the complete guide to flat websites graphic design all levels
339560,how to design professional powerpoint business presentation,graphic design,all levels,286,7,20,1.0,how to design professional powerpoint business presentation graphic design all levels
659340,pic monkey for beginners graphic design and photo editing,graphic design,beginner level,774,3,20,3.0,pic monkey for beginners graphic design and photo editing graphic design beginner level
835082,corel painter 2016,graphic design,all levels,41,9,40,8.0,corel painter 2016 graphic design all levels
335902,ebook cover design,graphic design,intermediate level,30,3,20,1.5,ebook cover design graphic design intermediate level
441106,photoshop tips and tricks how to change clothes,graphic design,all levels,837,4,20,2.0,photoshop tips and tricks how to change clothes graphic design all levels
624356,how to make better compositions take your art to new height,graphic design,all levels,11,3,30,0.5333333333333333,how to make better compositions take your art to new height graphic design all levels
456388,adobe photoshop cc the essential guide,graphic design,all levels,254,5,20,4.5,adobe photoshop cc the essential guide graphic design all levels
955242,learn to composite a 2d action shot in photoshop,graphic design,beginner level,40,2,20,1.5,learn to composite a 2d action shot in photoshop graphic design beginner level
496430,infographic design how to create your own infographic,graphic design,all levels,84,8,20,2.0,infographic design how to create your own infographic graphic design all levels
793246,autodesk inventor 2016 complete guide,graphic design,beginner level,23,4,20,7.5,autodesk inventor 2016 complete guide graphic design beginner level
547190,amazing graphic design for beginners,graphic design,beginner level,32,10,20,0.7,amazing graphic design for beginners graphic design beginner level
696630,7 ways a beginner guitarist can sound better instantly,musical instruments,beginner level,4529,193,0,0.6,7 ways a beginner guitarist can sound better instantly musical instruments beginner level
643970,instant harmonica christmas. play jingle bells part 1 now,musical instruments,all levels,823,11,20,0.7,instant harmonica christmas. play jingle bells part 1 now musical instruments all levels
801486,playing piano popular pieces vol. ii,musical instruments,beginner level,1472,4,150,1.5,playing piano popular pieces vol. ii musical instruments beginner level
455054,ninja chord changes master your guitar chord changes,musical instruments,beginner level,1327,11,30,1.5,ninja chord changes master your guitar chord changes musical instruments beginner level
1257976,your first 10 guitar lessons learn how to play guitar,musical instruments,beginner level,924,4,0,1.0,your first 10 guitar lessons learn how to play guitar musical instruments beginner level
1253224,pentatonic scale crash course for bass guitar,musical instruments,intermediate level,898,6,0,1.0,pentatonic scale crash course for bass guitar musical instruments intermediate level
837722,modal theory for guitar guitar lessons from lutz academy,musical instruments,all levels,1039,29,50,1.5,modal theory for guitar guitar lessons from lutz academy musical instruments all levels
631416,learn fun dreamy piano techniques #1 play white christmas,musical instruments,all levels,1474,10,80,2.0,learn fun dreamy piano techniques #1 play white christmas musical instruments all levels
149728,learn jazz piano today,musical instruments,all levels,1167,66,50,3.0,learn jazz piano today musical instruments all levels
195576,learn to play the drums without a drum kit,musical instruments,all levels,1589,52,25,2.0,learn to play the drums without a drum kit musical instruments all levels
1048302,learn travis picking from scratch,musical instruments,intermediate level,219,30,40,1.5,learn travis picking from scratch musical instruments intermediate level
560662,instant harmonica how to get single notes in 5 easy steps,musical instruments,beginner level,835,10,20,0.6333333333333333,instant harmonica how to get single notes in 5 easy steps musical instruments beginner level
661814,piano runs fills #3 jazzy chromatic chord song endings,musical instruments,all levels,747,5,70,1.0,piano runs fills #3 jazzy chromatic chord song endings musical instruments all levels
640496,teaching music start teaching an instrument successfully.,musical instruments,beginner level,1337,5,30,1.5,teaching music start teaching an instrument successfully. musical instruments beginner level
1200374,strumming from scratch rhythm guitar lesson for beginners,musical instruments,beginner level,530,11,0,2.0,strumming from scratch rhythm guitar lesson for beginners musical instruments beginner level
101498,blues guitar lessons from texas to carolina,musical instruments,intermediate level,1297,12,20,2.5,blues guitar lessons from texas to carolina musical instruments intermediate level
729464,instant harmonica play the groovy beatles yesterday today,musical instruments,all levels,295,7,40,1.0,instant harmonica play the groovy beatles yesterday today musical instruments all levels
961630,beginner guitar quick start course,musical instruments,beginner level,2084,20,0,1.0,beginner guitar quick start course musical instruments beginner level
544234,mike g s beginner drum course part 1,musical instruments,beginner level,515,14,35,3.0,mike g s beginner drum course part 1 musical instruments beginner level
517366,guitar for beginners learn the basics,musical instruments,beginner level,1026,13,20,0.5166666666666666,guitar for beginners learn the basics musical instruments beginner level
271652,how to play the djembe for beginners,musical instruments,all levels,414,18,30,1.0,how to play the djembe for beginners musical instruments all levels
760066,blues guitar lessons volume 1 blues shuffle essentials,musical instruments,all levels,198,21,45,2.5,blues guitar lessons volume 1 blues shuffle essentials musical instruments all levels
80844,beginner guitar 38 easy lessons you needs to get started,musical instruments,beginner level,250,24,40,3.0,beginner guitar 38 easy lessons you needs to get started musical instruments beginner level
820086,bass guitar lessons for beginners,musical instruments,beginner level,180,21,95,2.5,bass guitar lessons for beginners musical instruments beginner level
1013558,pure pentatonic power rock and blues guitar soloing,musical instruments,all levels,128,10,50,2.0,pure pentatonic power rock and blues guitar soloing musical instruments all levels
206332,rock drumset grooves level 1,musical instruments,beginner level,709,12,20,2.0,rock drumset grooves level 1 musical instruments beginner level
624662,guitar the next level,musical instruments,beginner level,117,12,55,1.0,guitar the next level musical instruments beginner level
470472,learn to play euphonium beginner to pro in under five hours,musical instruments,beginner level,305,39,50,7.0,learn to play euphonium beginner to pro in under five hours musical instruments beginner level
331970,learn oud 1 no prior music knowledge required,musical instruments,beginner level,153,27,20,3.5,learn oud 1 no prior music knowledge required musical instruments beginner level
705890,instant harmonica play dylan s blowing in the wind today,musical instruments,all levels,81,5,20,1.0,instant harmonica play dylan s blowing in the wind today musical instruments all levels
932804,improvise on the piano in 30 minutes,musical instruments,beginner level,85,8,40,1.5,improvise on the piano in 30 minutes musical instruments beginner level
1101522,cajon step by step beginner intermediate advanced,musical instruments,all levels,73,9,35,3.0,cajon step by step beginner intermediate advanced musical instruments all levels
760300,blues guitar lessons volume 2 slow blues essentials,musical instruments,all levels,178,21,45,2.0,blues guitar lessons volume 2 slow blues essentials musical instruments all levels
636858,instant harmonica play the gorgeous skye boat song now,musical instruments,beginner level,122,9,20,0.6333333333333333,instant harmonica play the gorgeous skye boat song now musical instruments beginner level
371896,learn to play trombone go from beginner to pro in no time,musical instruments,all levels,402,47,50,7.5,learn to play trombone go from beginner to pro in no time musical instruments all levels
636842,fingerstyleguitar by jacques stotzem basic level,musical instruments,all levels,119,12,30,1.5,fingerstyleguitar by jacques stotzem basic level musical instruments all levels
564446,instant harmonica play two star wars themes in 30 minutes,musical instruments,beginner level,605,21,20,0.7,instant harmonica play two star wars themes in 30 minutes musical instruments beginner level
925286,play piano to day beginner piano lessons for busy people,musical instruments,beginner level,476,16,100,4.0,play piano to day beginner piano lessons for busy people musical instruments beginner level
324224,learn to play the flute beginner to pro in under five hours,musical instruments,beginner level,707,116,50,7.0,learn to play the flute beginner to pro in under five hours musical instruments beginner level
1008054,play piano 7 improvise on for all we know in f key by ear,musical instruments,all levels,438,3,50,1.5,play piano 7 improvise on for all we know in f key by ear musical instruments all levels
40495,world s fastest piano method the piano revolution,musical instruments,beginner level,1199,58,95,2.0,world s fastest piano method the piano revolution musical instruments beginner level
184780,learn to play the trumpet beginner to pro made the easy way,musical instruments,beginner level,966,157,50,7.5,learn to play the trumpet beginner to pro made the easy way musical instruments beginner level
338926,learn to play clarinet beginner to pro in under five hours,musical instruments,beginner level,877,93,50,6.0,learn to play clarinet beginner to pro in under five hours musical instruments beginner level
104304,learn to play the piano using pop r b and gospel chords,musical instruments,all levels,1504,15,50,0.6833333333333333,learn to play the piano using pop r b and gospel chords musical instruments all levels
413182,play by ear #4 play song by ear with 3 chords using any key,musical instruments,all levels,1064,11,95,2.5,play by ear #4 play song by ear with 3 chords using any key musical instruments all levels
1108666,worship piano from beginner to pro,musical instruments,all levels,117,11,80,3.0,worship piano from beginner to pro musical instruments all levels
692658,easy to play christmas songs for guitar,musical instruments,all levels,1229,8,100,0.5,easy to play christmas songs for guitar musical instruments all levels
173776,ultimate blues guitar beginner lessons,musical instruments,beginner level,922,57,20,10.5,ultimate blues guitar beginner lessons musical instruments beginner level
1254852,how to play piano your first lesson,musical instruments,beginner level,662,7,0,0.5166666666666666,how to play piano your first lesson musical instruments beginner level
637842,playing piano reading and playing classical tunes vol.i,musical instruments,beginner level,1732,6,50,2.0,playing piano reading and playing classical tunes vol.i musical instruments beginner level
953442,blues school a course for beginners in blues piano improv,musical instruments,all levels,326,44,120,3.0,blues school a course for beginners in blues piano improv musical instruments all levels
648628,learn fun dreamy piano techniques # 2 play silver bells,musical instruments,all levels,1284,6,80,2.0,learn fun dreamy piano techniques # 2 play silver bells musical instruments all levels
670640,31 day guitar challenge,musical instruments,beginner level,1029,22,40,3.5,31 day guitar challenge musical instruments beginner level
403078,percussive fingerstyle guitar,musical instruments,intermediate level,886,43,50,1.5,percussive fingerstyle guitar musical instruments intermediate level
174562,learn to play saxophone beginner to pro in under four hours,musical instruments,beginner level,1213,158,50,5.0,learn to play saxophone beginner to pro in under four hours musical instruments beginner level
396238,learn bass guitar have fun amaze your friends it s easy,musical instruments,beginner level,1605,19,100,2.0,learn bass guitar have fun amaze your friends it s easy musical instruments beginner level
20387,guitar insanity workout eatmystrings,musical instruments,all levels,2673,17,50,2.5,guitar insanity workout eatmystrings musical instruments all levels
646906,playing piano play chords and popular pieces vol.i,musical instruments,beginner level,1987,7,100,3.0,playing piano play chords and popular pieces vol.i musical instruments beginner level
783292,guitar chord riot learn to play guitar like a guitar jedi,musical instruments,intermediate level,1052,6,75,0.5,guitar chord riot learn to play guitar like a guitar jedi musical instruments intermediate level
515262,guitar learn 12 must know beginner rock guitar riffs,musical instruments,beginner level,1548,10,50,2.0,guitar learn 12 must know beginner rock guitar riffs musical instruments beginner level
147404,guitar fretboard mastery for the blues guitarist,musical instruments,all levels,257,6,20,1.0,guitar fretboard mastery for the blues guitarist musical instruments all levels
260900,quick easy piano chords play more songs with more chords,musical instruments,beginner level,1818,4,55,2.5,quick easy piano chords play more songs with more chords musical instruments beginner level
563650,instant harmonica play scarborough fair in 8 easy lectures,musical instruments,beginner level,543,4,40,1.0,instant harmonica play scarborough fair in 8 easy lectures musical instruments beginner level
743674,piano with willie blues n boogie vol. 2,musical instruments,intermediate level,95,8,40,2.5,piano with willie blues n boogie vol. 2 musical instruments intermediate level
71912,have fun with beginner blues piano,musical instruments,all levels,321,24,75,2.5,have fun with beginner blues piano musical instruments all levels
1186514,learn to play harp beginners course,musical instruments,beginner level,408,7,0,0.6833333333333333,learn to play harp beginners course musical instruments beginner level
1104494,instant harmonica play this classic 8 bar blues tune,musical instruments,all levels,43,4,40,1.0,instant harmonica play this classic 8 bar blues tune musical instruments all levels
764534,guitar lessons learning the neck fretboard mastery,musical instruments,all levels,239,30,45,6.0,guitar lessons learning the neck fretboard mastery musical instruments all levels
808292,take your double bass drum technique to the next level,musical instruments,intermediate level,584,7,40,5.5,take your double bass drum technique to the next level musical instruments intermediate level
630734,how to play the cajon for beginners,musical instruments,all levels,144,15,30,1.5,how to play the cajon for beginners musical instruments all levels
757284,slide guitar slide soloing essentials,musical instruments,all levels,297,20,50,3.0,slide guitar slide soloing essentials musical instruments all levels
356060,learn piano #8 use augmented chord sub whole tone scales,musical instruments,all levels,1137,4,60,1.0,learn piano #8 use augmented chord sub whole tone scales musical instruments all levels
1045886,learn acoustic guitar for worship,musical instruments,beginner level,86,18,40,2.0,learn acoustic guitar for worship musical instruments beginner level
939668,learn 3 all time a r rahman hits on carnatic flute,musical instruments,intermediate level,98,18,70,2.5,learn 3 all time a r rahman hits on carnatic flute musical instruments intermediate level
873386,guitar lessons the essential beginner intermediate course,musical instruments,all levels,2566,39,0,2.0,guitar lessons the essential beginner intermediate course musical instruments all levels
933818,instant harmonica play the groovy irish washerwoman now,musical instruments,beginner level,55,8,40,1.0,instant harmonica play the groovy irish washerwoman now musical instruments beginner level
624118,music fundamentals learn beatmaking with pen tapping,musical instruments,all levels,537,2,200,2.0,music fundamentals learn beatmaking with pen tapping musical instruments all levels
149716,learn to play fernando sor s study in b minor https www.udemy.com study in b minor true 115 1403 5 9 intermediate level 43 mins 2014 01 27t20 58 16z 398746 piano the chord based system learn to play as the pros do,musical instruments,all levels,595,20,115,2.0,learn to play fernando sor s study in b minor https www.udemy.com study in b minor true 115 1403 5 9 intermediate level 43 mins 2014 01 27t20 58 16z 398746 piano the chord based system learn to play as the pros do musical instruments all levels
585946,beginner guitar lessons by paul gronow,musical instruments,all levels,659,4,50,3.5,beginner guitar lessons by paul gronow musical instruments all levels
876396,guitar fretboard secrets,musical instruments,intermediate level,186,13,55,2.0,guitar fretboard secrets musical instruments intermediate level
263818,learn to play french horn beginner to pro made the easy way,musical instruments,beginner level,460,27,50,8.0,learn to play french horn beginner to pro made the easy way musical instruments beginner level
759972,150 rock guitar licks you must know,musical instruments,all levels,252,14,45,4.5,150 rock guitar licks you must know musical instruments all levels
893056,didgeridoo from zero to hero part one beginning,musical instruments,beginner level,87,11,35,3.0,didgeridoo from zero to hero part one beginning musical instruments beginner level
326428,learn piano scales play any song in any key like pro s do,musical instruments,beginner level,1720,9,50,2.5,learn piano scales play any song in any key like pro s do musical instruments beginner level
769518,instant harmonica play the groovy valens la bamba now,musical instruments,beginner level,390,4,20,0.7333333333333333,instant harmonica play the groovy valens la bamba now musical instruments beginner level
806638,blues master beginner s techniques piano course,musical instruments,all levels,2618,41,0,1.5,blues master beginner s techniques piano course musical instruments all levels
467408,how to play djembe drums rhythm. level 2,musical instruments,intermediate level,390,14,40,2.0,how to play djembe drums rhythm. level 2 musical instruments intermediate level
567558,instant harmonica play amazing grace with grace and ease,musical instruments,beginner level,496,6,40,1.0,instant harmonica play amazing grace with grace and ease musical instruments beginner level
854696,instant harmonica play amazing grace + ode to joy now,musical instruments,all levels,341,7,40,1.5,instant harmonica play amazing grace + ode to joy now musical instruments all levels
1182624,play thousands of songs on the guitar cheater chords,musical instruments,beginner level,97,5,100,1.0,play thousands of songs on the guitar cheater chords musical instruments beginner level
27681,piano improvisation from day one,musical instruments,all levels,1249,37,20,3.0,piano improvisation from day one musical instruments all levels
412970,classical guitar essentials the basics part 1,musical instruments,beginner level,861,19,65,4.5,classical guitar essentials the basics part 1 musical instruments beginner level
344234,learn piano #7 learn chromatic chords chromatic scale run,musical instruments,all levels,973,8,60,2.0,learn piano #7 learn chromatic chords chromatic scale run musical instruments all levels
692812,play all major scales by ear no notation required,musical instruments,beginner level,868,8,40,3.5,play all major scales by ear no notation required musical instruments beginner level
933666,how to play in a local irish music session with confidence,musical instruments,all levels,193,5,40,1.0,how to play in a local irish music session with confidence musical instruments all levels
645202,the total beginner s guitar course,musical instruments,beginner level,9193,357,0,1.5,the total beginner s guitar course musical instruments beginner level
65033,virtual piano lessons a new way to learn piano,musical instruments,all levels,5830,29,50,1.0,virtual piano lessons a new way to learn piano musical instruments all levels
550842,16 guitar chords to jam with beginner intermediate,musical instruments,beginner level,1224,19,20,1.0,16 guitar chords to jam with beginner intermediate musical instruments beginner level
19421,free beginner electric guitar lessons,musical instruments,beginner level,101154,1042,0,4.5,free beginner electric guitar lessons musical instruments beginner level
897162,101 awesome rockabilly guitar licks,musical instruments,intermediate level,407,64,40,2.5,101 awesome rockabilly guitar licks musical instruments intermediate level
955914,a beginner s guide to fingerpicking and strumming guitar,musical instruments,beginner level,3481,29,0,2.0,a beginner s guide to fingerpicking and strumming guitar musical instruments beginner level
1158690,instant harmonica basic 12 bar blues course easy and fun,musical instruments,beginner level,124,8,40,1.0,instant harmonica basic 12 bar blues course easy and fun musical instruments beginner level
551170,your first course on piano,musical instruments,beginner level,2002,34,70,4.0,your first course on piano musical instruments beginner level
198690,acoustic guitar basics,musical instruments,beginner level,14495,224,0,2.0,acoustic guitar basics musical instruments beginner level
657518,cracking the violin code,musical instruments,all levels,746,82,120,5.5,cracking the violin code musical instruments all levels
708696,instant bodhran part one learn the basics of drumming now,musical instruments,beginner level,920,31,30,1.0,instant bodhran part one learn the basics of drumming now musical instruments beginner level
1007396,play the piano by ear master class learn by doing,musical instruments,all levels,362,38,175,2.5,play the piano by ear master class learn by doing musical instruments all levels
505126,discover classical guitar level 2,musical instruments,intermediate level,927,35,75,11.5,discover classical guitar level 2 musical instruments intermediate level
574428,fingerpicking classics great songs played fingerstyle,musical instruments,all levels,953,11,20,2.0,fingerpicking classics great songs played fingerstyle musical instruments all levels
602450,6 must know tricks to successful solos,musical instruments,all levels,469,38,35,4.0,6 must know tricks to successful solos musical instruments all levels
895244,caged system for guitar guitar lessons from lutz academy,musical instruments,all levels,450,15,50,1.5,caged system for guitar guitar lessons from lutz academy musical instruments all levels
342398,learn the violin no music experience necessary,musical instruments,beginner level,600,27,120,3.0,learn the violin no music experience necessary musical instruments beginner level
552700,your second course on piano two handed playing,musical instruments,beginner level,1018,12,70,5.0,your second course on piano two handed playing musical instruments beginner level
175278,how to design your own guitar,musical instruments,all levels,181,34,50,5.0,how to design your own guitar musical instruments all levels
101496,how to play blues guitar broonzy mcghee blues lessons,musical instruments,intermediate level,8240,31,0,1.5,how to play blues guitar broonzy mcghee blues lessons musical instruments intermediate level
365292,play sonny terry style on harmonica and dazzle your friends,musical instruments,all levels,582,49,200,5.5,play sonny terry style on harmonica and dazzle your friends musical instruments all levels
42251,blues and advanced guitar lessons,musical instruments,all levels,1235,46,85,7.5,blues and advanced guitar lessons musical instruments all levels
446478,learn basics of south indian carnatic flute step by step,musical instruments,beginner level,380,113,150,4.0,learn basics of south indian carnatic flute step by step musical instruments beginner level
132570,basic piano hymn playing,musical instruments,beginner level,1842,21,20,1.5,basic piano hymn playing musical instruments beginner level
288942,#1 piano hand coordination play 10th ballad in eb key songs,musical instruments,all levels,3137,18,35,1.5,#1 piano hand coordination play 10th ballad in eb key songs musical instruments all levels
1105794,piano music theory back to basics by jfilt,musical instruments,beginner level,4967,308,0,0.5,piano music theory back to basics by jfilt musical instruments beginner level
515256,guitar 12 strumming patterns you must know for guitar,musical instruments,beginner level,2154,40,50,1.0,guitar 12 strumming patterns you must know for guitar musical instruments beginner level
956102,guitar lessons for complete beginners super simple and fun,musical instruments,beginner level,936,9,20,0.6666666666666666,guitar lessons for complete beginners super simple and fun musical instruments beginner level
902476,caged pentatonic system for guitar level 3,musical instruments,all levels,1224,17,45,1.5,caged pentatonic system for guitar level 3 musical instruments all levels
1051856,classical guitar essentials the basics part 2,musical instruments,intermediate level,1030,1,95,4.5,classical guitar essentials the basics part 2 musical instruments intermediate level
583752,introduction to piano by pgn piano,musical instruments,beginner level,14922,772,0,0.6666666666666666,introduction to piano by pgn piano musical instruments beginner level
521072,keyboard instruments read sheet music for piano fast,musical instruments,beginner level,2788,52,50,1.5,keyboard instruments read sheet music for piano fast musical instruments beginner level
749686,how to play the guitar your 30 day guide to learn guitar,musical instruments,beginner level,2686,10,20,6.0,how to play the guitar your 30 day guide to learn guitar musical instruments beginner level
1010274,drumming accelerator how to get the best start possible,musical instruments,beginner level,1594,4,200,1.5,drumming accelerator how to get the best start possible musical instruments beginner level
998100,play piano 4 improvise on popular song yesterday chords,musical instruments,all levels,1018,4,50,1.5,play piano 4 improvise on popular song yesterday chords musical instruments all levels
1033670,beginner s guitar lessons crash course for busy adults,musical instruments,beginner level,1194,9,50,2.0,beginner s guitar lessons crash course for busy adults musical instruments beginner level
1266892,getting started with the guitar in 5 days,musical instruments,beginner level,270,1,0,1.5,getting started with the guitar in 5 days musical instruments beginner level
762374,guitar lessons string bending and vibrato essentials,musical instruments,all levels,3325,28,0,1.0,guitar lessons string bending and vibrato essentials musical instruments all levels
743634,piano with willie blues n boogie vol. 1,musical instruments,intermediate level,172,26,40,2.5,piano with willie blues n boogie vol. 1 musical instruments intermediate level
663810,piano runs fills #4 c6 rolling waves waterfall runs,musical instruments,all levels,834,3,70,1.0,piano runs fills #4 c6 rolling waves waterfall runs musical instruments all levels
475914,chugging it don t mean a thing if it ain t got that swing,musical instruments,all levels,382,21,200,2.5,chugging it don t mean a thing if it ain t got that swing musical instruments all levels
831294,make your own ukulele,musical instruments,all levels,452,5,85,4.5,make your own ukulele musical instruments all levels
364716,beginner violin 101 care maintenance and the right gear,musical instruments,all levels,5543,107,0,4.0,beginner violin 101 care maintenance and the right gear musical instruments all levels
1105904,learn how to play 25 classic hip hop songs,musical instruments,all levels,153,9,25,2.5,learn how to play 25 classic hip hop songs musical instruments all levels
242382,learn beethoven s fur elise on piano,musical instruments,all levels,1582,11,20,0.4833333333333333,learn beethoven s fur elise on piano musical instruments all levels
783778,play violin and fiddle for beginners it s fun course 1,musical instruments,beginner level,560,8,20,1.0,play violin and fiddle for beginners it s fun course 1 musical instruments beginner level
773016,piano with willie building technique with scales vol. 1,musical instruments,all levels,111,15,40,1.5,piano with willie building technique with scales vol. 1 musical instruments all levels
672894,christmas piano songs for the very beginner vol. i,musical instruments,beginner level,1060,3,40,1.5,christmas piano songs for the very beginner vol. i musical instruments beginner level
1132694,introduction to gypsy jazz guitar,musical instruments,all levels,452,10,95,2.5,introduction to gypsy jazz guitar musical instruments all levels
311530,learn how to play blues rock boogie woogie piano today,musical instruments,all levels,2346,11,45,0.65,learn how to play blues rock boogie woogie piano today musical instruments all levels
1236562,the piano chord ladder learn to play thousands of songs,musical instruments,all levels,103,2,100,1.0,the piano chord ladder learn to play thousands of songs musical instruments all levels
1000966,play piano 5 improvise on misty eb key runs 2 5 chords,musical instruments,expert level,833,6,50,1.5,play piano 5 improvise on misty eb key runs 2 5 chords musical instruments expert level
782430,playing piano scales and arpeggios vol.i major keys,musical instruments,beginner level,2358,3,50,1.0,playing piano scales and arpeggios vol.i major keys musical instruments beginner level
777650,drumming for beginners simple way to learn how to drum,musical instruments,beginner level,1814,28,20,2.0,drumming for beginners simple way to learn how to drum musical instruments beginner level
138228,get great playing harmonica a fun new leisure time hobby,musical instruments,all levels,2543,44,35,2.0,get great playing harmonica a fun new leisure time hobby musical instruments all levels
1034414,fingerstyle guitar mastery 3 techniques you need to know,musical instruments,all levels,3042,40,0,0.5666666666666667,fingerstyle guitar mastery 3 techniques you need to know musical instruments all levels
996888,play piano 3 improvise chords to enchanted evening by ear,musical instruments,all levels,809,5,50,1.5,play piano 3 improvise chords to enchanted evening by ear musical instruments all levels
1191750,jazz guitar tips tricks and licks,musical instruments,intermediate level,9351,331,0,2.0,jazz guitar tips tricks and licks musical instruments intermediate level
793234,piano from zero to pro beginner essentials to the piano,musical instruments,beginner level,811,129,70,3.5,piano from zero to pro beginner essentials to the piano musical instruments beginner level
372416,piano learn 48 chords in 1 hour and always remember how,musical instruments,beginner level,1424,71,120,1.5,piano learn 48 chords in 1 hour and always remember how musical instruments beginner level
665278,walking bass quick start guide,musical instruments,all levels,193,20,50,1.0,walking bass quick start guide musical instruments all levels
1170198,beginner guitar lessons learn to play guitar today wave 1,musical instruments,beginner level,65,18,45,10.0,beginner guitar lessons learn to play guitar today wave 1 musical instruments beginner level
1002272,blues bass quick start guide,musical instruments,all levels,59,8,50,1.5,blues bass quick start guide musical instruments all levels
213532,how to speak pianish beginner level,musical instruments,beginner level,545,5,30,1.0,how to speak pianish beginner level musical instruments beginner level
64585,gospel piano essentials,musical instruments,intermediate level,668,39,30,11.5,gospel piano essentials musical instruments intermediate level
1013762,instant harmonica play leonard cohen s hallelujah now,musical instruments,all levels,100,15,40,1.5,instant harmonica play leonard cohen s hallelujah now musical instruments all levels
315576,guitar crash course no experience necessary,musical instruments,beginner level,5769,78,0,1.0,guitar crash course no experience necessary musical instruments beginner level
812914,beginner guitar lessons your complete foundation course,musical instruments,beginner level,293,30,60,18.5,beginner guitar lessons your complete foundation course musical instruments beginner level
660690,piano building blocks learn the 24 most common chords,musical instruments,beginner level,492,10,50,1.5,piano building blocks learn the 24 most common chords musical instruments beginner level
347104,learn to play the oboe beginner to pro in under four hours,musical instruments,beginner level,500,39,50,5.0,learn to play the oboe beginner to pro in under four hours musical instruments beginner level
638204,playing piano by ear complete guide for aspiring musicians,musical instruments,all levels,346,26,150,4.5,playing piano by ear complete guide for aspiring musicians musical instruments all levels
519694,discover the fun of spoon playing a beginners course,musical instruments,all levels,353,13,65,1.0,discover the fun of spoon playing a beginners course musical instruments all levels
647336,country guitar fundamentals,musical instruments,intermediate level,1174,39,50,1.5,country guitar fundamentals musical instruments intermediate level
464844,discover classical guitar level 1,musical instruments,beginner level,1513,38,25,1.5,discover classical guitar level 1 musical instruments beginner level
824044,pi 101 top 10 classical piano pieces for beginners,musical instruments,beginner level,6292,183,0,1.0,pi 101 top 10 classical piano pieces for beginners musical instruments beginner level
409818,get started playing blues harmonica,musical instruments,beginner level,6853,398,0,0.6166666666666667,get started playing blues harmonica musical instruments beginner level
755198,rockabilly guitar for beginners,musical instruments,beginner level,475,125,40,2.0,rockabilly guitar for beginners musical instruments beginner level
552650,beginner piano,musical instruments,beginner level,776,79,20,4.0,beginner piano musical instruments beginner level
710420,step by step tabla course indian drums,musical instruments,beginner level,1337,17,20,1.0,step by step tabla course indian drums musical instruments beginner level
1000988,play piano 6 improvise on the way we were with power chords,musical instruments,all levels,701,4,50,1.5,play piano 6 improvise on the way we were with power chords musical instruments all levels
384928,101 blues riffs learn how the harmonica superstars do it,musical instruments,intermediate level,1350,65,200,6.5,101 blues riffs learn how the harmonica superstars do it musical instruments intermediate level
392958,learn to play the drums,musical instruments,all levels,1141,88,25,8.5,learn to play the drums musical instruments all levels
515260,guitar master the guitar fretboard in 6 easy steps,musical instruments,beginner level,1203,26,55,1.0,guitar master the guitar fretboard in 6 easy steps musical instruments beginner level
555340,play piano in 30 days start playing now,musical instruments,beginner level,5188,410,0,3.0,play piano in 30 days start playing now musical instruments beginner level
603902,curso de didgeridoo nivel principiante,musical instruments,beginner level,0,0,50,1.0,curso de didgeridoo nivel principiante musical instruments beginner level
217978,ブルースギター入門,musical instruments,all levels,462,6,0,3.5,ブルースギター入門 musical instruments all levels
238934,pianoforall incredible new way to learn piano keyboard,musical instruments,all levels,75499,7676,200,30.0,pianoforall incredible new way to learn piano keyboard musical instruments all levels
456284,the professional guitar masterclass,musical instruments,all levels,21701,1340,200,9.5,the professional guitar masterclass musical instruments all levels
1029440,modern rock guitar techniques,musical instruments,intermediate level,3157,375,50,3.0,modern rock guitar techniques musical instruments intermediate level
42271,complete guitar system beginner to advanced,musical instruments,all levels,32935,2713,145,34.0,complete guitar system beginner to advanced musical instruments all levels
484670,guitar super system level 1,musical instruments,intermediate level,10869,2257,50,5.0,guitar super system level 1 musical instruments intermediate level
967380,how to play piano go from a beginner intermediate to a pro,musical instruments,all levels,5316,159,200,31.0,how to play piano go from a beginner intermediate to a pro musical instruments all levels
681692,guitar super system level 2,musical instruments,expert level,4192,128,50,1.5,guitar super system level 2 musical instruments expert level
200598,learn harmonica amaze your friends and have fun it s easy,musical instruments,all levels,8857,718,200,15.5,learn harmonica amaze your friends and have fun it s easy musical instruments all levels
953152,the complete piano music theory beginners course,musical instruments,all levels,10435,665,50,1.5,the complete piano music theory beginners course musical instruments all levels
1132342,ultimate beginner guitar masterclass,musical instruments,beginner level,8113,79,200,11.5,ultimate beginner guitar masterclass musical instruments beginner level
194692,quicklessons piano course learn to play piano by ear,musical instruments,all levels,7178,260,200,8.5,quicklessons piano course learn to play piano by ear musical instruments all levels
1119092,learn guitar the right way complete kickstarter course,musical instruments,beginner level,2102,33,150,9.0,learn guitar the right way complete kickstarter course musical instruments beginner level
902474,caged pentatonic system for guitar level 1,musical instruments,all levels,1329,52,45,1.5,caged pentatonic system for guitar level 1 musical instruments all levels
920194,caged pentatonic system for guitar level 2,musical instruments,all levels,1220,13,45,1.5,caged pentatonic system for guitar level 2 musical instruments all levels
666322,learn to play piano from a concert pianist for beginners,musical instruments,beginner level,3206,18,200,1.0,learn to play piano from a concert pianist for beginners musical instruments beginner level
1193886,#12 hand coordination let your hands dance with ballad 9,musical instruments,intermediate level,482,1,75,1.5,#12 hand coordination let your hands dance with ballad 9 musical instruments intermediate level
647338,how to make money with a cover band,musical instruments,all levels,2498,12,50,3.5,how to make money with a cover band musical instruments all levels
1194244,how to play guitar for absolute beginners,musical instruments,beginner level,478,3,35,1.0,how to play guitar for absolute beginners musical instruments beginner level
658816,learn how to improvise on guitar in 30 days,musical instruments,beginner level,1788,89,200,6.0,learn how to improvise on guitar in 30 days musical instruments beginner level
1009802,play piano 8 play over the rainbow by ear free improvise,musical instruments,all levels,1249,6,50,1.5,play piano 8 play over the rainbow by ear free improvise musical instruments all levels
353224,the best beginner guitar course ever,musical instruments,beginner level,1976,252,50,1.0,the best beginner guitar course ever musical instruments beginner level
938260,piano for singer songwriters 2 pop rock rhythm immersion,musical instruments,all levels,567,37,100,1.5,piano for singer songwriters 2 pop rock rhythm immersion musical instruments all levels
907966,guitar learn 10 ccr guitar chord progressions,musical instruments,beginner level,2045,8,50,2.0,guitar learn 10 ccr guitar chord progressions musical instruments beginner level
997470,play piano 2 play love me tender by ear with 2 5 chords,musical instruments,all levels,1204,8,50,1.5,play piano 2 play love me tender by ear with 2 5 chords musical instruments all levels
993134,learn piano #10 tritone chord substitution with jazzy sounds,musical instruments,all levels,1227,2,60,0.6333333333333333,learn piano #10 tritone chord substitution with jazzy sounds musical instruments all levels
41884,getting started with playing guitar,musical instruments,beginner level,47652,1141,0,4.0,getting started with playing guitar musical instruments beginner level
888698,piano playing reading and playing classical tunes vol.ii,musical instruments,beginner level,1638,3,40,1.5,piano playing reading and playing classical tunes vol.ii musical instruments beginner level
1119610,harmonica jamz the only course on jammin with friends,musical instruments,beginner level,568,8,60,5.0,harmonica jamz the only course on jammin with friends musical instruments beginner level
476324,guitar learn 10 legendary chord progressions for guitar,musical instruments,beginner level,3013,15,55,1.5,guitar learn 10 legendary chord progressions for guitar musical instruments beginner level
476988,guitar blues guitar for beginners,musical instruments,beginner level,2795,26,45,1.0,guitar blues guitar for beginners musical instruments beginner level
1159988,electric guitar for beginners rockstarter level 1,musical instruments,beginner level,491,5,40,2.5,electric guitar for beginners rockstarter level 1 musical instruments beginner level
1034080,the circle of fifths for guitarists,musical instruments,intermediate level,1018,2,50,1.5,the circle of fifths for guitarists musical instruments intermediate level
659918,piano runs fills #2 play rolling cascading runs for intro,musical instruments,all levels,2164,10,70,1.0,piano runs fills #2 play rolling cascading runs for intro musical instruments all levels
422546,piano circle of 5ths to play a song in 12 keys in 12 days,musical instruments,all levels,2415,16,95,2.5,piano circle of 5ths to play a song in 12 keys in 12 days musical instruments all levels
1116196,essential theory and technique for guitar,musical instruments,beginner level,2285,34,0,2.0,essential theory and technique for guitar musical instruments beginner level
660460,piano for complete beginners learn your first song today,musical instruments,beginner level,1268,10,40,1.0,piano for complete beginners learn your first song today musical instruments beginner level
1123250,master class piano techniques tips to ez coordinate 2 hands,musical instruments,intermediate level,2026,3,95,2.5,master class piano techniques tips to ez coordinate 2 hands musical instruments intermediate level
1003568,master class # 11 play piano techniques learn piano 1 to10,musical instruments,all levels,2164,10,95,2.0,master class # 11 play piano techniques learn piano 1 to10 musical instruments all levels
1240148,learn all piano chords in all piano scales with logic,musical instruments,beginner level,969,2,45,1.0,learn all piano chords in all piano scales with logic musical instruments beginner level
1111630,learn to play the piano or keyboard from scratch,musical instruments,beginner level,1987,11,145,14.0,learn to play the piano or keyboard from scratch musical instruments beginner level
830568,5 exotic guitar scales and how to use them effectively,musical instruments,intermediate level,1319,101,50,1.0,5 exotic guitar scales and how to use them effectively musical instruments intermediate level
566678,learn 4 chords and play thousands of songs,musical instruments,beginner level,4560,177,20,1.5,learn 4 chords and play thousands of songs musical instruments beginner level
1170074,#10 hand coordination transfer chord ballad 9 c bb key,musical instruments,intermediate level,1593,1,75,1.0,#10 hand coordination transfer chord ballad 9 c bb key musical instruments intermediate level
517148,acoustic fingerstyle guitar course beginner to advanced,musical instruments,all levels,6565,55,200,4.0,acoustic fingerstyle guitar course beginner to advanced musical instruments all levels
206088,guitar chord mastery turn your brain into a chord encyclopia,musical instruments,intermediate level,4133,173,200,28.5,guitar chord mastery turn your brain into a chord encyclopia musical instruments intermediate level
995562,play piano 1 master class intro standards 2 5 power chords,musical instruments,all levels,1541,14,50,1.0,play piano 1 master class intro standards 2 5 power chords musical instruments all levels
59922,best beginner guitar lessons by sam lyons,musical instruments,all levels,14560,20,20,2.0,best beginner guitar lessons by sam lyons musical instruments all levels
76524,a new approach to piano and playing songs for beginners,musical instruments,beginner level,7140,72,50,1.5,a new approach to piano and playing songs for beginners musical instruments beginner level
971962,learn guitar zero to guitar fingerpicking in 30 days,musical instruments,beginner level,1495,26,50,2.5,learn guitar zero to guitar fingerpicking in 30 days musical instruments beginner level
972704,how to play contemporary piano,musical instruments,all levels,1200,35,25,0.6,how to play contemporary piano musical instruments all levels
993510,piano technique exercises vol.1,musical instruments,all levels,1674,4,50,1.0,piano technique exercises vol.1 musical instruments all levels
1255114,instant harmonica learning the basic 12 bar blues bassline,musical instruments,all levels,54,6,40,1.0,instant harmonica learning the basic 12 bar blues bassline musical instruments all levels
1120410,#5 piano hand coordination piano runs in 2 beats eb key,musical instruments,intermediate level,940,3,75,0.6166666666666667,#5 piano hand coordination piano runs in 2 beats eb key musical instruments intermediate level
1048188,modern country guitar technique booster,musical instruments,intermediate level,1152,16,30,2.5,modern country guitar technique booster musical instruments intermediate level
970880,blues guitar lessons for beginners chords rhythm and lead,musical instruments,beginner level,2558,19,95,3.0,blues guitar lessons for beginners chords rhythm and lead musical instruments beginner level
1116700,#4 piano hand coordination fun piano runs in 2 beats c key,musical instruments,intermediate level,850,3,75,1.0,#4 piano hand coordination fun piano runs in 2 beats c key musical instruments intermediate level
687248,3 step formula for playing guitar by ear,musical instruments,beginner level,3937,54,25,1.5,3 step formula for playing guitar by ear musical instruments beginner level
1052180,how to play electric guitar https www.udemy.com electric guitar beginners method true 50 1105 5 20 beginner level 2 hours 2016 12 29t00 24 06z 42038 learn piano today how to play piano course in quick lessons,musical instruments,all levels,6271,68,100,5.0,how to play electric guitar https www.udemy.com electric guitar beginners method true 50 1105 5 20 beginner level 2 hours 2016 12 29t00 24 06z 42038 learn piano today how to play piano course in quick lessons musical instruments all levels
501412,play piano by ear today supercourse,musical instruments,all levels,4557,21,60,5.5,play piano by ear today supercourse musical instruments all levels
1032864,learn to read write music to play piano more instruments,musical instruments,all levels,5292,38,115,10.5,learn to read write music to play piano more instruments musical instruments all levels
574974,the complete piano course master the piano,musical instruments,all levels,4982,276,95,23.0,the complete piano course master the piano musical instruments all levels
1229488,learn to play your favorite guitar songs by ear,musical instruments,all levels,4733,11,50,1.5,learn to play your favorite guitar songs by ear musical instruments all levels
658276,piano for singer songwriters write songs and perform live,musical instruments,beginner level,3371,175,100,3.0,piano for singer songwriters write songs and perform live musical instruments beginner level
1041176,fun beginner ukulele course,musical instruments,beginner level,1409,41,55,1.5,fun beginner ukulele course musical instruments beginner level
26956,learn guitar in 21 days,musical instruments,beginner level,26504,192,20,2.5,learn guitar in 21 days musical instruments beginner level
1098994,fun ukulele strumming course,musical instruments,beginner level,3141,10,45,1.0,fun ukulele strumming course musical instruments beginner level
917432,the professional bass masterclass,musical instruments,all levels,1449,136,200,7.0,the professional bass masterclass musical instruments all levels
983418,the allman brothers guitar roots and techniques,musical instruments,intermediate level,2692,29,75,1.5,the allman brothers guitar roots and techniques musical instruments intermediate level
648506,blues guitar fundamentals,musical instruments,intermediate level,3312,107,50,1.5,blues guitar fundamentals musical instruments intermediate level
1122832,#6 piano hand coordination play open 10 ballad to 9 4 song,musical instruments,intermediate level,2015,3,65,0.7333333333333333,#6 piano hand coordination play open 10 ballad to 9 4 song musical instruments intermediate level
1123184,#7 piano hand coordination play piano runs in 3 beats 9 4,musical instruments,intermediate level,2015,2,65,1.0,#7 piano hand coordination play piano runs in 3 beats 9 4 musical instruments intermediate level
858064,beginner level popular piano program month 1,musical instruments,beginner level,7,2,30,1.0,beginner level popular piano program month 1 musical instruments beginner level
214328,piano lessons for the r b fan,musical instruments,all levels,228,2,20,8.0,piano lessons for the r b fan musical instruments all levels
101500,guitar lessons blind blake king of ragtime blues guitar,musical instruments,expert level,65,5,20,4.0,guitar lessons blind blake king of ragtime blues guitar musical instruments expert level
829962,darbuka drumming learn how to play the darbuka dounbek,musical instruments,beginner level,1094,45,0,1.0,darbuka drumming learn how to play the darbuka dounbek musical instruments beginner level
519212,awesome lead guitar 1,musical instruments,beginner level,60,6,25,4.5,awesome lead guitar 1 musical instruments beginner level
297930,the art of piano improvisation,musical instruments,all levels,83,4,20,0.6666666666666666,the art of piano improvisation musical instruments all levels
663710,how to build a professional djembe create music beauty biz,musical instruments,all levels,122,2,40,1.5,how to build a professional djembe create music beauty biz musical instruments all levels
471328,advanced euphonium studies learn to master the euphonium,musical instruments,all levels,106,7,50,6.0,advanced euphonium studies learn to master the euphonium musical instruments all levels
892898,didgeridoo from zero to hero part two. intermediate.,musical instruments,intermediate level,55,2,35,2.0,didgeridoo from zero to hero part two. intermediate. musical instruments intermediate level
638100,fingerstyle guitar by jacques stotzem advanced level,musical instruments,all levels,77,4,30,2.0,fingerstyle guitar by jacques stotzem advanced level musical instruments all levels
823860,trumpet pro series you re going to love practicing trumpet,musical instruments,all levels,92,1,50,6.0,trumpet pro series you re going to love practicing trumpet musical instruments all levels
635570,a guide to analog synths for the modern edm enthusiast.,musical instruments,all levels,29,4,20,3.5,a guide to analog synths for the modern edm enthusiast. musical instruments all levels
99324,acoustic blues guitar lessons,musical instruments,intermediate level,8217,109,0,1.0,acoustic blues guitar lessons musical instruments intermediate level
535650,accelerate your guitar learning with metal techniques,musical instruments,all levels,1305,25,20,6.5,accelerate your guitar learning with metal techniques musical instruments all levels
769270,beginner step by step keharwa theka tabla course,musical instruments,beginner level,916,26,20,0.6666666666666666,beginner step by step keharwa theka tabla course musical instruments beginner level
51752,just chords piano learn to play piano quickly no music,musical instruments,beginner level,2357,15,85,5.0,just chords piano learn to play piano quickly no music musical instruments beginner level
17922,play ukulele now,musical instruments,all levels,1951,88,30,5.0,play ukulele now musical instruments all levels
112314,acoustic blues guitar lessons,musical instruments,intermediate level,1284,136,125,12.5,acoustic blues guitar lessons musical instruments intermediate level
656364,piano runs fills #1 play dreamy whole tone scale runs,musical instruments,all levels,769,10,70,1.0,piano runs fills #1 play dreamy whole tone scale runs musical instruments all levels
105350,play piano today easy festive favorites piano party hits,musical instruments,all levels,3122,6,75,4.0,play piano today easy festive favorites piano party hits musical instruments all levels
606494,the 80 20 beginner guitar course,musical instruments,beginner level,1269,27,50,3.0,the 80 20 beginner guitar course musical instruments beginner level
1217408,drums for beginners,musical instruments,beginner level,1618,4,0,3.0,drums for beginners musical instruments beginner level
1037868,digital pianist course learn piano keyboard fast easy,musical instruments,beginner level,89,7,150,3.0,digital pianist course learn piano keyboard fast easy musical instruments beginner level
1008098,learn to play guitar and sing at the same time,musical instruments,beginner level,66,9,45,1.0,learn to play guitar and sing at the same time musical instruments beginner level
650836,introduction to ukulele 1,musical instruments,beginner level,630,25,20,1.0,introduction to ukulele 1 musical instruments beginner level
504168,learn flute fast,musical instruments,beginner level,249,33,45,4.0,learn flute fast musical instruments beginner level
761584,guitar lessons soloing with arpeggios essential guide,musical instruments,intermediate level,198,11,45,5.0,guitar lessons soloing with arpeggios essential guide musical instruments intermediate level
743884,piano with willie blues n boogie vol. 3,musical instruments,intermediate level,84,4,40,2.5,piano with willie blues n boogie vol. 3 musical instruments intermediate level
583224,instant harmonica play the kesh pt 1 it s easy and fun,musical instruments,all levels,58,5,40,0.5833333333333334,instant harmonica play the kesh pt 1 it s easy and fun musical instruments all levels
725906,piano lessons for beginners learn piano quickly and easily,musical instruments,beginner level,186,35,75,3.0,piano lessons for beginners learn piano quickly and easily musical instruments beginner level
1146368,the easy beginner drum course,musical instruments,beginner level,21,4,25,0.5,the easy beginner drum course musical instruments beginner level
589248,instant harmonica play somewhere over the rainbow now,musical instruments,beginner level,431,2,40,1.0,instant harmonica play somewhere over the rainbow now musical instruments beginner level
584468,instant harmonica play the kesh part 2 easy and fun,musical instruments,beginner level,53,5,20,0.5833333333333334,instant harmonica play the kesh part 2 easy and fun musical instruments beginner level
807934,the 80 20 guitar write music and play guitar in 30 days,musical instruments,all levels,2610,28,0,3.5,the 80 20 guitar write music and play guitar in 30 days musical instruments all levels
532572,ukulele 2 level 1 key of c and strums,musical instruments,beginner level,26,2,20,1.0,ukulele 2 level 1 key of c and strums musical instruments beginner level
53277,guitar for music educators learning how to teach guitar,musical instruments,beginner level,32,3,20,1.5,guitar for music educators learning how to teach guitar musical instruments beginner level
670376,piano tutorial ludovico einaudi una mattina,musical instruments,all levels,1631,23,0,0.7333333333333333,piano tutorial ludovico einaudi una mattina musical instruments all levels
1149202,guitar solo theory and improvisation lessons,musical instruments,intermediate level,12,4,60,1.5,guitar solo theory and improvisation lessons musical instruments intermediate level
802040,bluegrass guitar essentials webisodes 3 4,musical instruments,intermediate level,12,2,30,2.0,bluegrass guitar essentials webisodes 3 4 musical instruments intermediate level
789820,instant harmonica play christmas + birthday songs now,musical instruments,all levels,236,0,40,1.5,instant harmonica play christmas + birthday songs now musical instruments all levels
806640,blues master advanced techniques piano course,musical instruments,all levels,7,2,75,1.0,blues master advanced techniques piano course musical instruments all levels
802038,bluegrass guitar essentials webisodes 5 6,musical instruments,intermediate level,11,2,30,3.0,bluegrass guitar essentials webisodes 5 6 musical instruments intermediate level
818838,trombone lessons for beginners,musical instruments,beginner level,11,2,95,3.0,trombone lessons for beginners musical instruments beginner level
269832,rhythm to rock drum lesson 6,musical instruments,beginner level,12,1,20,1.5,rhythm to rock drum lesson 6 musical instruments beginner level
759130,flute pro series you re about to love practicing the flute,musical instruments,all levels,135,1,50,6.5,flute pro series you re about to love practicing the flute musical instruments all levels
556076,how to play guitar everything you need to know to start,musical instruments,beginner level,5,1,50,1.0,how to play guitar everything you need to know to start musical instruments beginner level
824020,trombone pro series fall in love with the trombone,musical instruments,all levels,57,6,50,7.0,trombone pro series fall in love with the trombone musical instruments all levels
1223570,learn how to play 25 classic hip hop songs ch.2,musical instruments,all levels,7,1,25,3.5,learn how to play 25 classic hip hop songs ch.2 musical instruments all levels
139792,learn to play tunes by ear on harmonica no written music,musical instruments,intermediate level,73,3,35,2.0,learn to play tunes by ear on harmonica no written music musical instruments intermediate level
482334,fingerpicking for guitar,musical instruments,all levels,35,4,20,3.0,fingerpicking for guitar musical instruments all levels
602812,music theory guitar and ear training,musical instruments,beginner level,30,3,60,3.0,music theory guitar and ear training musical instruments beginner level
1036400,piano unbound. piano learning method a course for beginners,musical instruments,all levels,32,1,195,2.5,piano unbound. piano learning method a course for beginners musical instruments all levels
866528,advanced trombone studies learn to master the trombone,musical instruments,all levels,39,2,50,8.0,advanced trombone studies learn to master the trombone musical instruments all levels
471352,euphonium solos learn to perform three fun unique pieces,musical instruments,all levels,90,2,50,2.5,euphonium solos learn to perform three fun unique pieces musical instruments all levels
744080,piano with willie tritones phat chords,musical instruments,intermediate level,37,3,40,2.0,piano with willie tritones phat chords musical instruments intermediate level
620372,piano for kids developing your child s creative abilities,musical instruments,beginner level,42,2,65,4.0,piano for kids developing your child s creative abilities musical instruments beginner level
214418,piano lessons for the hip hop fan,musical instruments,intermediate level,276,2,20,5.5,piano lessons for the hip hop fan musical instruments intermediate level
619856,french horn solos learn how to perform three fun pieces,musical instruments,all levels,88,1,50,3.0,french horn solos learn how to perform three fun pieces musical instruments all levels
839028,bluegrass guitar essentials webisodes 9 10,musical instruments,intermediate level,10,0,30,2.0,bluegrass guitar essentials webisodes 9 10 musical instruments intermediate level
771880,clarinet lessons for beginners,musical instruments,beginner level,11,0,95,3.0,clarinet lessons for beginners musical instruments beginner level
228268,play music on harmonica using 8 notes learn easy tunes,musical instruments,beginner level,29,0,35,1.0,play music on harmonica using 8 notes learn easy tunes musical instruments beginner level
944550,learn piano online a quiet solace piano solo,musical instruments,intermediate level,7,0,50,1.0,learn piano online a quiet solace piano solo musical instruments intermediate level
839026,bluegrass guitar essentials webisodes 7 8,musical instruments,intermediate level,9,0,30,2.0,bluegrass guitar essentials webisodes 7 8 musical instruments intermediate level
838320,the art of the blues shuffle a guitarist s guide,musical instruments,intermediate level,8,0,20,1.5,the art of the blues shuffle a guitarist s guide musical instruments intermediate level
838896,learn piano online ambiance piano solo,musical instruments,intermediate level,8,0,50,1.0,learn piano online ambiance piano solo musical instruments intermediate level
812602,piano lessons for beginners,musical instruments,beginner level,8,0,95,4.0,piano lessons for beginners musical instruments beginner level
190906,the theory practice of modes on the guitar,musical instruments,intermediate level,17,0,35,1.5,the theory practice of modes on the guitar musical instruments intermediate level
1124590,learn how to play the trumpet,musical instruments,all levels,2,0,75,1.5,learn how to play the trumpet musical instruments all levels
917176,violin for beginners,musical instruments,beginner level,4,0,50,0.7333333333333333,violin for beginners musical instruments beginner level
647884,beginner acoustic guitar lessons,musical instruments,beginner level,8,0,25,1.0,beginner acoustic guitar lessons musical instruments beginner level
646918,aprendiendo piano tocando piezas populares vol.i,musical instruments,beginner level,122,3,100,3.5,aprendiendo piano tocando piezas populares vol.i musical instruments beginner level
1216752,curso de bateria explorando diferentes divisões,musical instruments,intermediate level,5,2,55,2.0,curso de bateria explorando diferentes divisões musical instruments intermediate level
1193536,escalas pentatónicas para guitarristas,musical instruments,all levels,11,3,25,0.6,escalas pentatónicas para guitarristas musical instruments all levels
430962,brass master class,musical instruments,all levels,36,6,20,2.0,brass master class musical instruments all levels
631480,enseñando música mejora tus clases de instrumento,musical instruments,beginner level,111,3,30,1.5,enseñando música mejora tus clases de instrumento musical instruments beginner level
970462,ukelele exprés aprende a tocar en menos de un mes,musical instruments,beginner level,888,64,0,1.5,ukelele exprés aprende a tocar en menos de un mes musical instruments beginner level
852426,curso de guitarra para principiantes,musical instruments,beginner level,53,5,20,3.0,curso de guitarra para principiantes musical instruments beginner level
430992,mundharmonika spielen mein schönstes hobby,musical instruments,beginner level,65,7,20,2.5,mundharmonika spielen mein schönstes hobby musical instruments beginner level
733922,aprende el acordeón de oído y con técnica nivel intermedio,musical instruments,intermediate level,38,7,25,4.5,aprende el acordeón de oído y con técnica nivel intermedio musical instruments intermediate level
608436,présentation du banjo ténor,musical instruments,beginner level,18,4,20,1.5,présentation du banjo ténor musical instruments beginner level
217628,aprende a tocar el acordeón de botones,musical instruments,all levels,22,4,50,3.5,aprende a tocar el acordeón de botones musical instruments all levels
631444,aprendiendo piano lectura de piezas clásicas vol.i,musical instruments,beginner level,211,12,50,1.5,aprendiendo piano lectura de piezas clásicas vol.i musical instruments beginner level
935900,pedais de efeito para contrabaixo,musical instruments,all levels,10,3,50,2.5,pedais de efeito para contrabaixo musical instruments all levels
713492,mantenimiento y octavación para guitarras eléctricas,musical instruments,all levels,12,3,35,1.0,mantenimiento y octavación para guitarras eléctricas musical instruments all levels
218540,aprende a tocar el violín desde cero,musical instruments,all levels,17,1,50,2.5,aprende a tocar el violín desde cero musical instruments all levels
211780,aprende a tocar el teclado como los expertos,musical instruments,all levels,11,1,50,2.5,aprende a tocar el teclado como los expertos musical instruments all levels
217320,aprende a tocar el saxofón como siempre has querido,musical instruments,all levels,8,1,20,3.5,aprende a tocar el saxofón como siempre has querido musical instruments all levels
387064,guitarra para principiantes,musical instruments,beginner level,7,1,20,2.0,guitarra para principiantes musical instruments beginner level
219756,aprende a tocar flauta transversal sin complicaciones,musical instruments,all levels,6,2,50,3.0,aprende a tocar flauta transversal sin complicaciones musical instruments all levels
1243162,aprende a tocar las escalas en el acordeón de botones.,musical instruments,beginner level,2,0,20,1.0,aprende a tocar las escalas en el acordeón de botones. musical instruments beginner level
1174974,curso de violão prático,musical instruments,beginner level,5,0,70,1.5,curso de violão prático musical instruments beginner level
214828,aprende a tocar percusiones congas bongós maracas y más,musical instruments,all levels,14,2,50,3.5,aprende a tocar percusiones congas bongós maracas y más musical instruments all levels
430994,gitarre spielen mein schönstes hobby,musical instruments,beginner level,11,2,20,2.0,gitarre spielen mein schönstes hobby musical instruments beginner level
207408,aprende a tocar la guitarra acústica como un profesional,musical instruments,all levels,11,0,50,3.0,aprende a tocar la guitarra acústica como un profesional musical instruments all levels
445118,guitar lesson five steps to learn barre chords,musical instruments,all levels,57,9,35,0.55,guitar lesson five steps to learn barre chords musical instruments all levels
146852,easy piano basics learn piano no prior experience needed,musical instruments,all levels,377,8,20,1.5,easy piano basics learn piano no prior experience needed musical instruments all levels
147754,guitar technique mastery the ultimate chop building workout,musical instruments,all levels,273,4,20,1.5,guitar technique mastery the ultimate chop building workout musical instruments all levels
131512,inside drum technique,musical instruments,all levels,406,10,50,2.0,inside drum technique musical instruments all levels
140168,learn to play tarrega bach and sor on classical guitar,musical instruments,intermediate level,556,11,195,4.0,learn to play tarrega bach and sor on classical guitar musical instruments intermediate level
510098,create beautiful music on the piano like a pro in minutes,musical instruments,all levels,115,17,95,1.5,create beautiful music on the piano like a pro in minutes musical instruments all levels
561774,instant harmonica play the great irish tune molly malone,musical instruments,beginner level,420,2,20,1.0,instant harmonica play the great irish tune molly malone musical instruments beginner level
1102396,instant harmonica play can t help falling in love now,musical instruments,all levels,32,3,40,1.0,instant harmonica play can t help falling in love now musical instruments all levels
1173716,arpeggios for guitar made easy dominate the fretboard,musical instruments,all levels,26,5,65,3.0,arpeggios for guitar made easy dominate the fretboard musical instruments all levels
761938,guitar lessons the modal system modes essentials,musical instruments,all levels,116,7,45,2.0,guitar lessons the modal system modes essentials musical instruments all levels
374566,learn to play percussion beginner to pro made the easy way,musical instruments,all levels,425,7,50,6.0,learn to play percussion beginner to pro made the easy way musical instruments all levels
182940,modern piano lessons for beginners,musical instruments,beginner level,736,6,20,5.0,modern piano lessons for beginners musical instruments beginner level
1003250,world percussion complete lessons for everyone,musical instruments,all levels,68,9,40,4.0,world percussion complete lessons for everyone musical instruments all levels
1190448,learn lion saroo soundtrack on the piano by ear,musical instruments,all levels,104,0,20,0.5333333333333333,learn lion saroo soundtrack on the piano by ear musical instruments all levels
647276,acoustic blues guitar lessons,musical instruments,intermediate level,189,18,75,4.5,acoustic blues guitar lessons musical instruments intermediate level
26648,play guitar and understand music quick easy in 28 days,musical instruments,all levels,738,6,20,9.5,play guitar and understand music quick easy in 28 days musical instruments all levels
264396,learn how to play the violin violin basics,musical instruments,beginner level,365,10,20,0.5333333333333333,learn how to play the violin violin basics musical instruments beginner level
153230,swing low the 101 authentic nashville piano style course,musical instruments,all levels,146,5,20,1.0,swing low the 101 authentic nashville piano style course musical instruments all levels
601230,guitar play 5 easy christmas chord progressions on guitar,musical instruments,beginner level,383,4,50,1.0,guitar play 5 easy christmas chord progressions on guitar musical instruments beginner level
326310,get piano skills today,musical instruments,all levels,92,5,100,3.5,get piano skills today musical instruments all levels
398522,learn the violin scales and fundamentals,musical instruments,beginner level,291,14,80,3.0,learn the violin scales and fundamentals musical instruments beginner level
773144,piano with willie building technique with scales vol. 2,musical instruments,all levels,61,3,40,1.5,piano with willie building technique with scales vol. 2 musical instruments all levels
324226,master flute playing intermediate instruction made simple,musical instruments,intermediate level,288,15,50,6.0,master flute playing intermediate instruction made simple musical instruments intermediate level
888668,how to sing and play the guitar at the same time,musical instruments,beginner level,78,8,20,1.5,how to sing and play the guitar at the same time musical instruments beginner level
301686,super beginner guitar start right start awesome,musical instruments,beginner level,594,3,30,2.0,super beginner guitar start right start awesome musical instruments beginner level
151027,introduction to guitar a course for beginners https www.udemy.com introduction to guitar true 25 163 11 56 beginner level 2.5 hours 2014 10 30t15 59 39z 650804 guitar master class learning how to play guitar from a to z,musical instruments,all levels,489,5,40,4.0,introduction to guitar a course for beginners https www.udemy.com introduction to guitar true 25 163 11 56 beginner level 2.5 hours 2014 10 30t15 59 39z 650804 guitar master class learning how to play guitar from a to z musical instruments all levels
269830,rhythm to rock drum lesson 5,musical instruments,beginner level,13,3,20,1.0,rhythm to rock drum lesson 5 musical instruments beginner level
315812,gibson s learn master guitar,musical instruments,all levels,103,33,50,38.0,gibson s learn master guitar musical instruments all levels
373636,master the trombone intermediate instruction made simple,musical instruments,all levels,231,7,50,9.0,master the trombone intermediate instruction made simple musical instruments all levels
1113170,walking bass fundamentals,musical instruments,all levels,44,3,50,2.0,walking bass fundamentals musical instruments all levels
336446,circular breathing for musicians practical skills,musical instruments,all levels,261,4,25,1.5,circular breathing for musicians practical skills musical instruments all levels
455676,electric bass for busy beginners course 1,musical instruments,all levels,114,15,50,1.5,electric bass for busy beginners course 1 musical instruments all levels
200108,guitar for absolute beginners class 1,musical instruments,beginner level,45,4,20,1.5,guitar for absolute beginners class 1 musical instruments beginner level
198660,tenor banjo for absolute beginners,musical instruments,beginner level,3167,161,0,0.6166666666666667,tenor banjo for absolute beginners musical instruments beginner level
763100,guitar lessons 50 essential fast legato licks,musical instruments,intermediate level,105,9,35,3.0,guitar lessons 50 essential fast legato licks musical instruments intermediate level
922828,aprenda a tocar pandeiro curso iniciante samba choro,musical instruments,beginner level,85,22,90,2.0,aprenda a tocar pandeiro curso iniciante samba choro musical instruments beginner level
32033,aprende batería con el nuevo método idt,musical instruments,all levels,335,32,20,2.0,aprende batería con el nuevo método idt musical instruments all levels
286070,5 lecciones que todo guitarrista debe tomar,musical instruments,beginner level,4452,263,0,1.0,5 lecciones que todo guitarrista debe tomar musical instruments beginner level
55569,los 7 acordes para tocarlo todo en un fin de semana,musical instruments,beginner level,332,23,20,2.0,los 7 acordes para tocarlo todo en un fin de semana musical instruments beginner level
725566,curso de violão popular,musical instruments,beginner level,287,42,25,6.0,curso de violão popular musical instruments beginner level
829616,aprendiendo piano ejercicios de calentamiento,musical instruments,beginner level,1876,109,0,0.55,aprendiendo piano ejercicios de calentamiento musical instruments beginner level
888852,aprendiendo piano lectura de piezas clásicas vol.ii,musical instruments,beginner level,113,4,40,1.5,aprendiendo piano lectura de piezas clásicas vol.ii musical instruments beginner level
286898,aprende a tocar el acordeón de oído y con técnica https www.udemy.com aprende a tocar el acordeon de oido y con tecnica true 25 93 21 34 beginner level 4 hours 2014 09 16t19 51 45z 263432 aprende los secretos de la armónica con harp soul,musical instruments,all levels,158,17,75,2.5,aprende a tocar el acordeón de oído y con técnica https www.udemy.com aprende a tocar el acordeon de oido y con tecnica true 25 93 21 34 beginner level 4 hours 2014 09 16t19 51 45z 263432 aprende los secretos de la armónica con harp soul musical instruments all levels
375830,guitarra desde cero parte 1,musical instruments,beginner level,480,12,35,7.0,guitarra desde cero parte 1 musical instruments beginner level
207440,super curso de guitarra práctico para principiantes,musical instruments,beginner level,228,26,85,10.5,super curso de guitarra práctico para principiantes musical instruments beginner level
1042382,explosão pentatônica,musical instruments,all levels,42,5,55,1.5,explosão pentatônica musical instruments all levels
1114722,complete beginners introduction to guitar,musical instruments,beginner level,10,4,40,1.5,complete beginners introduction to guitar musical instruments beginner level
1102436,learn 10 scottish tunes piano easy level,musical instruments,beginner level,103,1,45,3.5,learn 10 scottish tunes piano easy level musical instruments beginner level
644820,fingerpicking fundamentals,musical instruments,beginner level,75,7,20,1.5,fingerpicking fundamentals musical instruments beginner level
131562,piano with a pro,musical instruments,all levels,66,6,25,2.5,piano with a pro musical instruments all levels
628606,piano lessons for beginners play the piano and read music,musical instruments,beginner level,61,9,70,4.0,piano lessons for beginners play the piano and read music musical instruments beginner level
459888,master the tuba intermediate instruction made simple,musical instruments,intermediate level,184,5,50,8.5,master the tuba intermediate instruction made simple musical instruments intermediate level
1141614,the fun and effective piano course,musical instruments,all levels,24,2,30,3.5,the fun and effective piano course musical instruments all levels
605074,advanced flute studies learn to master the flute,musical instruments,all levels,205,4,50,5.0,advanced flute studies learn to master the flute musical instruments all levels
749616,alternate picking speed accuracy,musical instruments,all levels,19,4,20,3.5,alternate picking speed accuracy musical instruments all levels
470482,master the euphonium with simple intermediate instruction,musical instruments,intermediate level,120,6,50,8.0,master the euphonium with simple intermediate instruction musical instruments intermediate level
344348,master the clarinet intermediate instruction made simple,musical instruments,all levels,232,11,50,7.0,master the clarinet intermediate instruction made simple musical instruments all levels
373556,advanced clarinet studies learn to master the clarinet,musical instruments,all levels,148,3,50,4.5,advanced clarinet studies learn to master the clarinet musical instruments all levels
214794,aprende a tocar ritmo pop en el piano y teclado,musical instruments,all levels,10,1,20,0.7166666666666667,aprende a tocar ritmo pop en el piano y teclado musical instruments all levels
782458,aprendiendo piano tocando piezas populares vol.ii,musical instruments,beginner level,72,2,100,1.5,aprendiendo piano tocando piezas populares vol.ii musical instruments beginner level
823494,comment jouer du pianoforte,musical instruments,all levels,172,2,100,3.0,comment jouer du pianoforte musical instruments all levels
212492,aprende a tocar blues en el piano y teclado,musical instruments,all levels,10,4,50,2.5,aprende a tocar blues en el piano y teclado musical instruments all levels
961774,abc do violão e guitarra,musical instruments,beginner level,25,2,85,2.5,abc do violão e guitarra musical instruments beginner level
1261210,suonare la chitarra,musical instruments,all levels,1,1,200,1.0,suonare la chitarra musical instruments all levels
211052,aprende todos los secretos de la guitarra flamenca,musical instruments,all levels,13,2,50,3.5,aprende todos los secretos de la guitarra flamenca musical instruments all levels
597868,こどもギターレッスン リトルギタリストⅰ,musical instruments,beginner level,69,1,20,3.0,こどもギターレッスン リトルギタリストⅰ musical instruments beginner level
218658,aprende cómo tocar el bajo sexto,musical instruments,all levels,10,2,50,3.0,aprende cómo tocar el bajo sexto musical instruments all levels
1048182,coach guitar apprendre la guitare facile avec des couleurs,musical instruments,all levels,25,1,50,3.5,coach guitar apprendre la guitare facile avec des couleurs musical instruments all levels
758216,sistema completo de guitarra rítmica para principiantes,musical instruments,beginner level,21,3,55,6.0,sistema completo de guitarra rítmica para principiantes musical instruments beginner level
1144780,curso de batería online de patricio iglesias santa sabina,musical instruments,intermediate level,5,1,35,4.0,curso de batería online de patricio iglesias santa sabina musical instruments intermediate level
628798,learn piano with beyer 15 minutes challenge,musical instruments,all levels,418,2,65,3.0,learn piano with beyer 15 minutes challenge musical instruments all levels
398224,classical guitar master class alman,musical instruments,intermediate level,113,2,195,2.0,classical guitar master class alman musical instruments intermediate level
147174,blues accelerator 21 days to blues guitar mastery,musical instruments,beginner level,78,6,50,7.0,blues accelerator 21 days to blues guitar mastery musical instruments beginner level
799912,alto saxophone lessons for beginners,musical instruments,beginner level,51,7,95,3.0,alto saxophone lessons for beginners musical instruments beginner level
655958,instant harmonica christmas play jingle bells part 2 now,musical instruments,all levels,58,1,20,0.7333333333333333,instant harmonica christmas play jingle bells part 2 now musical instruments all levels
744034,piano with willie jazz gospel exercises,musical instruments,intermediate level,56,3,40,2.0,piano with willie jazz gospel exercises musical instruments intermediate level
139790,bending the blue notes to give you killer sound on harmonica,musical instruments,intermediate level,162,3,35,2.0,bending the blue notes to give you killer sound on harmonica musical instruments intermediate level
288854,beginner s guitar tuning strumming and chords,musical instruments,beginner level,2577,30,0,0.6166666666666667,beginner s guitar tuning strumming and chords musical instruments beginner level
588264,instant harmonica play the lion sleeps tonight today,musical instruments,beginner level,62,1,20,1.0,instant harmonica play the lion sleeps tonight today musical instruments beginner level
773156,piano with willie building technique with scales vol. 3,musical instruments,all levels,42,1,40,1.5,piano with willie building technique with scales vol. 3 musical instruments all levels
931152,instant bodhran part two learning further drumming skills,musical instruments,beginner level,28,1,40,1.0,instant bodhran part two learning further drumming skills musical instruments beginner level
21080,guitar essentials,musical instruments,beginner level,261,1,20,1.5,guitar essentials musical instruments beginner level
151120,rhythm to rock drum lessons,musical instruments,beginner level,44,2,20,1.0,rhythm to rock drum lessons musical instruments beginner level
1236576,learn to play and improve 12 bar blues harmonica solos,musical instruments,beginner level,4,1,40,1.0,learn to play and improve 12 bar blues harmonica solos musical instruments beginner level
139784,learn to improvise on your harmonica in nice easy steps,musical instruments,beginner level,98,1,35,2.0,learn to improvise on your harmonica in nice easy steps musical instruments beginner level
486412,learning electric guitar for absolute beginners,musical instruments,beginner level,19,2,35,1.5,learning electric guitar for absolute beginners musical instruments beginner level
459468,advanced bassoon studies learn to master the bassoon,musical instruments,all levels,197,0,50,6.5,advanced bassoon studies learn to master the bassoon musical instruments all levels
663696,blues guitar lessons play like the greats all levels,musical instruments,all levels,58,4,20,2.5,blues guitar lessons play like the greats all levels musical instruments all levels
933812,instant harmonica play whiskey in the jar + molly malone,musical instruments,all levels,21,3,40,2.0,instant harmonica play whiskey in the jar + molly malone musical instruments all levels
149602,learn to play trumpet fast using the passive trumpet tutor,musical instruments,all levels,92,3,50,1.5,learn to play trumpet fast using the passive trumpet tutor musical instruments all levels
277770,electric bass right from the start,musical instruments,beginner level,239,1,100,0.6666666666666666,electric bass right from the start musical instruments beginner level
552606,beginner guitar essentials,musical instruments,beginner level,5,2,95,4.5,beginner guitar essentials musical instruments beginner level
459926,advanced tuba studies become a master of the tuba,musical instruments,all levels,173,0,50,5.0,advanced tuba studies become a master of the tuba musical instruments all levels
1040596,greensleeves creative piano lessons course,musical instruments,all levels,10,1,20,2.0,greensleeves creative piano lessons course musical instruments all levels
266004,rhythm to rock drum lesson 4,musical instruments,beginner level,12,3,20,1.5,rhythm to rock drum lesson 4 musical instruments beginner level
720072,hands on guitar beyond beginner,musical instruments,beginner level,54,7,20,3.0,hands on guitar beyond beginner musical instruments beginner level
1046768,instant harmonica play auld lang syne the neet tonight,musical instruments,all levels,28,1,40,1.0,instant harmonica play auld lang syne the neet tonight musical instruments all levels
138336,piano the hard way fast way to life long piano enjoyment,musical instruments,beginner level,238,3,25,1.0,piano the hard way fast way to life long piano enjoyment musical instruments beginner level
333046,the ultimate method for learning modern piano keyboards,musical instruments,all levels,512,3,25,2.5,the ultimate method for learning modern piano keyboards musical instruments all levels
459207,master the bassoon intermediate instruction made simple,musical instruments,all levels,177,3,50,7.5,master the bassoon intermediate instruction made simple musical instruments all levels
814474,oboe pro series you re going to love practicing the oboe,musical instruments,all levels,61,5,50,7.0,oboe pro series you re going to love practicing the oboe musical instruments all levels
1104496,instant harmonica play this classic game of thrones theme,musical instruments,beginner level,21,2,40,1.0,instant harmonica play this classic game of thrones theme musical instruments beginner level
188064,trumpet solos learn how to perform three fun unique pieces,musical instruments,intermediate level,115,6,50,2.5,trumpet solos learn how to perform three fun unique pieces musical instruments intermediate level
578750,learn 4 vital things that will make your drum playing easier,musical instruments,all levels,510,1,35,0.6166666666666667,learn 4 vital things that will make your drum playing easier musical instruments all levels
184088,sax solos learn how to perform three fun and unique pieces,musical instruments,intermediate level,147,4,50,1.0,sax solos learn how to perform three fun and unique pieces musical instruments intermediate level
1198302,traditional style electric blues guitar for beginners,musical instruments,beginner level,9,2,25,3.0,traditional style electric blues guitar for beginners musical instruments beginner level
208126,aprende a tocar los mejores solos en la guitarra eléctrica,musical instruments,all levels,5,1,30,2.0,aprende a tocar los mejores solos en la guitarra eléctrica musical instruments all levels
34332,aprende a tocar la guitarra,musical instruments,all levels,7,1,50,1.5,aprende a tocar la guitarra musical instruments all levels
204014,aprende a tocar el piano desde cero,musical instruments,all levels,4,0,50,4.0,aprende a tocar el piano desde cero musical instruments all levels
219844,aprende a tocar el clarinete.,musical instruments,all levels,4,0,50,3.0,aprende a tocar el clarinete. musical instruments all levels
212506,ahora aprende a tocar jazz en el piano,musical instruments,all levels,4,0,30,1.5,ahora aprende a tocar jazz en el piano musical instruments all levels
687742,こどもギターレッスン リトルギタリストⅱ,musical instruments,beginner level,2,0,20,3.5,こどもギターレッスン リトルギタリストⅱ musical instruments beginner level
219878,aprende a tocar el contrabajo sin complicaciones,musical instruments,all levels,3,1,50,3.0,aprende a tocar el contrabajo sin complicaciones musical instruments all levels
207304,aprende a tocar la guitarra eléctrica,musical instruments,all levels,3,0,50,5.5,aprende a tocar la guitarra eléctrica musical instruments all levels
195196,aprende a improvisar en la guitarra eléctrica,musical instruments,all levels,3,0,50,3.0,aprende a improvisar en la guitarra eléctrica musical instruments all levels
834422,curso de teclado,musical instruments,beginner level,1,0,40,1.5,curso de teclado musical instruments beginner level
724436,guitarra acústica en siete días,musical instruments,beginner level,1,1,20,2.5,guitarra acústica en siete días musical instruments beginner level
448250,improvisación de guitarra,musical instruments,all levels,1,0,20,1.0,improvisación de guitarra musical instruments all levels
796188,step by step classical guitar course,musical instruments,beginner level,9,1,100,4.5,step by step classical guitar course musical instruments beginner level
773174,piano with willie building technique with scales vol. 4,musical instruments,all levels,44,0,40,1.5,piano with willie building technique with scales vol. 4 musical instruments all levels
450246,back in black the ac dc classic rock track,musical instruments,intermediate level,13,1,20,2.0,back in black the ac dc classic rock track musical instruments intermediate level
201472,keyboard basics,musical instruments,all levels,17,1,25,2.0,keyboard basics musical instruments all levels
452514,beginner guitar lessons,musical instruments,beginner level,118,0,20,1.0,beginner guitar lessons musical instruments beginner level
765056,guitar fundamentals for beginners,musical instruments,beginner level,5,1,25,2.0,guitar fundamentals for beginners musical instruments beginner level
196234,easy piano learn and play along,musical instruments,beginner level,11,1,20,1.0,easy piano learn and play along musical instruments beginner level
380596,learn piano the basics of keyboards,musical instruments,beginner level,113,0,20,1.5,learn piano the basics of keyboards musical instruments beginner level
812370,bassoon pro series you re going to love practicing bassoon,musical instruments,all levels,36,0,50,6.5,bassoon pro series you re going to love practicing bassoon musical instruments all levels
832514,acoustic guitar lessons for beginners,musical instruments,beginner level,10,3,95,3.0,acoustic guitar lessons for beginners musical instruments beginner level
1025536,coach guitar amazing new way to learn guitar with colors,musical instruments,all levels,12,0,50,3.5,coach guitar amazing new way to learn guitar with colors musical instruments all levels
82960,mastering the art of guitar chords,musical instruments,beginner level,78,0,20,1.5,mastering the art of guitar chords musical instruments beginner level
1207112,30 day guitar jump start for success,musical instruments,beginner level,31,4,105,4.0,30 day guitar jump start for success musical instruments beginner level
457206,learn to play bassoon beginner to pro in under four hours,musical instruments,beginner level,205,11,50,5.0,learn to play bassoon beginner to pro in under four hours musical instruments beginner level
589900,the 7 day guitar method,musical instruments,all levels,213,4,20,2.5,the 7 day guitar method musical instruments all levels
854694,instant harmonica play star wars + the lion sleeps now,musical instruments,all levels,33,3,40,1.5,instant harmonica play star wars + the lion sleeps now musical instruments all levels
861566,instant harmonica play adele s wonderful hello today,musical instruments,all levels,284,3,20,1.0,instant harmonica play adele s wonderful hello today musical instruments all levels
1244302,guitar strumming 101 have more fun playing songs you love,musical instruments,beginner level,8,2,50,1.0,guitar strumming 101 have more fun playing songs you love musical instruments beginner level
349142,master oboe playing intermediate instruction made simple,musical instruments,intermediate level,98,6,50,5.5,master oboe playing intermediate instruction made simple musical instruments intermediate level
56970,drum set for beginners,musical instruments,beginner level,119,8,20,3.5,drum set for beginners musical instruments beginner level
762482,guitar lessons economy picking essentials,musical instruments,intermediate level,45,5,35,1.5,guitar lessons economy picking essentials musical instruments intermediate level
100916,blues guitar lessons blues guitar robert johnson,musical instruments,intermediate level,297,7,20,2.5,blues guitar lessons blues guitar robert johnson musical instruments intermediate level
869312,take note beginner clarinet fun with fundamental skills,musical instruments,beginner level,137,2,30,4.5,take note beginner clarinet fun with fundamental skills musical instruments beginner level
721274,learn to play irish fiddle,musical instruments,beginner level,112,7,60,5.5,learn to play irish fiddle musical instruments beginner level
719920,hands on guitar the beginner s guide,musical instruments,beginner level,28,7,20,4.0,hands on guitar the beginner s guide musical instruments beginner level
846962,slap bass for beginners,musical instruments,all levels,79,3,50,1.5,slap bass for beginners musical instruments all levels
206986,piano lessons for beginners made easy,musical instruments,beginner level,333,5,25,3.0,piano lessons for beginners made easy musical instruments beginner level
813142,horn pro series you re going to love playing french horn,musical instruments,all levels,48,3,50,8.0,horn pro series you re going to love playing french horn musical instruments all levels
701662,instant harmonica play the irish tune whiskey in the jar,musical instruments,all levels,41,1,20,1.0,instant harmonica play the irish tune whiskey in the jar musical instruments all levels
90132,didgeridoo from zero to hero part three. advanced level.,musical instruments,expert level,209,5,35,1.5,didgeridoo from zero to hero part three. advanced level. musical instruments expert level
815182,saxophone pro series you re going to love practicing sax,musical instruments,all levels,119,4,50,5.5,saxophone pro series you re going to love practicing sax musical instruments all levels
476000,easy piano for kids complete beginner piano course,musical instruments,beginner level,139,8,115,5.5,easy piano for kids complete beginner piano course musical instruments beginner level
762240,guitar lessons two handed tapping essentials,musical instruments,intermediate level,41,2,35,1.5,guitar lessons two handed tapping essentials musical instruments intermediate level
810576,clarinet pro series fall in love with the clarinet,musical instruments,all levels,95,3,50,6.0,clarinet pro series fall in love with the clarinet musical instruments all levels
188498,advanced trumpet studies learn to master the trumpet,musical instruments,intermediate level,184,4,50,4.0,advanced trumpet studies learn to master the trumpet musical instruments intermediate level
1144288,poldark tv series soundtracks for piano quicklessons,musical instruments,beginner level,8,1,20,1.0,poldark tv series soundtracks for piano quicklessons musical instruments beginner level
180680,master the saxophone intermediate instruction made simple,musical instruments,intermediate level,376,9,50,5.5,master the saxophone intermediate instruction made simple musical instruments intermediate level
1031698,you can play jazz saxophone,musical instruments,beginner level,37,7,20,1.5,you can play jazz saxophone musical instruments beginner level
62252,improvise puccini s e lucevan le stelle on piano,musical instruments,all levels,169,3,20,2.0,improvise puccini s e lucevan le stelle on piano musical instruments all levels
1113008,building up to barre chords,musical instruments,all levels,20,6,20,0.7166666666666667,building up to barre chords musical instruments all levels
807494,learn the violin bowing techniques,musical instruments,intermediate level,89,6,80,0.6666666666666666,learn the violin bowing techniques musical instruments intermediate level
761122,blues guitar lessons volume 3 minor blues essentials,musical instruments,all levels,98,5,45,2.0,blues guitar lessons volume 3 minor blues essentials musical instruments all levels
12214,back 2 the basics,musical instruments,all levels,265,23,50,3.0,back 2 the basics musical instruments all levels
344180,play the jews harp instant skills for non musicians.,musical instruments,intermediate level,196,16,25,2.5,play the jews harp instant skills for non musicians. musical instruments intermediate level
185266,master trumpet playing intermediate instruction made simple,musical instruments,intermediate level,292,18,50,7.0,master trumpet playing intermediate instruction made simple musical instruments intermediate level
1076244,practical guitar theory level 1,musical instruments,all levels,14,3,60,1.5,practical guitar theory level 1 musical instruments all levels
1036338,instant harmonica enjoy playing silent night tonight,musical instruments,all levels,16,3,40,0.6333333333333333,instant harmonica enjoy playing silent night tonight musical instruments all levels
266682,harp soul learn the secrets of the harmonica,musical instruments,all levels,114,8,35,2.0,harp soul learn the secrets of the harmonica musical instruments all levels
615226,play leyenda canarios and bach on classical guitar,musical instruments,intermediate level,185,8,195,7.5,play leyenda canarios and bach on classical guitar musical instruments intermediate level
963094,instant harmonica play the cool tune dirty old town now,musical instruments,all levels,42,8,40,1.5,instant harmonica play the cool tune dirty old town now musical instruments all levels
742096,ultimate beginner guitar guide both acoustic electric,musical instruments,beginner level,57,9,45,2.0,ultimate beginner guitar guide both acoustic electric musical instruments beginner level
648492,guitar lessons rock guitar in 1 day,musical instruments,beginner level,17,4,50,1.5,guitar lessons rock guitar in 1 day musical instruments beginner level
222062,tenor banjo,musical instruments,intermediate level,70,6,40,1.0,tenor banjo musical instruments intermediate level
103662,introduction to lead guitar,musical instruments,intermediate level,245,8,20,1.5,introduction to lead guitar musical instruments intermediate level
742764,piano with willie basics of improvisation,musical instruments,beginner level,76,4,40,3.5,piano with willie basics of improvisation musical instruments beginner level
856950,euphonium pro series fall in love with the euphonium,musical instruments,all levels,44,2,50,7.5,euphonium pro series fall in love with the euphonium musical instruments all levels
902480,pure rock guitar play like the gods of rock,musical instruments,all levels,80,5,45,4.5,pure rock guitar play like the gods of rock musical instruments all levels
263846,master the french horn intermediate instruction made simple,musical instruments,intermediate level,68,8,50,7.5,master the french horn intermediate instruction made simple musical instruments intermediate level
1160066,classical guitar technique 80 20,musical instruments,all levels,54,0,175,2.5,classical guitar technique 80 20 musical instruments all levels
625974,total beginner to intermediate guitar learn to play by ear,musical instruments,beginner level,80,4,45,3.0,total beginner to intermediate guitar learn to play by ear musical instruments beginner level
782460,aprende escalas y arpegios vol. i modo mayor,musical instruments,beginner level,85,2,50,1.5,aprende escalas y arpegios vol. i modo mayor musical instruments beginner level
147104,aprende a tocar guitarra rapido y facil con guitarsimple,musical instruments,beginner level,57,7,40,4.0,aprende a tocar guitarra rapido y facil con guitarsimple musical instruments beginner level
1189926,ukulele lernen für papas mit bruder jakob,musical instruments,beginner level,12,1,55,1.0,ukulele lernen für papas mit bruder jakob musical instruments beginner level
1143414,tin whistle básico,musical instruments,beginner level,11,2,20,1.5,tin whistle básico musical instruments beginner level
1066002,leve a sua técnica de pedal duplo para um novo patamar,musical instruments,intermediate level,42,4,40,5.5,leve a sua técnica de pedal duplo para um novo patamar musical instruments intermediate level
767400,sevillanas con castañuelas baile y toque al mismo tiempo,musical instruments,all levels,20,4,40,1.5,sevillanas con castañuelas baile y toque al mismo tiempo musical instruments all levels
492954,見てわかる やさしく独習アコギ 入門編 taka先生のアコースティックギターレッスンⅰ,musical instruments,beginner level,41,3,20,2.0,見てわかる やさしく独習アコギ 入門編 taka先生のアコースティックギターレッスンⅰ musical instruments beginner level
1129652,すぐに覚える asalato アサラト 打楽器 初心者向け入門講座,musical instruments,beginner level,5,1,20,0.5833333333333334,すぐに覚える asalato アサラト 打楽器 初心者向け入門講座 musical instruments beginner level
13216,aprende a tocar teclado piano,musical instruments,all levels,119,8,35,3.5,aprende a tocar teclado piano musical instruments all levels
760452,castañuelas por sevillanas curso del toque de castañuelas,musical instruments,all levels,22,2,40,0.7166666666666667,castañuelas por sevillanas curso del toque de castañuelas musical instruments all levels
1152334,aprende a tocar el acordeón de botones,musical instruments,beginner level,20,6,50,2.0,aprende a tocar el acordeón de botones musical instruments beginner level
214770,aprende a tocar música cristiana en el piano y teclado,musical instruments,all levels,17,3,20,1.0,aprende a tocar música cristiana en el piano y teclado musical instruments all levels
1134842,easy guitar songwriting and harmony,musical instruments,beginner level,82,3,20,3.5,easy guitar songwriting and harmony musical instruments beginner level
139772,how to play easy tunes on the harmonica just the basics,musical instruments,beginner level,79,3,35,1.5,how to play easy tunes on the harmonica just the basics musical instruments beginner level
171598,rhythm to rock drum lessons 2,musical instruments,beginner level,21,2,20,1.0,rhythm to rock drum lessons 2 musical instruments beginner level
854692,instant harmonica play over the rainbow + skye boat now,musical instruments,all levels,29,4,40,1.5,instant harmonica play over the rainbow + skye boat now musical instruments all levels
805706,bagpipe instruction for beginners,musical instruments,beginner level,31,4,30,1.0,bagpipe instruction for beginners musical instruments beginner level
618586,flute solos learn how to perform three fun unique pieces,musical instruments,all levels,156,4,50,3.0,flute solos learn how to perform three fun unique pieces musical instruments all levels
205764,rhythm to rock drum lessons 3,musical instruments,beginner level,12,2,20,1.0,rhythm to rock drum lessons 3 musical instruments beginner level
762648,guitar lessons sweep picking arpeggio essentials,musical instruments,intermediate level,74,6,35,1.5,guitar lessons sweep picking arpeggio essentials musical instruments intermediate level
245722,painless piano,musical instruments,beginner level,353,1,40,3.5,painless piano musical instruments beginner level
53157,beginning flute lessons,musical instruments,beginner level,137,12,20,2.5,beginning flute lessons musical instruments beginner level
932842,piano lesson variety,musical instruments,intermediate level,59,1,40,4.0,piano lesson variety musical instruments intermediate level
883138,pop and jazz keyboards and harmony beginner level,musical instruments,beginner level,47,7,180,3.0,pop and jazz keyboards and harmony beginner level musical instruments beginner level
139788,starting to play the blues on your harmonica in easy steps,musical instruments,intermediate level,71,3,35,2.0,starting to play the blues on your harmonica in easy steps musical instruments intermediate level
951608,learn the viola scales and fundamentals,musical instruments,beginner level,21,3,80,2.5,learn the viola scales and fundamentals musical instruments beginner level
975626,learn to play let it snow on piano,musical instruments,intermediate level,36,4,40,1.0,learn to play let it snow on piano musical instruments intermediate level
1104492,instant harmonica play the irish anthem danny boy today,musical instruments,all levels,8,1,40,1.0,instant harmonica play the irish anthem danny boy today musical instruments all levels
1196538,piano building blocks learn chord additions variations,musical instruments,beginner level,375,0,0,1.0,piano building blocks learn chord additions variations musical instruments beginner level
184324,advanced saxophone studies learn to master the saxophone,musical instruments,intermediate level,215,5,50,4.0,advanced saxophone studies learn to master the saxophone musical instruments intermediate level
139794,killer harmonica sounds using the tongue and bending notes,musical instruments,intermediate level,80,2,35,2.0,killer harmonica sounds using the tongue and bending notes musical instruments intermediate level
582390,instant harmonica play when the saints on harmonica now,musical instruments,beginner level,31,1,20,1.0,instant harmonica play when the saints on harmonica now musical instruments beginner level
132950,strumming the guitar 5 lessons on strum patterns,musical instruments,beginner level,56,3,20,0.6333333333333333,strumming the guitar 5 lessons on strum patterns musical instruments beginner level
845518,learn piano online keys to the keyboard,musical instruments,beginner level,18,1,50,2.0,learn piano online keys to the keyboard musical instruments beginner level
835616,ukulele lessons for beginners fast track your learning,musical instruments,beginner level,57,8,20,1.0,ukulele lessons for beginners fast track your learning musical instruments beginner level
101504,blues guitar lessons ragtime blues guitar,musical instruments,expert level,59,3,20,2.0,blues guitar lessons ragtime blues guitar musical instruments expert level
594852,getting started with power chords,musical instruments,beginner level,6,0,20,1.0,getting started with power chords musical instruments beginner level
806642,blues master professional techniques piano course,musical instruments,all levels,4,0,75,1.0,blues master professional techniques piano course musical instruments all levels
809492,drumming 101 the essential elements,musical instruments,beginner level,4,0,50,1.5,drumming 101 the essential elements musical instruments beginner level
785210,flute lessons for beginners,musical instruments,beginner level,3,0,95,2.5,flute lessons for beginners musical instruments beginner level
339382,guitar for christmas,musical instruments,beginner level,7,0,20,0.5333333333333333,guitar for christmas musical instruments beginner level
963664,learn piano online nocturnal piano solo,musical instruments,intermediate level,2,0,60,1.5,learn piano online nocturnal piano solo musical instruments intermediate level
632234,guitar chords and basic strumming,musical instruments,beginner level,3,0,20,2.5,guitar chords and basic strumming musical instruments beginner level
594854,getting started on the acoustic guitar,musical instruments,beginner level,3,0,20,1.0,getting started on the acoustic guitar musical instruments beginner level
974704,learn piano online in the garden piano solo,musical instruments,intermediate level,1,0,60,1.0,learn piano online in the garden piano solo musical instruments intermediate level
545036,saxophone essentials beginners course,musical instruments,beginner level,3,0,40,1.5,saxophone essentials beginners course musical instruments beginner level
388712,learn to play the guitar in a day,musical instruments,beginner level,3,1,20,1.0,learn to play the guitar in a day musical instruments beginner level
383852,88 logic the essential guide to learning piano,musical instruments,beginner level,3,0,25,0.5333333333333333,88 logic the essential guide to learning piano musical instruments beginner level
459946,tuba solos learn how to perform three fun and unique pieces,musical instruments,intermediate level,164,0,50,2.0,tuba solos learn how to perform three fun and unique pieces musical instruments intermediate level
994050,instant harmonica play dylan s like a rolling stone now,musical instruments,all levels,28,2,40,1.5,instant harmonica play dylan s like a rolling stone now musical instruments all levels
899702,advanced oboe studies become a master oboist,musical instruments,expert level,47,0,50,4.0,advanced oboe studies become a master oboist musical instruments expert level
1111562,instant harmonica play i just called to say i love you,musical instruments,all levels,15,0,40,1.0,instant harmonica play i just called to say i love you musical instruments all levels
320238,jazz piano improvisation the girl form ipanema. bossa nova,musical instruments,all levels,151,1,30,0.55,jazz piano improvisation the girl form ipanema. bossa nova musical instruments all levels
818786,drum lessons for beginners,musical instruments,beginner level,14,1,95,2.5,drum lessons for beginners musical instruments beginner level
741388,piano with willie jazz kids vol 3,musical instruments,beginner level,16,1,40,3.0,piano with willie jazz kids vol 3 musical instruments beginner level
629704,quick piano lessons tutorials for drake s greatest hits,musical instruments,all levels,19,1,35,0.55,quick piano lessons tutorials for drake s greatest hits musical instruments all levels
839032,bluegrass guitar essentials webisodes 13 14 15,musical instruments,intermediate level,14,1,30,1.5,bluegrass guitar essentials webisodes 13 14 15 musical instruments intermediate level
23683,guitar rock beginner with marc seal,musical instruments,all levels,40,1,20,1.0,guitar rock beginner with marc seal musical instruments all levels
912254,oboe solos learn to perform three fun unique pieces,musical instruments,all levels,41,0,50,2.0,oboe solos learn to perform three fun unique pieces musical instruments all levels
839030,bluegrass guitar essentials webisodes 11 12,musical instruments,all levels,9,1,30,2.0,bluegrass guitar essentials webisodes 11 12 musical instruments all levels
619610,advanced horn studies learn to master the french horn,musical instruments,all levels,46,0,50,7.0,advanced horn studies learn to master the french horn musical instruments all levels
106358,learn to play guitar complete beginners quick start,musical instruments,beginner level,75,0,20,1.0,learn to play guitar complete beginners quick start musical instruments beginner level
742300,piano with willie jazz kids vol 4,musical instruments,intermediate level,19,0,40,3.5,piano with willie jazz kids vol 4 musical instruments intermediate level
636846,instant harmonica play the old popeye spinach song now,musical instruments,beginner level,22,0,20,0.6,instant harmonica play the old popeye spinach song now musical instruments beginner level
741316,piano with willie jazz kids vol 2,musical instruments,beginner level,17,0,40,3.0,piano with willie jazz kids vol 2 musical instruments beginner level
681390,practice guitar with no previous experience and become a pro,musical instruments,beginner level,26,0,30,1.0,practice guitar with no previous experience and become a pro musical instruments beginner level
1195742,the music coach online spirit drum course,musical instruments,beginner level,2,0,95,5.5,the music coach online spirit drum course musical instruments beginner level
794398,make electronic music with the ipad,musical instruments,beginner level,13,0,20,1.5,make electronic music with the ipad musical instruments beginner level
1232728,learn loreena mckennitt songs quicklessons piano course,musical instruments,all levels,1,0,20,0.5666666666666667,learn loreena mckennitt songs quicklessons piano course musical instruments all levels
721202,guitar 201 breakthroughs,musical instruments,beginner level,14,1,20,2.5,guitar 201 breakthroughs musical instruments beginner level
1058262,major scales and modes for chromatic harmonica,musical instruments,all levels,6,1,20,1.5,major scales and modes for chromatic harmonica musical instruments all levels
132878,play guitar with rhythm 5 easy lessons,musical instruments,beginner level,31,0,20,1.0,play guitar with rhythm 5 easy lessons musical instruments beginner level
944804,coaching bundle guitar for music educators part 1,musical instruments,all levels,1,1,135,0.5,coaching bundle guitar for music educators part 1 musical instruments all levels
939636,coaching bundle guitar for music educators part 2,musical instruments,all levels,1,1,135,0.5,coaching bundle guitar for music educators part 2 musical instruments all levels
730702,ukulele 3 intermediate,musical instruments,intermediate level,1,0,25,0.65,ukulele 3 intermediate musical instruments intermediate level
993892,beginners guitar course try it and love it method,musical instruments,beginner level,0,0,25,2.0,beginners guitar course try it and love it method musical instruments beginner level
1026760,coaching course rhythm instruction for music educators p1,musical instruments,all levels,0,0,130,0.5333333333333333,coaching course rhythm instruction for music educators p1 musical instruments all levels
1223240,learn pirates of the caribbean by ear on the piano,musical instruments,all levels,0,0,20,0.5333333333333333,learn pirates of the caribbean by ear on the piano musical instruments all levels
1026762,coaching course rhythm instruction for music educators p2,musical instruments,all levels,0,0,125,0.6333333333333333,coaching course rhythm instruction for music educators p2 musical instruments all levels
1234656,4 week rhythm mastery,musical instruments,beginner level,0,0,20,2.5,4 week rhythm mastery musical instruments beginner level
1214670,tune that sour note on your piano,musical instruments,all levels,0,0,20,0.55,tune that sour note on your piano musical instruments all levels
1272282,learn vikings soundtracks on the piano by ear,musical instruments,all levels,0,0,20,0.5833333333333334,learn vikings soundtracks on the piano by ear musical instruments all levels
1224186,learn to play piano like a pro easy piano course 1,musical instruments,beginner level,0,0,35,0.5166666666666666,learn to play piano like a pro easy piano course 1 musical instruments beginner level
1265814,abrsm grade iii piano class handel sonatina in g 2017 2018,musical instruments,beginner level,0,0,20,0.5166666666666666,abrsm grade iii piano class handel sonatina in g 2017 2018 musical instruments beginner level
1104500,instant harmonica play 12 bar blues big walter style now,musical instruments,all levels,31,2,40,1.0,instant harmonica play 12 bar blues big walter style now musical instruments all levels
99946,fingerpicking blues guitar lessons bottleneck guitar,musical instruments,intermediate level,237,12,20,1.5,fingerpicking blues guitar lessons bottleneck guitar musical instruments intermediate level
632488,spice up your playing with some easy flamenco techniques,musical instruments,intermediate level,120,11,40,0.7333333333333333,spice up your playing with some easy flamenco techniques musical instruments intermediate level
41890,beginners guide to playing guitar step by step system,musical instruments,beginner level,384,25,85,10.5,beginners guide to playing guitar step by step system musical instruments beginner level
385684,guitar kick start,musical instruments,beginner level,3160,47,0,1.0,guitar kick start musical instruments beginner level
559438,instant harmonica play beethoven s ode to joy right now,musical instruments,beginner level,455,3,20,1.0,instant harmonica play beethoven s ode to joy right now musical instruments beginner level
760698,funk rhythm guitar techniques,musical instruments,all levels,82,6,35,1.5,funk rhythm guitar techniques musical instruments all levels
427066,flamenco guitar,musical instruments,beginner level,136,20,25,4.0,flamenco guitar musical instruments beginner level
444644,learn to play the bouzouki greek bouzouki lessons,musical instruments,all levels,63,13,50,1.0,learn to play the bouzouki greek bouzouki lessons musical instruments all levels
743846,guitar looper basic training,musical instruments,all levels,64,13,45,1.5,guitar looper basic training musical instruments all levels
741172,piano with willie jazz kids vol 1,musical instruments,beginner level,28,3,40,4.5,piano with willie jazz kids vol 1 musical instruments beginner level
618396,instant harmonica play the drunken sailor sea shanty now,musical instruments,beginner level,27,3,20,0.6166666666666667,instant harmonica play the drunken sailor sea shanty now musical instruments beginner level
1216340,learn to play sweet child of mine,musical instruments,intermediate level,0,0,20,1.5,learn to play sweet child of mine musical instruments intermediate level
787686,bluegrass guitar essentials webisodes 1 2,musical instruments,intermediate level,970,14,0,1.0,bluegrass guitar essentials webisodes 1 2 musical instruments intermediate level
566856,learn monster godj,musical instruments,beginner level,991,29,0,1.0,learn monster godj musical instruments beginner level
592122,what you can learn before piano lessons,musical instruments,beginner level,61,1,0,1.5,what you can learn before piano lessons musical instruments beginner level
968026,learn to play tabla the indian drums,musical instruments,beginner level,1,0,0,1.5,learn to play tabla the indian drums musical instruments beginner level
778682,gitarre spielen wie die profis,musical instruments,beginner level,1981,28,20,2.0,gitarre spielen wie die profis musical instruments beginner level
988678,curso de piano 101 tocando partituras y acordes,musical instruments,all levels,245,26,170,4.5,curso de piano 101 tocando partituras y acordes musical instruments all levels
1193950,sintetizadores e síntese subtrativa,musical instruments,all levels,38,12,85,5.0,sintetizadores e síntese subtrativa musical instruments all levels
592606,spielend klavier lernen mit freude und erfolg,musical instruments,beginner level,255,30,100,4.0,spielend klavier lernen mit freude und erfolg musical instruments beginner level
1232356,curso de ejercicios técnicos al piano vol.2,musical instruments,all levels,62,1,50,1.0,curso de ejercicios técnicos al piano vol.2 musical instruments all levels
966522,curso de ejercicios técnicos al piano vol.1,musical instruments,all levels,186,9,60,1.5,curso de ejercicios técnicos al piano vol.1 musical instruments all levels
1223310,aprende escalas y arpegios vol.2 modo menor,musical instruments,all levels,62,1,50,2.5,aprende escalas y arpegios vol.2 modo menor musical instruments all levels
933814,instant harmonica play blowing in the wind + popeye theme,musical instruments,all levels,13,1,40,1.5,instant harmonica play blowing in the wind + popeye theme musical instruments all levels
618334,instant harmonica play jazzy autumn leaves now part one,musical instruments,beginner level,25,1,20,0.65,instant harmonica play jazzy autumn leaves now part one musical instruments beginner level
812610,trumpet lessons for beginners,musical instruments,beginner level,17,3,95,2.5,trumpet lessons for beginners musical instruments beginner level
23861,guitar rock beginner intermediate with marc seal,musical instruments,beginner level,36,4,20,1.5,guitar rock beginner intermediate with marc seal musical instruments beginner level
1191088,learn to play in the key of g on any bluegrass instrument,musical instruments,all levels,349,3,0,2.5,learn to play in the key of g on any bluegrass instrument musical instruments all levels
22825,beginner guitar method,musical instruments,beginner level,85,2,200,4.0,beginner guitar method musical instruments beginner level
568322,how to play dan fogelberg songs on guitar,musical instruments,intermediate level,24,1,25,4.5,how to play dan fogelberg songs on guitar musical instruments intermediate level
1146288,jews harp advanced course,musical instruments,expert level,26,1,30,3.5,jews harp advanced course musical instruments expert level
618370,instant harmonica play jazzy autumn leaves now part two,musical instruments,beginner level,19,1,20,0.5333333333333333,instant harmonica play jazzy autumn leaves now part two musical instruments beginner level
200722,jazz guitar reharmonization for autumn leaves,musical instruments,all levels,30,1,20,0.6166666666666667,jazz guitar reharmonization for autumn leaves musical instruments all levels
809968,tenor saxophone lessons for beginners,musical instruments,beginner level,45,5,95,3.0,tenor saxophone lessons for beginners musical instruments beginner level
664764,mike g s beginner drum course part 2,musical instruments,all levels,305,0,40,2.5,mike g s beginner drum course part 2 musical instruments all levels
854690,instant harmonica play summertime + drunken sailor now,musical instruments,all levels,26,2,40,1.5,instant harmonica play summertime + drunken sailor now musical instruments all levels
201894,add slide to your guitar playing,musical instruments,all levels,75,2,20,0.7333333333333333,add slide to your guitar playing musical instruments all levels
743970,piano with willie piano chords vol. 2,musical instruments,intermediate level,32,2,40,1.5,piano with willie piano chords vol. 2 musical instruments intermediate level
210020,drum lessons for beginners,musical instruments,beginner level,70,2,50,1.5,drum lessons for beginners musical instruments beginner level
263672,classical guitar finger picking right hand arpeggios,musical instruments,all levels,200,11,195,2.0,classical guitar finger picking right hand arpeggios musical instruments all levels
411986,rapidly learn master acoustic guitar classic fingerstyle,musical instruments,beginner level,478,3,30,0.7,rapidly learn master acoustic guitar classic fingerstyle musical instruments beginner level
139778,play tunes on harmonica and learn how to bend some notes,musical instruments,beginner level,73,2,35,2.0,play tunes on harmonica and learn how to bend some notes musical instruments beginner level
933816,instant harmonica play yesterday + scarborough fair today,musical instruments,all levels,33,5,40,2.0,instant harmonica play yesterday + scarborough fair today musical instruments all levels
676432,violin lessons for beginners,musical instruments,beginner level,59,6,20,1.0,violin lessons for beginners musical instruments beginner level
42255,old time banjo for the absolute beginner,musical instruments,beginner level,192,21,25,1.5,old time banjo for the absolute beginner musical instruments beginner level
112602,learn guitar the easy way it s faster,musical instruments,beginner level,57,2,25,4.5,learn guitar the easy way it s faster musical instruments beginner level
607360,learn oud 2,musical instruments,intermediate level,81,11,20,3.0,learn oud 2 musical instruments intermediate level
521440,the essentials of acoustic guitar strumming patterns,musical instruments,beginner level,2995,51,0,1.0,the essentials of acoustic guitar strumming patterns musical instruments beginner level
198692,acoustic guitar after the basics,musical instruments,intermediate level,181,17,45,2.5,acoustic guitar after the basics musical instruments intermediate level
825186,bossa nova guitar for beginners,musical instruments,beginner level,589,6,20,1.0,bossa nova guitar for beginners musical instruments beginner level
743932,piano with willie piano chords vol. 1,musical instruments,beginner level,48,4,40,2.0,piano with willie piano chords vol. 1 musical instruments beginner level
586490,instant harmonica play summertime in 8 fun easy lessons,musical instruments,beginner level,81,7,40,1.0,instant harmonica play summertime in 8 fun easy lessons musical instruments beginner level
459804,learn to play the tuba beginner to pro in under five hours,musical instruments,all levels,225,19,50,6.0,learn to play the tuba beginner to pro in under five hours musical instruments all levels
199500,play autumn leaves falling notes on piano with no reading,musical instruments,intermediate level,438,10,30,0.5666666666666667,play autumn leaves falling notes on piano with no reading musical instruments intermediate level
644654,learn basics of south indian carnatic flute level 2,musical instruments,beginner level,152,21,180,4.5,learn basics of south indian carnatic flute level 2 musical instruments beginner level
146450,a year s worth of piano lessons in one weekend,musical instruments,beginner level,244,25,20,6.0,a year s worth of piano lessons in one weekend musical instruments beginner level
441996,bones of the blues learn 4 cool tunes to expert level now,musical instruments,all levels,248,9,200,2.0,bones of the blues learn 4 cool tunes to expert level now musical instruments all levels
1065198,guitar #1 beginner basics and beyond,musical instruments,beginner level,111,12,20,3.0,guitar #1 beginner basics and beyond musical instruments beginner level
1103526,pure modal magic the complete guitar modes solution,musical instruments,all levels,52,3,50,2.0,pure modal magic the complete guitar modes solution musical instruments all levels
211714,aprende diferentes ritmos con la guitarra rítmica,musical instruments,all levels,10,1,20,1.0,aprende diferentes ritmos con la guitarra rítmica musical instruments all levels
213984,aprender a tocar la batería sin salir de casa,musical instruments,all levels,10,0,50,4.0,aprender a tocar la batería sin salir de casa musical instruments all levels
217540,aprende a tocar el bajo eléctrico,musical instruments,all levels,9,0,50,3.5,aprende a tocar el bajo eléctrico musical instruments all levels
212438,aprende todos los secretos de la salsa para piano,musical instruments,all levels,7,0,50,3.0,aprende todos los secretos de la salsa para piano musical instruments all levels
212520,aprende a tocar ritmos latinos en el teclado,musical instruments,all levels,7,0,50,3.5,aprende a tocar ritmos latinos en el teclado musical instruments all levels
1150468,ukulele lernen für papas mit aram sam sam,musical instruments,beginner level,1,0,55,0.7,ukulele lernen für papas mit aram sam sam musical instruments beginner level
218596,aprende a tocar la trompeta,musical instruments,all levels,6,2,50,3.0,aprende a tocar la trompeta musical instruments all levels
513528,curso de guitarra para principiantes.,musical instruments,beginner level,4,0,20,1.0,curso de guitarra para principiantes. musical instruments beginner level
211026,aprende a tocar jazz y ritmos latinos en la guitarra,musical instruments,all levels,6,0,50,3.0,aprende a tocar jazz y ritmos latinos en la guitarra musical instruments all levels
847808,こどもギターレッスン リトルギタリストⅲ 完結編,musical instruments,beginner level,3,0,20,1.0,こどもギターレッスン リトルギタリストⅲ 完結編 musical instruments beginner level
218856,aprende a tocar la flauta dulce de forma sencilla y gradual,musical instruments,all levels,5,0,50,3.0,aprende a tocar la flauta dulce de forma sencilla y gradual musical instruments all levels
214218,aprende a tocar jazz salsa y blues en el piano,musical instruments,all levels,5,0,20,3.0,aprende a tocar jazz salsa y blues en el piano musical instruments all levels
28295,learn web designing html5 css3 essentials in 4 hours,web development,all levels,43285,525,75,4.0,learn web designing html5 css3 essentials in 4 hours web development all levels
19603,learning dynamic website design php mysql and javascript,web development,all levels,47886,285,50,12.5,learning dynamic website design php mysql and javascript web development all levels
889438,chatbots messenger chatbot with api.ai and node.js,web development,all levels,2577,529,50,4.5,chatbots messenger chatbot with api.ai and node.js web development all levels
197836,projects in html5,web development,intermediate level,8777,206,60,15.5,projects in html5 web development intermediate level
505208,programming foundations html5 + css3 for entrepreneurs 2015,web development,beginner level,23764,490,20,5.5,programming foundations html5 + css3 for entrepreneurs 2015 web development beginner level
1086834,how to make a wordpress website 2017 divi theme tutorial,web development,beginner level,3541,202,40,4.0,how to make a wordpress website 2017 divi theme tutorial web development beginner level
1094964,build your own backend rest api using django rest framework,web development,intermediate level,2669,112,50,5.5,build your own backend rest api using django rest framework web development intermediate level
965870,angular and firebase build a web app with typescript,web development,all levels,1966,359,150,5.0,angular and firebase build a web app with typescript web development all levels
965528,web development masterclass complete certificate course,web development,all levels,4090,178,200,19.5,web development masterclass complete certificate course web development all levels
1078208,spring boot tutorial for beginners,web development,beginner level,2578,210,40,5.5,spring boot tutorial for beginners web development beginner level
642410,the complete bootstrap masterclass course build 4 projects,web development,all levels,24978,540,195,7.0,the complete bootstrap masterclass course build 4 projects web development all levels
785388,scaling docker on aws,web development,all levels,3133,351,25,6.0,scaling docker on aws web development all levels
1146014,learn javascript for beginners,web development,beginner level,15276,167,200,1.5,learn javascript for beginners web development beginner level
8325,html tutorial html css for beginners,web development,all levels,12458,253,20,4.0,html tutorial html css for beginners web development all levels
987064,learn by doing vue js 2.0 the right way,web development,intermediate level,1087,220,95,3.5,learn by doing vue js 2.0 the right way web development intermediate level
94428,learn complete web development from scratch,web development,all levels,14074,106,40,12.0,learn complete web development from scratch web development all levels
159070,introduction to web development html,web development,beginner level,26800,333,20,3.0,introduction to web development html web development beginner level
920306,web site for beginners learn web building like knitting,web development,beginner level,9425,147,20,1.5,web site for beginners learn web building like knitting web development beginner level
1089744,how to make a wordpress website 2017 divi theme tutorial,web development,beginner level,2780,94,40,3.0,how to make a wordpress website 2017 divi theme tutorial web development beginner level
16646,web programming with python,web development,all levels,35267,217,50,4.0,web programming with python web development all levels
678142,php login and registration system email confirm activation,web development,all levels,2607,317,100,5.0,php login and registration system email confirm activation web development all levels
948440,psd to responsive html5 beginner to advanced,web development,all levels,1502,218,40,6.0,psd to responsive html5 beginner to advanced web development all levels
924704,ultimate web developer course build 10 websites from scratch,web development,beginner level,9359,110,200,32.5,ultimate web developer course build 10 websites from scratch web development beginner level
1027342,rapid website design with bootstrap,web development,beginner level,14842,131,200,1.0,rapid website design with bootstrap web development beginner level
1009452,build enterprise applications with angular 2 and angular 4,web development,intermediate level,6082,848,190,9.5,build enterprise applications with angular 2 and angular 4 web development intermediate level
1247828,angular 4 2+ crash course for beginners,web development,beginner level,12366,506,120,9.0,angular 4 2+ crash course for beginners web development beginner level
886300,accelerated javascript training,web development,all levels,4720,1017,110,7.5,accelerated javascript training web development all levels
1009254,beginner api development in node express es6 mongodb,web development,beginner level,7057,655,165,18.5,beginner api development in node express es6 mongodb web development beginner level
1078522,react js and redux mastering web apps,web development,all levels,16829,820,60,5.0,react js and redux mastering web apps web development all levels
1002030,web development w google s go golang programming language,web development,intermediate level,4872,662,65,19.0,web development w google s go golang programming language web development intermediate level
818990,git a web developer job mastering the modern workflow,web development,beginner level,5809,1445,200,15.0,git a web developer job mastering the modern workflow web development beginner level
520116,the complete wordpress website business course,web development,all levels,13439,1981,150,20.5,the complete wordpress website business course web development all levels
1252318,the complete html and css course for beginners,web development,all levels,733,104,85,3.0,the complete html and css course for beginners web development all levels
427530,learn bootstrap development by building 10 projects,web development,all levels,14813,1358,60,13.5,learn bootstrap development by building 10 projects web development all levels
670034,advanced javascript,web development,intermediate level,6601,1304,200,3.5,advanced javascript web development intermediate level
1052118,dissecting ruby on rails 5 become a professional developer,web development,all levels,2804,418,195,37.5,dissecting ruby on rails 5 become a professional developer web development all levels
575880,the complete wordpress course build your own website today,web development,all levels,9421,73,195,3.5,the complete wordpress course build your own website today web development all levels
669270,jquery essentials core training for dynamic interactive web,web development,all levels,9668,38,100,4.0,jquery essentials core training for dynamic interactive web web development all levels
1103954,node.js the essentials + api frameworks express koa sails,web development,beginner level,2760,52,20,1.0,node.js the essentials + api frameworks express koa sails web development beginner level
1017568,the complete php bootcamp course with video sharing project,web development,beginner level,9831,56,195,14.5,the complete php bootcamp course with video sharing project web development beginner level
1111844,build a single page application with jquery ajax,web development,intermediate level,486,59,60,2.0,build a single page application with jquery ajax web development intermediate level
736940,practical css website development crash course,web development,all levels,11170,35,95,2.5,practical css website development crash course web development all levels
647442,successful website creation everything you need to know,web development,all levels,9384,21,150,1.5,successful website creation everything you need to know web development all levels
1073793,start writing javascript today beginner javascript course,web development,beginner level,9067,41,100,3.0,start writing javascript today beginner javascript course web development beginner level
176432,html5 essentials for beginners,web development,intermediate level,10247,200,20,1.5,html5 essentials for beginners web development intermediate level
158934,code a personal splash page in 1 hour,web development,beginner level,10610,83,20,1.0,code a personal splash page in 1 hour web development beginner level
73080,step by step html and css for absolute beginners,web development,beginner level,6162,324,120,4.0,step by step html and css for absolute beginners web development beginner level
1256136,angular 4 development decoded,web development,intermediate level,1802,13,20,1.0,angular 4 development decoded web development intermediate level
1124970,javascript es6 a complete reference guide to javascript es6,web development,intermediate level,4783,41,175,7.0,javascript es6 a complete reference guide to javascript es6 web development intermediate level
771198,reactive js are you ready for the next big paradigm shift,web development,intermediate level,2097,401,60,5.5,reactive js are you ready for the next big paradigm shift web development intermediate level
391546,learn python and django payment processing,web development,all levels,17714,198,70,3.5,learn python and django payment processing web development all levels
629088,code your first website using html css project learning,web development,beginner level,9554,368,20,1.5,code your first website using html css project learning web development beginner level
1006894,react.js building production ready apps start to finish,web development,all levels,1129,137,50,17.5,react.js building production ready apps start to finish web development all levels
579338,learn object oriented programming php fundamentals bootcamp,web development,all levels,22213,142,100,1.0,learn object oriented programming php fundamentals bootcamp web development all levels
945320,javascript intermediate level 2 mastering functions,web development,all levels,2412,116,100,2.5,javascript intermediate level 2 mastering functions web development all levels
64605,1 hour css,web development,beginner level,18324,333,100,1.0,1 hour css web development beginner level
897146,become a full stack developer with spring aws and stripe,web development,intermediate level,1696,193,75,10.0,become a full stack developer with spring aws and stripe web development intermediate level
989452,complete jquery and jquery ui course for beginner,web development,intermediate level,7169,277,80,1.0,complete jquery and jquery ui course for beginner web development intermediate level
917724,learn javascript for web development,web development,intermediate level,12893,220,75,8.5,learn javascript for web development web development intermediate level
970874,complete ajax using bootstrap php from basic to advanced.,web development,all levels,4708,111,195,2.5,complete ajax using bootstrap php from basic to advanced. web development all levels
911474,complete wordpress theme development course,web development,all levels,1050,223,150,6.5,complete wordpress theme development course web development all levels
425910,how to optimise your wordpress website s speed security to improve seo user experience,web development,all levels,7852,46,125,3.5,how to optimise your wordpress website s speed security to improve seo user experience web development all levels
842058,build a web app with spring framework and angular 2,web development,all levels,1683,340,145,8.0,build a web app with spring framework and angular 2 web development all levels
1250824,projects in laravel learn laravel building 10 projects,web development,intermediate level,119,6,50,10.5,projects in laravel learn laravel building 10 projects web development intermediate level
937134,javascript intermediate level 3 json,web development,all levels,1735,76,100,2.5,javascript intermediate level 3 json web development all levels
796010,develop your first app in an hour,web development,beginner level,3699,201,20,1.0,develop your first app in an hour web development beginner level
752658,php ultimate guide to php for everyone,web development,beginner level,10103,75,115,1.5,php ultimate guide to php for everyone web development beginner level
560990,javascript dom dynamic web interactive content boot camp,web development,all levels,7380,43,75,2.5,javascript dom dynamic web interactive content boot camp web development all levels
1260288,master javascript programming 3 projects included,web development,all levels,3903,53,20,10.5,master javascript programming 3 projects included web development all levels
918870,html css learn to create a website from scratch,web development,beginner level,4892,49,50,2.0,html css learn to create a website from scratch web development beginner level
1027016,complete codeigniter from beginner to advanced,web development,all levels,2786,31,200,3.0,complete codeigniter from beginner to advanced web development all levels
283014,html 5 how i made websites in html5,web development,all levels,15064,237,135,1.5,html 5 how i made websites in html5 web development all levels
787236,build responsive website using html5 css3 js and bootstrap,web development,all levels,22623,783,95,8.0,build responsive website using html5 css3 js and bootstrap web development all levels
1134390,complete react js web developer with es6 build 10 projects,web development,beginner level,952,121,200,12.0,complete react js web developer with es6 build 10 projects web development beginner level
883000,complete wordpress theme developer course with bootstrap,web development,all levels,3415,312,150,25.0,complete wordpress theme developer course with bootstrap web development all levels
938560,the complete ethical hacking course 2.0 python kali linux,web development,all levels,7827,268,195,11.0,the complete ethical hacking course 2.0 python kali linux web development all levels
991290,dynamic javascript master class ajax json simple apis,web development,intermediate level,9773,117,200,4.5,dynamic javascript master class ajax json simple apis web development intermediate level
1165096,vue js mastering web apps,web development,all levels,13457,215,80,4.5,vue js mastering web apps web development all levels
1045942,angular ngrx store masterclass covers angular 4,web development,intermediate level,1399,212,150,8.5,angular ngrx store masterclass covers angular 4 web development intermediate level
860812,javascript the basics javascript for beginners,web development,beginner level,4028,674,120,9.0,javascript the basics javascript for beginners web development beginner level
1070976,complete e commerce course java spring hibernate and mysql,web development,all levels,1371,165,195,20.0,complete e commerce course java spring hibernate and mysql web development all levels
939962,learn svg animation with html css javascript,web development,all levels,12953,680,65,1.5,learn svg animation with html css javascript web development all levels
874960,build a responsive website with html5 css3 and bootstrap 4,web development,all levels,5125,395,20,7.0,build a responsive website with html5 css3 and bootstrap 4 web development all levels
24334,css development with css3,web development,all levels,25864,188,20,5.0,css development with css3 web development all levels
997814,angular 2 typescript beginner web development,web development,beginner level,5211,414,200,19.5,angular 2 typescript beginner web development web development beginner level
641868,the docker for devops course from development to production,web development,all levels,8234,1111,25,7.5,the docker for devops course from development to production web development all levels
1042110,beginner full stack web development html css react node,web development,beginner level,2687,331,200,25.5,beginner full stack web development html css react node web development beginner level
883002,learn angular 2 development by building 12 apps,web development,intermediate level,5143,941,50,12.0,learn angular 2 development by building 12 apps web development intermediate level
1128050,server api development in swift kitura bluemix,web development,beginner level,1827,129,200,20.5,server api development in swift kitura bluemix web development beginner level
1218130,react vr creating virtual reality apps,web development,all levels,5026,72,80,3.0,react vr creating virtual reality apps web development all levels
1123098,rxjs reactive programming angular masterclass angular 4,web development,all levels,1301,179,150,7.5,rxjs reactive programming angular masterclass angular 4 web development all levels
47963,coding for entrepreneurs learn python django and more.,web development,all levels,23412,799,195,45.0,coding for entrepreneurs learn python django and more. web development all levels
671552,react and flux web development for beginners,web development,beginner level,8691,836,100,11.0,react and flux web development for beginners web development beginner level
1002676,the full stack web development,web development,beginner level,3119,453,60,33.0,the full stack web development web development beginner level
481002,learn nodejs by building 12 projects,web development,all levels,10150,997,50,16.0,learn nodejs by building 12 projects web development all levels
628222,how to make an online portfolio website from scratch,web development,all levels,14026,232,0,1.0,how to make an online portfolio website from scratch web development all levels
1122224,how to make a web page with no code,web development,beginner level,2214,20,0,2.0,how to make a web page with no code web development beginner level
357726,spring framework 4 and dependency injection for beginners,web development,beginner level,21147,1220,0,1.5,spring framework 4 and dependency injection for beginners web development beginner level
162274,joomla 3 the basics,web development,beginner level,19909,411,0,3.0,joomla 3 the basics web development beginner level
555122,jquery in action build 8 jquery projects,web development,all levels,1385,89,100,11.0,jquery in action build 8 jquery projects web development all levels
708674,master wordpress plugins shortcodes ultimate the basics,web development,all levels,10780,110,0,1.0,master wordpress plugins shortcodes ultimate the basics web development all levels
1127048,asp.net c# enterprise web systems from novice to expert,web development,all levels,604,8,20,3.5,asp.net c# enterprise web systems from novice to expert web development all levels
651032,wordpress create an outstanding website in 2 hours,web development,beginner level,1772,13,30,2.5,wordpress create an outstanding website in 2 hours web development beginner level
98066,complete website cms in php mysql from scratch,web development,all levels,3357,82,20,12.5,complete website cms in php mysql from scratch web development all levels
910838,the complete web development tutorial using react and redux,web development,intermediate level,796,43,40,4.0,the complete web development tutorial using react and redux web development intermediate level
125162,create and deploy a web app in 3 hours,web development,beginner level,4123,23,50,3.5,create and deploy a web app in 3 hours web development beginner level
50587,html css from scratch in 30 days,web development,beginner level,2697,64,75,11.5,html css from scratch in 30 days web development beginner level
1004788,getting started with craft cms,web development,all levels,997,31,20,2.0,getting started with craft cms web development all levels
959200,javascript for absolute beginners level one,web development,all levels,713,80,65,1.5,javascript for absolute beginners level one web development all levels
810550,effective personal website building and hosting,web development,all levels,4259,0,20,1.0,effective personal website building and hosting web development all levels
473160,web design for web developers build beautiful websites,web development,all levels,98867,6512,0,3.0,web design for web developers build beautiful websites web development all levels
904076,learn rails quickly code style and launch 4 web apps,web development,all levels,1849,21,200,3.0,learn rails quickly code style and launch 4 web apps web development all levels
842728,getting started with nodejs for beginners,web development,all levels,1645,75,195,1.0,getting started with nodejs for beginners web development all levels
314462,quickstart angularjs,web development,beginner level,64128,4047,0,1.5,quickstart angularjs web development beginner level
783748,byte sized chunks cascading style sheets css with html,web development,all levels,2160,16,20,4.0,byte sized chunks cascading style sheets css with html web development all levels
161986,learn building your own website without coding,web development,all levels,7660,7,50,2.0,learn building your own website without coding web development all levels
823236,practical guide to web development,web development,beginner level,2025,16,20,2.0,practical guide to web development web development beginner level
936504,the complete html5 and css3 course,web development,all levels,1548,30,40,15.0,the complete html5 and css3 course web development all levels
380092,html css for beginners build 3 projects from scratch,web development,beginner level,2472,139,40,4.0,html css for beginners build 3 projects from scratch web development beginner level
884946,code a coming soon landing page in bootstrap 4,web development,all levels,13535,473,0,1.5,code a coming soon landing page in bootstrap 4 web development all levels
98140,introduction to bootstrap 3,web development,beginner level,5795,79,20,2.5,introduction to bootstrap 3 web development beginner level
637974,master expressjs to build web apps with nodejs javascript,web development,all levels,2643,56,50,3.5,master expressjs to build web apps with nodejs javascript web development all levels
219838,learn xml crash course discover essential xml fundamentals,web development,intermediate level,3704,111,50,2.0,learn xml crash course discover essential xml fundamentals web development intermediate level
749560,html5 css3 jquery single page website project from scratch,web development,all levels,1678,34,120,2.5,html5 css3 jquery single page website project from scratch web development all levels
751100,scrape websites using phantomjs and casperjs,web development,intermediate level,960,110,195,2.0,scrape websites using phantomjs and casperjs web development intermediate level
446736,amazon s3 mastery the how to guides for amazon s3,web development,all levels,1811,118,95,3.5,amazon s3 mastery the how to guides for amazon s3 web development all levels
200854,html and css crash course for beginners,web development,beginner level,4123,46,50,4.5,html and css crash course for beginners web development beginner level
470288,emmet faster html css workflow best tool for developers,web development,all levels,26697,1097,0,1.0,emmet faster html css workflow best tool for developers web development all levels
178640,introduction to web development,web development,beginner level,5921,35,50,4.5,introduction to web development web development beginner level
412952,angularjs for asp.net mvc developers,web development,intermediate level,3011,57,50,1.0,angularjs for asp.net mvc developers web development intermediate level
1033944,serverless workflow management with aws step functions,web development,intermediate level,8768,173,0,1.0,serverless workflow management with aws step functions web development intermediate level
1198654,how to set up a web server from scratch to one fully managed,web development,all levels,1673,31,200,3.0,how to set up a web server from scratch to one fully managed web development all levels
1171966,the complete php mysql professional course with 5 projects,web development,all levels,16158,159,200,19.5,the complete php mysql professional course with 5 projects web development all levels
833398,angular masterclass,web development,all levels,4057,359,150,6.5,angular masterclass web development all levels
140238,become a professional web developer version 3.0,web development,all levels,6851,276,200,60.0,become a professional web developer version 3.0 web development all levels
875194,build incredible chatbots,web development,all levels,2234,253,100,11.5,build incredible chatbots web development all levels
991630,try django 1.10 create a url shortening service,web development,all levels,9607,78,50,5.5,try django 1.10 create a url shortening service web development all levels
303514,projects in css,web development,all levels,4689,216,60,10.0,projects in css web development all levels
134144,ruby on rails training and skills to build web applications,web development,all levels,9375,219,95,7.0,ruby on rails training and skills to build web applications web development all levels
1115222,learn and understand react,web development,all levels,4848,105,30,16.5,learn and understand react web development all levels
94430,learn javascript jquery from scratch,web development,all levels,84897,2685,30,2.0,learn javascript jquery from scratch web development all levels
788514,learn to use json,web development,beginner level,12838,96,150,1.5,learn to use json web development beginner level
629142,the ultimate web developer how to guide,web development,all levels,24861,423,200,22.5,the ultimate web developer how to guide web development all levels
992114,build a complete crud application with php mysql jquery,web development,all levels,9762,94,20,13.5,build a complete crud application with php mysql jquery web development all levels
379722,jquery crash course learn the essentials of jquery fast,web development,all levels,11262,142,50,2.0,jquery crash course learn the essentials of jquery fast web development all levels
1189288,drupal tutorial drupal 8 beginner to expert in 8 projects,web development,beginner level,1270,16,200,7.0,drupal tutorial drupal 8 beginner to expert in 8 projects web development beginner level
652438,the complete php codeigniter course beginner to advanced,web development,all levels,17895,212,195,4.0,the complete php codeigniter course beginner to advanced web development all levels
1052304,javascript for beginners learn javascript from scratch,web development,all levels,11285,102,195,5.5,javascript for beginners learn javascript from scratch web development all levels
1223012,mastering native css shapes to build modern web pages,web development,all levels,1040,5,195,3.5,mastering native css shapes to build modern web pages web development all levels
882488,wordpress development for beginners,web development,all levels,23572,210,95,2.0,wordpress development for beginners web development all levels
1033686,wordpress local server setup and site migration online,web development,all levels,3801,43,55,1.0,wordpress local server setup and site migration online web development all levels
723522,php fundamentals start earning the top dollars you deserve,web development,all levels,12068,81,195,1.5,php fundamentals start earning the top dollars you deserve web development all levels
1181900,interactive dynamic javascript for beginners dom,web development,beginner level,5559,35,200,2.0,interactive dynamic javascript for beginners dom web development beginner level
945336,javascript intermediate level 1 mastering the dom,web development,all levels,1838,169,100,3.0,javascript intermediate level 1 mastering the dom web development all levels
1079370,sublime text for rapid web development,web development,all levels,2104,69,20,1.0,sublime text for rapid web development web development all levels
23742,servlets and jsps tutorial learn web applications with java,web development,all levels,15187,970,35,10.0,servlets and jsps tutorial learn web applications with java web development all levels
266252,projects in php and mysql,web development,all levels,10606,570,60,23.0,projects in php and mysql web development all levels
473548,php oop object oriented programming for beginners + project,web development,all levels,6497,901,200,18.0,php oop object oriented programming for beginners + project web development all levels
920544,react redux react router from beginner to paid professional,web development,all levels,11536,876,20,6.5,react redux react router from beginner to paid professional web development all levels
993754,django core a reference guide to core django concepts,web development,intermediate level,16282,303,195,18.5,django core a reference guide to core django concepts web development intermediate level
1155262,angular 2 complete e commerce app course java spring mysql,web development,all levels,949,129,195,20.5,angular 2 complete e commerce app course java spring mysql web development all levels
997964,build an online bank with java angular 2 spring and more,web development,beginner level,1995,286,195,6.5,build an online bank with java angular 2 spring and more web development beginner level
812588,the complete jquery course from beginner to advanced,web development,all levels,6636,302,195,6.0,the complete jquery course from beginner to advanced web development all levels
531954,projects in angularjs learn by building 10 projects,web development,all levels,7146,629,40,14.5,projects in angularjs learn by building 10 projects web development all levels
1022582,the ultimate vue js 2 developers course,web development,all levels,1703,292,195,13.0,the ultimate vue js 2 developers course web development all levels
1049092,react js build real world js apps deploy on cloud,web development,all levels,12815,262,175,8.5,react js build real world js apps deploy on cloud web development all levels
1277924,angular 4 front to back,web development,all levels,44,0,40,8.5,angular 4 front to back web development all levels
964732,modern web development with sass gulp npm web workflows,web development,beginner level,502,62,95,5.0,modern web development with sass gulp npm web workflows web development beginner level
947120,html5 css3 and javascript fundamentals 2016,web development,all levels,627,125,115,1.0,html5 css3 and javascript fundamentals 2016 web development all levels
712960,angular 4 concepts code and collective wisdom,web development,intermediate level,851,164,50,4.5,angular 4 concepts code and collective wisdom web development intermediate level
267560,learn e commerce website in php mysql from scratch,web development,all levels,29990,1342,0,17.5,learn e commerce website in php mysql from scratch web development all levels
763774,javascript game development create your own breakout game,web development,all levels,10179,314,0,1.5,javascript game development create your own breakout game web development all levels
929016,html and html5 for beginners 2016,web development,all levels,563,178,200,3.0,html and html5 for beginners 2016 web development all levels
281690,a very complete introduction to laravel,web development,all levels,2320,114,20,6.0,a very complete introduction to laravel web development all levels
399228,learn to code become a web developer and master javascript,web development,all levels,2353,47,200,10.0,learn to code become a web developer and master javascript web development all levels
1023062,serverless architecture on amazon web services,web development,intermediate level,13210,978,0,0.55,serverless architecture on amazon web services web development intermediate level
933260,jquery essentials learn the fundamental of jquery,web development,all levels,1004,43,20,3.5,jquery essentials learn the fundamental of jquery web development all levels
494078,expert guide mastering functions in javascript,web development,all levels,3015,30,195,2.5,expert guide mastering functions in javascript web development all levels
1158572,learn angular 4 from scratch,web development,beginner level,8693,522,0,1.5,learn angular 4 from scratch web development beginner level
629082,discover html essential guide to html how to create webpages,web development,beginner level,8711,44,85,1.5,discover html essential guide to html how to create webpages web development beginner level
1093734,html5 and css3 for beginners create a website from scratch,web development,beginner level,9945,101,200,2.0,html5 and css3 for beginners create a website from scratch web development beginner level
99986,introduction to web development,web development,beginner level,18143,159,20,2.0,introduction to web development web development beginner level
566248,jquery fundamentals powerful bootcamp for beginners,web development,all levels,13882,63,150,3.0,jquery fundamentals powerful bootcamp for beginners web development all levels
556248,the complete html css course from novice to professional,web development,all levels,57422,874,195,7.5,the complete html css course from novice to professional web development all levels
582392,javascript basics web development building blocks,web development,beginner level,10179,68,95,1.5,javascript basics web development building blocks web development beginner level
582636,bootstrap unleash the power faster easier web development,web development,all levels,18101,88,150,5.5,bootstrap unleash the power faster easier web development web development all levels
661802,javascript design patterns 20 patterns for expert code,web development,expert level,2789,243,95,3.5,javascript design patterns 20 patterns for expert code web development expert level
1139400,fix google s new not secure warning with let s encrypt,web development,beginner level,1437,24,95,1.0,fix google s new not secure warning with let s encrypt web development beginner level
729552,javascript for beginners welcome to learning javascript,web development,beginner level,10864,63,50,2.0,javascript for beginners welcome to learning javascript web development beginner level
499632,benefits of thinking mobile first future of website design,web development,beginner level,14254,27,75,1.5,benefits of thinking mobile first future of website design web development beginner level
959586,javascript from beginner to advanced level,web development,beginner level,6134,160,195,6.5,javascript from beginner to advanced level web development beginner level
16151,ajax development,web development,all levels,7867,147,20,3.0,ajax development web development all levels
856490,interaction design specialist for web developers,web development,all levels,8594,37,95,2.0,interaction design specialist for web developers web development all levels
861528,php security,web development,all levels,1892,147,50,2.5,php security web development all levels
912996,the bubble course create complete web apps without coding,web development,beginner level,3960,220,30,4.5,the bubble course create complete web apps without coding web development beginner level
559512,the complete html5 css3 course build professional websites,web development,all levels,10518,129,195,4.5,the complete html5 css3 course build professional websites web development all levels
922600,css web development crash course,web development,beginner level,10008,53,20,2.5,css web development crash course web development beginner level
976284,mastering devops,web development,intermediate level,1023,118,100,6.0,mastering devops web development intermediate level
976598,building websites create a fully functional web contact form,web development,beginner level,3392,29,200,1.5,building websites create a fully functional web contact form web development beginner level
718426,create a dynamic user registration form from scratch,web development,beginner level,7213,50,100,3.0,create a dynamic user registration form from scratch web development beginner level
304490,a 13 hour sql server 2014 asp.net css c# jquery course,web development,intermediate level,4183,231,35,14.0,a 13 hour sql server 2014 asp.net css c# jquery course web development intermediate level
15285,html workshop,web development,all levels,25854,306,20,2.0,html workshop web development all levels
477702,python for beginners python programming language tutorial,web development,beginner level,6153,125,150,5.0,python for beginners python programming language tutorial web development beginner level
875882,creating animations using html5 canvas,web development,all levels,4010,17,25,1.0,creating animations using html5 canvas web development all levels
861122,bootstrap 4 exploring new features,web development,all levels,5022,38,75,1.0,bootstrap 4 exploring new features web development all levels
309370,bootstrap 3 profitable wordpress theme development,web development,all levels,5547,80,40,3.5,bootstrap 3 profitable wordpress theme development web development all levels
802268,intro to git,web development,beginner level,2532,291,20,1.0,intro to git web development beginner level
1034520,wordpress domination #2 leads scarcity,web development,beginner level,2362,4,95,1.0,wordpress domination #2 leads scarcity web development beginner level
1016536,learn how to manage customize web sites by drupal cms,web development,all levels,7741,9,140,2.5,learn how to manage customize web sites by drupal cms web development all levels
711592,using modern javascript today,web development,intermediate level,1658,185,50,16.5,using modern javascript today web development intermediate level
1065250,up and running with jquery,web development,all levels,3324,138,0,5.0,up and running with jquery web development all levels
928858,learn how to build a professional web site by using joomla,web development,all levels,7184,22,70,4.0,learn how to build a professional web site by using joomla web development all levels
791030,power up html5 with javascript,web development,beginner level,4442,23,100,2.0,power up html5 with javascript web development beginner level
1241518,node package manager course build and publish npm modules,web development,all levels,7196,8,30,6.5,node package manager course build and publish npm modules web development all levels
944886,wordpress look and feel with themes,web development,beginner level,2371,10,25,1.0,wordpress look and feel with themes web development beginner level
758582,php with laravel for beginners become a master in laravel,web development,all levels,8496,1838,150,29.5,php with laravel for beginners become a master in laravel web development all levels
1199774,javascript 2017 become top rated web developer,web development,all levels,1346,330,115,3.0,javascript 2017 become top rated web developer web development all levels
390866,the complete web developer bootcamp beginner to expert,web development,all levels,14103,1548,190,21.5,the complete web developer bootcamp beginner to expert web development all levels
1014776,full stack web apps with meteor and react,web development,all levels,3295,531,85,31.5,full stack web apps with meteor and react web development all levels
929130,angular 4 from theory to practice free e book,web development,intermediate level,4375,622,200,15.5,angular 4 from theory to practice free e book web development intermediate level
746014,the complete sass scss course from beginner to advanced,web development,all levels,12021,660,195,4.0,the complete sass scss course from beginner to advanced web development all levels
11475,become a certified web developer,web development,all levels,26673,1090,100,12.0,become a certified web developer web development all levels
11174,become a web developer from scratch,web development,all levels,69186,2408,120,27.5,become a web developer from scratch web development all levels
945978,ultimate angular 4 previously angular 2 with bootstrap 4,web development,all levels,11384,1846,50,5.5,ultimate angular 4 previously angular 2 with bootstrap 4 web development all levels
1019276,the ultimate beginner s guide to django,web development,beginner level,2390,497,200,9.0,the ultimate beginner s guide to django web development beginner level
1252630,react js mastering redux,web development,all levels,7059,116,100,5.0,react js mastering redux web development all levels
1000010,professional ruby on rails developer with rails 5,web development,all levels,3179,214,200,20.5,professional ruby on rails developer with rails 5 web development all levels
937586,ruby on rails 5 bdd rspec and capybara,web development,all levels,1870,193,200,14.5,ruby on rails 5 bdd rspec and capybara web development all levels
79154,back to school web development and programming bundle,web development,beginner level,18170,117,200,44.5,back to school web development and programming bundle web development beginner level
328476,complete asp net mvc web development newbie to ninja,web development,all levels,6073,627,195,9.0,complete asp net mvc web development newbie to ninja web development all levels
921474,the complete devops engineer course 2.0 java kubernetes,web development,all levels,5335,105,195,14.0,the complete devops engineer course 2.0 java kubernetes web development all levels
82778,all about nodejs,web development,all levels,8755,931,50,15.5,all about nodejs web development all levels
907386,how to create a wordpress website 2016 new divi theme 3.0,web development,beginner level,4144,383,40,5.5,how to create a wordpress website 2016 new divi theme 3.0 web development beginner level
877124,the complete jquery course from beginner to professional,web development,all levels,6420,134,200,22.5,the complete jquery course from beginner to professional web development all levels
1169378,build a complete fiverr clone with node + algolia + paypal,web development,all levels,1741,26,30,9.0,build a complete fiverr clone with node + algolia + paypal web development all levels
30240,the ultimate web development course,web development,all levels,9881,329,50,12.0,the ultimate web development course web development all levels
836044,react from the ground up,web development,all levels,3252,401,150,12.5,react from the ground up web development all levels
405818,javascript for beginners learn by doing practical exercises,web development,all levels,5089,685,100,3.5,javascript for beginners learn by doing practical exercises web development all levels
665042,8 beautiful ruby on rails apps in 30 days tdd immersive,web development,all levels,5962,466,100,16.0,8 beautiful ruby on rails apps in 30 days tdd immersive web development all levels
1068590,wordpress website mastery 2017,web development,beginner level,5181,64,0,2.5,wordpress website mastery 2017 web development beginner level
1203894,how to make an ecommerce website with wordpress 2017,web development,beginner level,3493,43,0,4.5,how to make an ecommerce website with wordpress 2017 web development beginner level
994634,mastering asp.net mvc 5 from scratch using c#,web development,all levels,417,65,50,13.0,mastering asp.net mvc 5 from scratch using c# web development all levels
765916,start web development with gis map in javascript,web development,all levels,1599,26,60,3.0,start web development with gis map in javascript web development all levels
128950,learn to build websites using twitter bootstrap,web development,all levels,15134,523,0,2.5,learn to build websites using twitter bootstrap web development all levels
549064,web development tools the pros use code productivity hacks,web development,beginner level,2596,11,30,4.0,web development tools the pros use code productivity hacks web development beginner level
400280,wordpress an overview,web development,beginner level,1783,16,45,0.6,wordpress an overview web development beginner level
382856,create startup landing page with viral marketing strategies,web development,beginner level,12974,120,0,1.0,create startup landing page with viral marketing strategies web development beginner level
958982,javascript javascript awesomeness,web development,beginner level,785,20,25,1.0,javascript javascript awesomeness web development beginner level
1113036,mastering css 3.0 selectors,web development,intermediate level,4115,63,0,2.0,mastering css 3.0 selectors web development intermediate level
226534,wordpress backup and restore fundamentals,web development,intermediate level,13242,131,0,1.0,wordpress backup and restore fundamentals web development intermediate level
738726,learn html and css to make a website,web development,beginner level,1154,12,20,6.0,learn html and css to make a website web development beginner level
64422,1 hour html,web development,beginner level,16212,514,200,1.0,1 hour html web development beginner level
874166,angular 2 crash course with typescript,web development,all levels,16409,589,100,4.0,angular 2 crash course with typescript web development all levels
1197650,boost your website speed without any coding,web development,all levels,1337,28,50,1.0,boost your website speed without any coding web development all levels
912946,professional rails code along,web development,intermediate level,1469,237,40,19.0,professional rails code along web development intermediate level
876544,asp.net web api 2 hands on,web development,all levels,2660,276,20,1.5,asp.net web api 2 hands on web development all levels
1205894,create a mean app by example full stack course,web development,intermediate level,421,26,50,3.5,create a mean app by example full stack course web development intermediate level
19332,the original complete web developer course.,web development,beginner level,31070,742,20,18.0,the original complete web developer course. web development beginner level
863954,angular 2 from the ground up,web development,all levels,1737,471,30,11.5,angular 2 from the ground up web development all levels
789324,complete web development course + building 5 websites,web development,all levels,11492,174,200,24.5,complete web development course + building 5 websites web development all levels
1229274,wp plugin development build your own plugin,web development,beginner level,5439,22,200,4.0,wp plugin development build your own plugin web development beginner level
906700,sass from beginner to advanced,web development,all levels,8059,231,40,2.0,sass from beginner to advanced web development all levels
113706,build flat responsive website from scratch complete course,web development,all levels,12105,144,35,7.5,build flat responsive website from scratch complete course web development all levels
604044,wordpress for beginners build a live website from scratch,web development,beginner level,3877,92,20,1.5,wordpress for beginners build a live website from scratch web development beginner level
531290,essential javascript jquery and angularjs training,web development,intermediate level,2919,136,30,7.0,essential javascript jquery and angularjs training web development intermediate level
436210,the pro ruby on rails starter,web development,beginner level,2409,90,45,2.5,the pro ruby on rails starter web development beginner level
617158,unit testing angularjs build bugfree apps that always work,web development,all levels,2083,213,25,2.5,unit testing angularjs build bugfree apps that always work web development all levels
1121580,wordpress blog create a wordpress website for beginners,web development,beginner level,2076,8,20,2.0,wordpress blog create a wordpress website for beginners web development beginner level
782192,introduction to html5 canvas basics of drawing,web development,beginner level,2918,16,200,1.0,introduction to html5 canvas basics of drawing web development beginner level
978728,thoughtful web development course html vue.js php mysql,web development,all levels,842,144,200,25.0,thoughtful web development course html vue.js php mysql web development all levels
65493,kids coding beginners css,web development,all levels,7130,30,100,1.0,kids coding beginners css web development all levels
32649,php mysql learn the easy way. master php mysql quickly,web development,all levels,5549,92,50,15.5,php mysql learn the easy way. master php mysql quickly web development all levels
1225030,learning path magento master and test magento 2 with ease,web development,expert level,155,9,200,6.0,learning path magento master and test magento 2 with ease web development expert level
903140,the complete hapijs course go from beginner to advanced,web development,all levels,1697,64,195,6.0,the complete hapijs course go from beginner to advanced web development all levels
372518,ruby on rails for web development,web development,beginner level,2526,185,195,5.0,ruby on rails for web development web development beginner level
1045862,create eye catching wordpress website from scratch,web development,beginner level,2342,15,30,4.5,create eye catching wordpress website from scratch web development beginner level
99826,become a web developer and seller build websites with html,web development,beginner level,21730,61,200,2.5,become a web developer and seller build websites with html web development beginner level
1236746,wordpress tips and tricks,web development,intermediate level,1117,10,200,2.5,wordpress tips and tricks web development intermediate level
1110756,html tutorials html code for website creating,web development,all levels,2401,15,20,3.0,html tutorials html code for website creating web development all levels
595728,complete html5 and css3 course +1 start to finish project,web development,all levels,3887,81,200,8.5,complete html5 and css3 course +1 start to finish project web development all levels
1231872,web development with html css bootstrap jquery for beginners,web development,beginner level,1156,4,35,5.0,web development with html css bootstrap jquery for beginners web development beginner level
876850,html5 specialist comprehensive html5 training,web development,all levels,1385,188,100,5.0,html5 specialist comprehensive html5 training web development all levels
113518,css and css3 for absolute beginners,web development,beginner level,10890,212,75,5.0,css and css3 for absolute beginners web development beginner level
1111552,build a complete jquery plugin image pop up dialog,web development,all levels,1126,10,20,1.0,build a complete jquery plugin image pop up dialog web development all levels
834924,how to create html forms,web development,beginner level,3652,60,30,0.6666666666666666,how to create html forms web development beginner level
764042,reactjs and flux learn by building 10 projects,web development,all levels,1723,258,60,11.0,reactjs and flux learn by building 10 projects web development all levels
821526,how to make a business website in 1 day with wix fast easy,web development,beginner level,3759,24,20,4.0,how to make a business website in 1 day with wix fast easy web development beginner level
838418,php date and time course by edwin diaz,web development,all levels,1653,53,40,1.5,php date and time course by edwin diaz web development all levels
342084,start your own forum website in 15 minutes,web development,all levels,5387,38,40,1.0,start your own forum website in 15 minutes web development all levels
669536,hit the ground running with angularjs with dion yang,web development,all levels,4563,49,100,1.5,hit the ground running with angularjs with dion yang web development all levels
511378,learn css transition and animation,web development,all levels,3757,28,100,1.0,learn css transition and animation web development all levels
553582,learn javascript from scratch,web development,beginner level,4193,92,20,2.5,learn javascript from scratch web development beginner level
566920,wordpress for beginners tutorial from novice to know how,web development,beginner level,3694,48,20,4.0,wordpress for beginners tutorial from novice to know how web development beginner level
406820,restful api with laravel,web development,all levels,1905,228,45,6.0,restful api with laravel web development all levels
636418,learn ruby on rails for absolute beginners,web development,all levels,2875,20,195,4.5,learn ruby on rails for absolute beginners web development all levels
986442,javascript tutorial,web development,all levels,613,93,180,4.5,javascript tutorial web development all levels
996320,shopping cart website from scratch ecommerce,web development,beginner level,633,39,200,4.0,shopping cart website from scratch ecommerce web development beginner level
936182,learn by example angular js,web development,all levels,1515,32,50,7.0,learn by example angular js web development all levels
905850,the complete front end web developer bootcamp 14 projects,web development,all levels,900,129,200,18.5,the complete front end web developer bootcamp 14 projects web development all levels
547298,wordpress lms e learning website made easy,web development,all levels,2382,22,20,1.5,wordpress lms e learning website made easy web development all levels
294794,create an html5 video player from scratch,web development,beginner level,32260,1005,0,1.5,create an html5 video player from scratch web development beginner level
615920,in depth web development made easy,web development,all levels,3249,27,25,6.5,in depth web development made easy web development all levels
955818,jquery basics for beginners,web development,all levels,1274,34,50,0.6666666666666666,jquery basics for beginners web development all levels
65330,web development by doing html css from scratch,web development,beginner level,72932,2575,0,1.0,web development by doing html css from scratch web development beginner level
173548,build your first website in 1 week with html5 and css3,web development,beginner level,120291,5924,0,3.0,build your first website in 1 week with html5 and css3 web development beginner level
1183094,asp.net core mvc quick and practical,web development,intermediate level,387,5,20,2.5,asp.net core mvc quick and practical web development intermediate level
738360,better way towards css using less and sass,web development,all levels,2227,44,20,1.5,better way towards css using less and sass web development all levels
650328,javascript complete for beginners with real world apps,web development,all levels,2652,33,120,3.5,javascript complete for beginners with real world apps web development all levels
69414,creating a responsive html email,web development,all levels,2520,183,20,1.5,creating a responsive html email web development all levels
500628,angular 2 demystified,web development,all levels,3150,69,20,3.5,angular 2 demystified web development all levels
384078,learn html fast and easy,web development,beginner level,4011,24,20,1.5,learn html fast and easy web development beginner level
451938,how to setup a micro blog in 3 easy steps,web development,all levels,6937,22,25,1.0,how to setup a micro blog in 3 easy steps web development all levels
657710,ruby on rails for complete beginners,web development,beginner level,4839,129,35,4.0,ruby on rails for complete beginners web development beginner level
977516,wordpress for non technical people,web development,beginner level,2346,10,150,4.5,wordpress for non technical people web development beginner level
997750,asp net core angular 2 e commerce app,web development,all levels,897,129,200,13.0,asp net core angular 2 e commerce app web development all levels
316704,introductory javascript made easy training tutorial,web development,beginner level,9381,138,20,11.0,introductory javascript made easy training tutorial web development beginner level
106178,become a heroku rails ninja expert level deployment tools,web development,intermediate level,7090,52,50,8.5,become a heroku rails ninja expert level deployment tools web development intermediate level
1062686,complete responsive website design with html5 css3,web development,beginner level,2204,6,20,9.0,complete responsive website design with html5 css3 web development beginner level
1082996,pimcore developer implement a blog from a bootstrap theme,web development,all levels,1212,15,95,4.5,pimcore developer implement a blog from a bootstrap theme web development all levels
629044,inspirational web development a beginner approach,web development,beginner level,5328,47,20,3.5,inspirational web development a beginner approach web development beginner level
476408,learn html a practical guide from scratch to html 5,web development,all levels,5715,52,100,3.0,learn html a practical guide from scratch to html 5 web development all levels
1124244,javascript tutorial learn javascript code for beginners,web development,beginner level,2074,14,20,1.5,javascript tutorial learn javascript code for beginners web development beginner level
217010,website secrets get a gorgeous website on the cheap,web development,all levels,12328,15,50,2.0,website secrets get a gorgeous website on the cheap web development all levels
576694,ultimate wordpress plugin course,web development,all levels,4537,415,100,9.0,ultimate wordpress plugin course web development all levels
527952,php for beginners how to build an e commerce store,web development,all levels,5117,463,100,14.5,php for beginners how to build an e commerce store web development all levels
745306,build realtime apps react js golang rethinkdb,web development,all levels,3854,482,60,3.0,build realtime apps react js golang rethinkdb web development all levels
941998,master electron desktop apps using html javascript css,web development,intermediate level,1902,224,165,5.5,master electron desktop apps using html javascript css web development intermediate level
674608,the complete web developer masterclass beginner to advanced,web development,all levels,37141,1813,195,51.0,the complete web developer masterclass beginner to advanced web development all levels
1204208,mastering micro services using java spring boot,web development,all levels,1649,34,195,2.0,mastering micro services using java spring boot web development all levels
957422,how to create a website an html tutorial and css tutorial,web development,all levels,3012,260,65,32.5,how to create a website an html tutorial and css tutorial web development all levels
511838,the advanced web developer course,web development,intermediate level,6890,99,100,10.5,the advanced web developer course web development intermediate level
621022,projects in mongodb learn mongodb building projects,web development,all levels,4628,247,50,12.0,projects in mongodb learn mongodb building projects web development all levels
30318,learning javascript programming tutorial. a definitive guide,web development,all levels,17113,380,50,9.5,learning javascript programming tutorial. a definitive guide web development all levels
1270392,the complete javascript html and css tutorial for beginners,web development,beginner level,244,44,35,3.0,the complete javascript html and css tutorial for beginners web development beginner level
991094,build modern responsive website with html5 css3 bootstrap,web development,all levels,1472,210,195,13.0,build modern responsive website with html5 css3 bootstrap web development all levels
695656,the complete javascript course for web development beginners,web development,all levels,31499,450,195,4.0,the complete javascript course for web development beginners web development all levels
1174446,email marketing send unlimited emails via own mail server,web development,beginner level,3539,43,35,1.0,email marketing send unlimited emails via own mail server web development beginner level
1267892,getting started with javascript,web development,beginner level,1415,17,200,1.5,getting started with javascript web development beginner level
1149334,learn the basics of the web development coding tactics,web development,beginner level,2965,17,40,2.0,learn the basics of the web development coding tactics web development beginner level
1109150,restful api with laravel 5.4 definitive guide,web development,all levels,655,95,145,12.5,restful api with laravel 5.4 definitive guide web development all levels
445534,learn angularjs step by step,web development,intermediate level,18777,1112,20,1.5,learn angularjs step by step web development intermediate level
987666,learn react the world s most lucrative javascript library,web development,beginner level,1591,99,50,9.5,learn react the world s most lucrative javascript library web development beginner level
1134330,master regular expressions from scratch all languages,web development,all levels,1925,27,70,2.0,master regular expressions from scratch all languages web development all levels
983534,try angularjs beginner s guide to front end web development,web development,beginner level,16926,126,50,4.5,try angularjs beginner s guide to front end web development web development beginner level
563248,javascript step by step how to apply it to your web pages,web development,all levels,13406,78,100,1.5,javascript step by step how to apply it to your web pages web development all levels
1140532,explore javascript beginners guide to coding javascript,web development,beginner level,5739,26,200,2.5,explore javascript beginners guide to coding javascript web development beginner level
701636,learn web scraping with node.js,web development,all levels,16731,137,75,1.0,learn web scraping with node.js web development all levels
797832,getting started with wordpress 2016,web development,beginner level,1613,21,20,1.0,getting started with wordpress 2016 web development beginner level
41295,learn html5 programming from scratch,web development,all levels,268923,8629,0,10.5,learn html5 programming from scratch web development all levels
413494,getting started with less beginner crash course,web development,beginner level,1780,69,25,1.5,getting started with less beginner crash course web development beginner level
911318,master ecmascript 2015 es6,web development,all levels,7438,441,0,2.5,master ecmascript 2015 es6 web development all levels
197828,learn to setup websites from scratch,web development,beginner level,21087,154,0,3.5,learn to setup websites from scratch web development beginner level
576646,create fast restful apis with lumen and homestead by laravel,web development,all levels,1157,105,60,3.0,create fast restful apis with lumen and homestead by laravel web development all levels
984072,build modern websites quick with html css and bootstrap,web development,beginner level,912,17,20,4.5,build modern websites quick with html css and bootstrap web development beginner level
709180,twitter integration customize tweets with developer api,web development,all levels,2039,7,115,1.0,twitter integration customize tweets with developer api web development all levels
188692,build a responsive website with a modern flat design,web development,all levels,16527,354,0,2.0,build a responsive website with a modern flat design web development all levels
683606,the ultimate wordpress boot camp build 7 websites,web development,intermediate level,1000,74,125,11.0,the ultimate wordpress boot camp build 7 websites web development intermediate level
429364,master the basics of html5 css3 beginner web development,web development,beginner level,26541,750,0,3.0,master the basics of html5 css3 beginner web development web development beginner level
1012096,become a full stack web developer in 14 days,web development,all levels,467,20,195,13.5,become a full stack web developer in 14 days web development all levels
1016388,projects in reactjs the complete react learning course,web development,intermediate level,947,108,50,8.0,projects in reactjs the complete react learning course web development intermediate level
978852,beginning web development learn the basics of html,web development,beginner level,9832,71,95,2.0,beginning web development learn the basics of html web development beginner level
1148342,step by step build your template by bootstrap 4 from scratch,web development,beginner level,2184,15,80,3.0,step by step build your template by bootstrap 4 from scratch web development beginner level
1199780,hosting your static website on amazon aws s3 service,web development,beginner level,2853,47,20,1.5,hosting your static website on amazon aws s3 service web development beginner level
648118,javascript rockstar how to create incredible useful code,web development,all levels,16590,51,75,2.5,javascript rockstar how to create incredible useful code web development all levels
863812,spring core devops on aws,web development,intermediate level,1626,115,100,6.5,spring core devops on aws web development intermediate level
752432,how to create a website without coding wordpress 2016,web development,beginner level,9056,96,195,1.5,how to create a website without coding wordpress 2016 web development beginner level
639848,php graphic techniques captcha create a verification code,web development,all levels,8320,73,20,0.7166666666666667,php graphic techniques captcha create a verification code web development all levels
942366,introductory to html and css,web development,beginner level,4106,112,50,1.0,introductory to html and css web development beginner level
1103448,learn how to convert psd to html and css responsive,web development,all levels,5324,52,30,2.5,learn how to convert psd to html and css responsive web development all levels
945602,php user login registration script with all features,web development,all levels,5603,46,200,4.0,php user login registration script with all features web development all levels
446608,ajax let s build a cool project,web development,all levels,4183,292,70,3.5,ajax let s build a cool project web development all levels
866384,advanced wordpress topics post types taxonomies metaboxes,web development,intermediate level,301,44,95,7.5,advanced wordpress topics post types taxonomies metaboxes web development intermediate level
678150,laravel homestead,web development,beginner level,3883,110,0,1.0,laravel homestead web development beginner level
980114,the complete typescript programming guide for web developers,web development,intermediate level,236,31,40,4.0,the complete typescript programming guide for web developers web development intermediate level
17887,javascript with backbonejs and bootstrap css advanced,web development,intermediate level,1758,37,25,3.5,javascript with backbonejs and bootstrap css advanced web development intermediate level
465210,ruby on rails tutorial learn 6 ruby on rails seo techniques,web development,all levels,1266,16,200,2.0,ruby on rails tutorial learn 6 ruby on rails seo techniques web development all levels
967422,xml dom basics for beginners,web development,all levels,920,1,35,0.7,xml dom basics for beginners web development all levels
708558,learn html basics from scratch,web development,all levels,5004,52,0,3.0,learn html basics from scratch web development all levels
783686,byte sized chunks dynamic prototypes in javascript,web development,all levels,880,6,20,3.0,byte sized chunks dynamic prototypes in javascript web development all levels
551072,build websites from scratch with squarespace,web development,beginner level,342,53,50,3.5,build websites from scratch with squarespace web development beginner level
1004008,introduction to web programming for gis applications,web development,beginner level,205,38,100,13.5,introduction to web programming for gis applications web development beginner level
344224,java spring security,web development,intermediate level,527,63,40,2.5,java spring security web development intermediate level
235104,responsive html5 theme development,web development,all levels,1517,4,20,1.0,responsive html5 theme development web development all levels
598970,what s new in bootstrap 4,web development,all levels,130,14,20,0.6166666666666667,what s new in bootstrap 4 web development all levels
543346,reactjs course learn javascript library used by facebook ig,web development,intermediate level,1018,33,50,3.0,reactjs course learn javascript library used by facebook ig web development intermediate level
575644,building a ruby on rails application with neo4j,web development,intermediate level,4830,38,0,0.5333333333333333,building a ruby on rails application with neo4j web development intermediate level
877036,sara learns to code. making an app from scratch,web development,beginner level,402,20,60,4.0,sara learns to code. making an app from scratch web development beginner level
691760,ajax for beginners a very basic introduction,web development,beginner level,755,5,65,2.0,ajax for beginners a very basic introduction web development beginner level
579182,wordpress essentials useful plugins,web development,beginner level,1087,7,25,1.0,wordpress essentials useful plugins web development beginner level
1071060,django by example,web development,expert level,170,21,125,9.0,django by example web development expert level
235990,build a great wordpress website for your business in 2 hours,web development,all levels,1054,4,35,2.0,build a great wordpress website for your business in 2 hours web development all levels
469678,wordpress on aws the easy way to aws for free fast hosting,web development,all levels,245,23,40,1.0,wordpress on aws the easy way to aws for free fast hosting web development all levels
708514,mastering typescript,web development,expert level,353,34,95,3.0,mastering typescript web development expert level
601260,mastering angularjs ui development,web development,expert level,464,26,95,1.5,mastering angularjs ui development web development expert level
687642,custom theme creation for wordpress using html5 and css3,web development,beginner level,298,20,35,1.5,custom theme creation for wordpress using html5 and css3 web development beginner level
654422,create a php contact form in bootstrap,web development,all levels,2238,65,20,1.0,create a php contact form in bootstrap web development all levels
902748,introduction to data analytics using microsoft power bi,web development,all levels,1764,33,45,1.5,introduction to data analytics using microsoft power bi web development all levels
634754,html made simple for beginners create a one page website,web development,beginner level,3380,50,65,2.0,html made simple for beginners create a one page website web development beginner level
1112844,the complete web developer masterclass beginner to advanced,web development,all levels,1030,11,20,2.5,the complete web developer masterclass beginner to advanced web development all levels
1026206,website builder software previews,web development,beginner level,1406,12,25,1.0,website builder software previews web development beginner level
484872,learn how to create your own social network,web development,all levels,4732,5,50,2.0,learn how to create your own social network web development all levels
773824,learn by example the foundations of html css javascript,web development,all levels,1724,72,50,13.0,learn by example the foundations of html css javascript web development all levels
846578,javascript manipulation of the dom document object model,web development,beginner level,1618,46,20,1.5,javascript manipulation of the dom document object model web development beginner level
358508,create jekyll blog and host it on github like a ninja,web development,beginner level,5056,74,20,2.0,create jekyll blog and host it on github like a ninja web development beginner level
975060,learn react js from scratch,web development,beginner level,1562,42,115,4.0,learn react js from scratch web development beginner level
904818,web security common vulnerabilities and their mitigation,web development,all levels,1547,30,50,8.0,web security common vulnerabilities and their mitigation web development all levels
472526,php for beginners,web development,beginner level,2626,95,40,6.0,php for beginners web development beginner level
241590,make a professional website 30 day guarantee. discounted,web development,all levels,11167,34,20,2.0,make a professional website 30 day guarantee. discounted web development all levels
1182108,symfony 3 build a php application with symfony,web development,all levels,466,11,20,2.0,symfony 3 build a php application with symfony web development all levels
1156648,learn asp.net web api 2 for absolute beginner,web development,all levels,1355,14,30,3.5,learn asp.net web api 2 for absolute beginner web development all levels
642696,build a website in 30 minutes,web development,beginner level,5065,40,95,0.5333333333333333,build a website in 30 minutes web development beginner level
1121696,google blogger how to create a blog,web development,beginner level,1763,17,20,2.0,google blogger how to create a blog web development beginner level
389240,how to make a website without coding wordpress web skills,web development,all levels,6413,107,30,9.0,how to make a website without coding wordpress web skills web development all levels
297044,learn wcf and web apis from scratch,web development,intermediate level,5398,358,50,10.5,learn wcf and web apis from scratch web development intermediate level
462668,how to build a website from scratch + blogging blueprint,web development,all levels,7017,37,20,3.5,how to build a website from scratch + blogging blueprint web development all levels
565282,learn to create different website layouts media queries,web development,all levels,6510,45,195,2.0,learn to create different website layouts media queries web development all levels
1011550,build sign up and login forms with bootstrap modal,web development,all levels,1898,19,20,4.0,build sign up and login forms with bootstrap modal web development all levels
409618,build a real time web app in node.js angular.js mongodb,web development,all levels,3299,166,20,4.0,build a real time web app in node.js angular.js mongodb web development all levels
1226008,superb jquery course become certified jquery developer,web development,all levels,817,6,95,1.5,superb jquery course become certified jquery developer web development all levels
1211960,how to build a facebook messenger chat bot from scratch,web development,beginner level,1798,20,120,1.5,how to build a facebook messenger chat bot from scratch web development beginner level
1169848,build your own calculator app with javascript html5 css,web development,all levels,3688,49,50,1.0,build your own calculator app with javascript html5 css web development all levels
896858,the complete wordpress development customization course,web development,expert level,1611,165,100,12.5,the complete wordpress development customization course web development expert level
696016,html css easy steps to create a web template from scratch,web development,beginner level,11574,78,200,1.0,html css easy steps to create a web template from scratch web development beginner level
993148,learn jquery ajax in 1 hour,web development,intermediate level,2547,62,195,1.0,learn jquery ajax in 1 hour web development intermediate level
1145206,develop competitive plugins for wordpress and woocommerce,web development,all levels,2063,18,150,1.0,develop competitive plugins for wordpress and woocommerce web development all levels
534376,get results core principles of web development tricks tips,web development,all levels,22355,54,75,1.5,get results core principles of web development tricks tips web development all levels
570416,json faster sleeker easier discover the benefits learn it,web development,all levels,8577,69,200,1.5,json faster sleeker easier discover the benefits learn it web development all levels
1017116,get to know html learn html basics,web development,beginner level,10674,102,200,2.0,get to know html learn html basics web development beginner level
1243474,ultimate css jquery form designing from beginner to expert,web development,all levels,783,5,115,1.0,ultimate css jquery form designing from beginner to expert web development all levels
732556,php complete registration and login with email verification,web development,all levels,12781,145,20,2.5,php complete registration and login with email verification web development all levels
426196,javascript from beginner to expert,web development,all levels,5484,439,125,12.5,javascript from beginner to expert web development all levels
747552,build a website html5 css3 beginner course,web development,beginner level,7884,44,150,2.0,build a website html5 css3 beginner course web development beginner level
556922,learn ruby on rails stripe payment processing,web development,all levels,15724,33,40,1.5,learn ruby on rails stripe payment processing web development all levels
1147064,wordpress for beginners no coding required,web development,all levels,3106,31,20,1.0,wordpress for beginners no coding required web development all levels
651780,jquery for beginners a basic introduction,web development,beginner level,6293,165,65,1.0,jquery for beginners a basic introduction web development beginner level
944906,wordpress plugins and widgets,web development,beginner level,8711,29,40,1.0,wordpress plugins and widgets web development beginner level
674646,php essential how to create build amazing websites with php,web development,beginner level,8067,30,75,3.5,php essential how to create build amazing websites with php web development beginner level
673420,html css javascript most popular ways to code html css js,web development,all levels,9332,172,170,3.5,html css javascript most popular ways to code html css js web development all levels
584758,bootstrap 3 beginners create a professional landing page,web development,beginner level,3271,278,20,2.5,bootstrap 3 beginners create a professional landing page web development beginner level
1189280,introduction to node.js for beginners,web development,beginner level,1367,17,125,6.0,introduction to node.js for beginners web development beginner level
543090,introduction to coding with ruby,web development,beginner level,5077,126,45,3.5,introduction to coding with ruby web development beginner level
611308,complete php and mysql course from beginner to professional,web development,all levels,6508,137,200,6.5,complete php and mysql course from beginner to professional web development all levels
959604,angular js essentials,web development,beginner level,4687,99,195,4.0,angular js essentials web development beginner level
540724,how to setup web hosting,web development,beginner level,11758,242,0,1.0,how to setup web hosting web development beginner level
1089652,web application development using redis express and socket,web development,beginner level,300,16,200,6.0,web application development using redis express and socket web development beginner level
1049344,how to start a wordpress blog complete beginners guide,web development,beginner level,3784,85,0,2.0,how to start a wordpress blog complete beginners guide web development beginner level
786494,css3 gradients for web designers,web development,all levels,1209,9,20,1.5,css3 gradients for web designers web development all levels
611518,learn asp net mvc 5 step by step,web development,intermediate level,1428,91,20,3.0,learn asp net mvc 5 step by step web development intermediate level
956888,tumult hype pro basics html5 animations made easier,web development,beginner level,716,32,50,4.0,tumult hype pro basics html5 animations made easier web development beginner level
188828,web hosting set up and wordpress installation for beginners,web development,beginner level,12563,239,0,0.5666666666666667,web hosting set up and wordpress installation for beginners web development beginner level
382258,ruby on rails 4 a test driven approach,web development,beginner level,1518,55,100,19.0,ruby on rails 4 a test driven approach web development beginner level
955138,ajax basics for beginners,web development,all levels,1241,23,35,0.5666666666666667,ajax basics for beginners web development all levels
1085064,let s javascript code a calculator,web development,beginner level,380,10,35,2.0,let s javascript code a calculator web development beginner level
1038786,javascript from beginner to advanced,web development,all levels,395,18,195,17.0,javascript from beginner to advanced web development all levels
512000,wordpress theme academy with bootstrap,web development,intermediate level,1169,110,20,7.5,wordpress theme academy with bootstrap web development intermediate level
1148412,building a ecommerce startup in 4 hours livestream,web development,beginner level,1114,8,50,3.0,building a ecommerce startup in 4 hours livestream web development beginner level
1254172,responsive php registration form from scratch,web development,all levels,5738,9,95,4.0,responsive php registration form from scratch web development all levels
1105778,a frame webvr programming tutorial series virtual reality,web development,beginner level,6648,16,40,1.5,a frame webvr programming tutorial series virtual reality web development beginner level
1240522,learn bootstrap and make responsive websites,web development,all levels,1605,10,25,3.5,learn bootstrap and make responsive websites web development all levels
903526,html web development crash course,web development,beginner level,4848,33,20,1.5,html web development crash course web development beginner level
53256,bootstrap basics program responsive websites,web development,all levels,4743,393,75,3.0,bootstrap basics program responsive websites web development all levels
1030440,projects with json and apis,web development,all levels,1520,34,20,2.0,projects with json and apis web development all levels
947498,web design html css how to create a website from scratch,web development,beginner level,3601,28,50,2.0,web design html css how to create a website from scratch web development beginner level
761768,create complete sign up system using php jquery and ajax,web development,all levels,4033,40,200,3.0,create complete sign up system using php jquery and ajax web development all levels
173134,adobe flash for beginners build flash website from scratch,web development,all levels,17071,17,200,1.5,adobe flash for beginners build flash website from scratch web development all levels
881210,learn complete wordpress for building a professional sites,web development,all levels,13708,92,80,9.0,learn complete wordpress for building a professional sites web development all levels
1140232,devtools 2017 beginner to expert w chrome developer tools,web development,all levels,430,54,125,2.5,devtools 2017 beginner to expert w chrome developer tools web development all levels
767656,bootstrap essential training create your very own website,web development,all levels,2643,34,20,9.0,bootstrap essential training create your very own website web development all levels
671960,angular 2 jump start with typescript,web development,all levels,1731,90,20,4.0,angular 2 jump start with typescript web development all levels
686764,learn plugin development in wordpress by building projects,web development,all levels,1313,121,60,11.0,learn plugin development in wordpress by building projects web development all levels
862478,build your startup with no coding design develop ship,web development,all levels,775,245,30,8.0,build your startup with no coding design develop ship web development all levels
834600,the web developers guide learn html css fundamentals,web development,all levels,2243,27,20,7.0,the web developers guide learn html css fundamentals web development all levels
690788,learn php programming for absolute beginners lite,web development,all levels,2749,62,20,0.6833333333333333,learn php programming for absolute beginners lite web development all levels
854756,learn drupal 8 with a live project,web development,all levels,2012,15,55,3.5,learn drupal 8 with a live project web development all levels
1023668,supreme nodejs course for beginners,web development,all levels,1080,37,200,3.5,supreme nodejs course for beginners web development all levels
482404,css3 for beginners,web development,beginner level,3831,15,195,1.5,css3 for beginners web development beginner level
624578,javascript for beginners,web development,beginner level,2071,57,75,1.5,javascript for beginners web development beginner level
753940,become a bootstrap expert build 20 layouts,web development,all levels,2755,57,35,17.5,become a bootstrap expert build 20 layouts web development all levels
862428,php learn to upload files to amazon s3 and use cloudfront,web development,all levels,1216,36,50,3.0,php learn to upload files to amazon s3 and use cloudfront web development all levels
739770,php mysql learn php mysql with project,web development,all levels,2314,77,20,2.0,php mysql learn php mysql with project web development all levels
599532,how to set up a self hosted wordpress website in 30 minutes,web development,beginner level,8770,261,0,0.5333333333333333,how to set up a self hosted wordpress website in 30 minutes web development beginner level
270808,projects in django and python,web development,all levels,1764,53,60,6.5,projects in django and python web development all levels
106156,create update and manage your own website using drupal 7,web development,all levels,2837,68,120,7.0,create update and manage your own website using drupal 7 web development all levels
589342,learn html the programming language to build a webpage,web development,beginner level,1655,39,25,1.0,learn html the programming language to build a webpage web development beginner level
37684,learn to program javascript in ten easy steps,web development,beginner level,2721,96,75,5.5,learn to program javascript in ten easy steps web development beginner level
964118,bootstrap basics for beginners,web development,all levels,1152,20,40,1.0,bootstrap basics for beginners web development all levels
212374,introduction to css development,web development,beginner level,15493,415,0,2.0,introduction to css development web development beginner level
970252,php basics for beginners,web development,all levels,1562,4,45,1.5,php basics for beginners web development all levels
465870,beginning oracle weblogic for administrators,web development,beginner level,9786,989,0,0.7,beginning oracle weblogic for administrators web development beginner level
442504,build an html5 and css3 website in 35 minutes,web development,beginner level,1904,25,20,0.7,build an html5 and css3 website in 35 minutes web development beginner level
1121650,angular 2 routing up and running,web development,intermediate level,3357,84,0,0.6166666666666667,angular 2 routing up and running web development intermediate level
737758,advanced prezi make amazing presentations,web development,all levels,2200,25,30,1.0,advanced prezi make amazing presentations web development all levels
72262,1 hour jquery,web development,beginner level,5456,133,100,1.0,1 hour jquery web development beginner level
443746,the wpfaster wordpress speed optimization master course,web development,all levels,2134,215,175,7.0,the wpfaster wordpress speed optimization master course web development all levels
416282,how to build your own website with wordpress a step by step guide,web development,all levels,4675,15,95,6.0,how to build your own website with wordpress a step by step guide web development all levels
645714,build apps with reactjs the complete course,web development,all levels,1433,145,40,5.5,build apps with reactjs the complete course web development all levels
929260,learn sass from beginner to expert,web development,beginner level,1734,9,20,1.0,learn sass from beginner to expert web development beginner level
683394,the complete html5 course,web development,beginner level,3461,11,20,1.5,the complete html5 course web development beginner level
311916,create a responsive website with bootstrap 3,web development,intermediate level,4076,39,50,3.0,create a responsive website with bootstrap 3 web development intermediate level
1009166,lerning php by building website,web development,all levels,567,63,185,8.0,lerning php by building website web development all levels
947116,learn php object oriented features with simple examples,web development,all levels,1723,28,20,1.0,learn php object oriented features with simple examples web development all levels
835712,crash course learn to create a php mvc framework,web development,all levels,1282,117,50,1.0,crash course learn to create a php mvc framework web development all levels
954036,json basics for beginners,web development,all levels,2052,18,45,0.55,json basics for beginners web development all levels
745120,csscasts css libraries plugins tips tricks for developers,web development,all levels,1874,40,200,44.5,csscasts css libraries plugins tips tricks for developers web development all levels
797040,complete guide to front end web development and design,web development,beginner level,1119,111,200,16.5,complete guide to front end web development and design web development beginner level
795278,build ajax web apps with laravel 5.2 bootstrap and jquery,web development,all levels,1023,131,100,5.0,build ajax web apps with laravel 5.2 bootstrap and jquery web development all levels
8324,javascript for beginners,web development,all levels,3697,195,20,3.0,javascript for beginners web development all levels
756914,mongoosejs essentials learn mongodb for node.js,web development,beginner level,21682,1106,0,0.7333333333333333,mongoosejs essentials learn mongodb for node.js web development beginner level
405840,regular expressions for beginners universal,web development,all levels,1975,141,100,3.0,regular expressions for beginners universal web development all levels
899534,learn redis from scratch,web development,intermediate level,553,84,40,3.0,learn redis from scratch web development intermediate level
570848,wordpress plugin development deep dive discovery,web development,all levels,2650,19,40,2.0,wordpress plugin development deep dive discovery web development all levels
714678,learn ajax and jquery with php,web development,beginner level,2964,8,20,1.5,learn ajax and jquery with php web development beginner level
791610,create a business website with wordpress,web development,all levels,1624,31,50,4.0,create a business website with wordpress web development all levels
631472,desktopserver install wordpress locally work anywhere,web development,beginner level,1640,22,65,2.0,desktopserver install wordpress locally work anywhere web development beginner level
856530,understand php arrays and http request in a better way,web development,all levels,1627,38,35,0.5833333333333334,understand php arrays and http request in a better way web development all levels
530092,mastering css,web development,expert level,1815,249,95,5.0,mastering css web development expert level
1211160,the complete wordpress theme development guide,web development,beginner level,1011,2,25,2.0,the complete wordpress theme development guide web development beginner level
977470,the complete hmtl5 course go from beginner to advanced,web development,all levels,2430,15,95,2.0,the complete hmtl5 course go from beginner to advanced web development all levels
504316,learn jquery from scratch 2 hour training,web development,beginner level,5318,56,20,1.5,learn jquery from scratch 2 hour training web development beginner level
389018,how to create a wordpress website from scratch no coding,web development,all levels,7018,28,20,3.0,how to create a wordpress website from scratch no coding web development all levels
937206,learn php codeigniter framework with ajax and bootstrap,web development,all levels,1634,52,75,2.5,learn php codeigniter framework with ajax and bootstrap web development all levels
739090,the complete guide to javascript development,web development,all levels,3590,36,110,14.0,the complete guide to javascript development web development all levels
720144,basic html css and web design,web development,beginner level,4030,92,30,9.0,basic html css and web design web development beginner level
365816,build professional wordpress website,web development,all levels,4020,95,145,3.5,build professional wordpress website web development all levels
977474,ultimate css3 course from beginners to professional,web development,all levels,2635,25,95,2.0,ultimate css3 course from beginners to professional web development all levels
481696,code grow rich earn more as an entrepreneur or developer,web development,all levels,7211,52,200,57.0,code grow rich earn more as an entrepreneur or developer web development all levels
978850,learn by example reactjs,web development,beginner level,1496,37,50,7.5,learn by example reactjs web development beginner level
825354,react.js quickly developing scalable web user interfaces,web development,intermediate level,4447,76,50,4.0,react.js quickly developing scalable web user interfaces web development intermediate level
822670,javascript tricks and workarounds,web development,all levels,1410,134,100,5.0,javascript tricks and workarounds web development all levels
65492,kids coding beginner html,web development,beginner level,6628,53,20,1.0,kids coding beginner html web development beginner level
1051672,learn php from scratch,web development,beginner level,1908,12,25,1.5,learn php from scratch web development beginner level
688968,php with pdo ultimate crash course,web development,all levels,1248,171,50,1.5,php with pdo ultimate crash course web development all levels
495484,javascript for beginners with live examples,web development,beginner level,4587,46,195,4.0,javascript for beginners with live examples web development beginner level
398456,bootstrap 3 introduction create responsive websites fast,web development,all levels,2351,302,50,2.5,bootstrap 3 introduction create responsive websites fast web development all levels
615084,laravel 5.2 php framework jump start for beginners,web development,beginner level,3898,95,20,3.0,laravel 5.2 php framework jump start for beginners web development beginner level
492818,professional wordpress theme development for 2017,web development,all levels,3185,102,20,8.0,professional wordpress theme development for 2017 web development all levels
1055322,learn laravel php framework building multi user seo blog app,web development,all levels,557,92,100,9.5,learn laravel php framework building multi user seo blog app web development all levels
1112604,javascript specialist,web development,beginner level,408,39,200,8.0,javascript specialist web development beginner level
424864,write php like a pro build a php mvc framework from scratch,web development,all levels,1703,435,70,3.0,write php like a pro build a php mvc framework from scratch web development all levels
516062,javascript intro to learning javascript web programming,web development,beginner level,17554,94,20,1.5,javascript intro to learning javascript web programming web development beginner level
92760,crash course fundamentals of html css from scratch.,web development,beginner level,7368,216,20,2.0,crash course fundamentals of html css from scratch. web development beginner level
1064104,laravel the complete guide with real world projects,web development,all levels,676,119,200,14.0,laravel the complete guide with real world projects web development all levels
900434,vuejs v1 introduction to vuejs javascript framework,web development,beginner level,3632,28,200,2.0,vuejs v1 introduction to vuejs javascript framework web development beginner level
609992,html css essential steps to learn html css,web development,beginner level,10576,154,145,2.5,html css essential steps to learn html css web development beginner level
77642,learn html 5 in 1 hour,web development,beginner level,11643,169,100,1.0,learn html 5 in 1 hour web development beginner level
269006,learn html5 css3 from scratch,web development,all levels,13960,239,20,2.5,learn html5 css3 from scratch web development all levels
151956,responsive web design made easy,web development,all levels,5085,106,195,6.5,responsive web design made easy web development all levels
908996,parse server from front end to full stack,web development,intermediate level,1130,162,200,6.0,parse server from front end to full stack web development intermediate level
269638,codeigniter how to use codeigniter that drives knowledge,web development,all levels,14606,235,150,3.0,codeigniter how to use codeigniter that drives knowledge web development all levels
452684,jquery for beginners create website animations easily,web development,all levels,2971,285,100,3.0,jquery for beginners create website animations easily web development all levels
844458,how to build chat bots from beginner to intermediate,web development,all levels,2814,107,140,2.0,how to build chat bots from beginner to intermediate web development all levels
403604,web development with bootstrap 16 instant themes included,web development,all levels,1355,45,40,3.5,web development with bootstrap 16 instant themes included web development all levels
549094,install a wordpress theme the correct way charge others,web development,all levels,2335,13,20,1.0,install a wordpress theme the correct way charge others web development all levels
59014,coding for entrepreneurs basic,web development,beginner level,161029,279,0,3.5,coding for entrepreneurs basic web development beginner level
45941,the css and css3 crash course,web development,all levels,2051,99,150,13.0,the css and css3 crash course web development all levels
851868,build a business or personal website using wordpress,web development,beginner level,1069,12,200,4.5,build a business or personal website using wordpress web development beginner level
814206,learn by example php for dynamic websites,web development,beginner level,1439,10,50,13.0,learn by example php for dynamic websites web development beginner level
590406,learn reactjs code like a facebook developer,web development,intermediate level,1948,72,20,5.0,learn reactjs code like a facebook developer web development intermediate level
680180,learn to build web apps using d3js,web development,all levels,841,99,40,3.5,learn to build web apps using d3js web development all levels
899492,how to create awesome website and e commerce in 1 hour,web development,all levels,937,4,20,1.0,how to create awesome website and e commerce in 1 hour web development all levels
1056848,joomla for beginners learn how to build a website with cms,web development,beginner level,583,7,95,3.5,joomla for beginners learn how to build a website with cms web development beginner level
846412,learning drupal 8,web development,all levels,577,97,50,9.5,learning drupal 8 web development all levels
336938,learn how to build a web application without coding,web development,beginner level,9364,311,0,0.5333333333333333,learn how to build a web application without coding web development beginner level
375136,rock solid wordpress security secure web development,web development,all levels,5052,92,0,1.5,rock solid wordpress security secure web development web development all levels
602218,mastering javascript,web development,expert level,694,39,95,4.0,mastering javascript web development expert level
1022682,php laravel 5 creating a crud application,web development,all levels,511,12,45,0.55,php laravel 5 creating a crud application web development all levels
968304,xquery basics for beginners,web development,all levels,937,2,40,0.6333333333333333,xquery basics for beginners web development all levels
180547,php development with the laravel framework,web development,all levels,1611,24,50,3.5,php development with the laravel framework web development all levels
1178762,wordpress development themes and plugins complete guide,web development,all levels,103,11,200,5.5,wordpress development themes and plugins complete guide web development all levels
641236,basic javascript build 4 basic javascript projects,web development,beginner level,670,33,40,4.5,basic javascript build 4 basic javascript projects web development beginner level
130168,html and css for beginning web developers,web development,beginner level,1606,28,100,9.0,html and css for beginning web developers web development beginner level
1002210,popular javascript framework learn the language of angular 2,web development,beginner level,260,22,200,11.0,popular javascript framework learn the language of angular 2 web development beginner level
1076424,the ultimate guide to the best wordpress plugins part 1,web development,all levels,122,10,50,10.5,the ultimate guide to the best wordpress plugins part 1 web development all levels
968278,xslt basics for beginners,web development,all levels,877,6,35,0.5333333333333333,xslt basics for beginners web development all levels
50528,the complete wordpress plugin development course 8 plugins,web development,all levels,1215,58,200,2.5,the complete wordpress plugin development course 8 plugins web development all levels
1075808,json crash course for beginners,web development,beginner level,3323,90,45,0.6333333333333333,json crash course for beginners web development beginner level
560996,you can create incredible websites with html css learn how,web development,all levels,11892,50,100,2.5,you can create incredible websites with html css learn how web development all levels
654680,javascript tricks how to create code projects from scratch,web development,all levels,15106,31,75,1.5,javascript tricks how to create code projects from scratch web development all levels
975906,the sass course learn sass for real world websites,web development,all levels,975,141,95,3.5,the sass course learn sass for real world websites web development all levels
951060,web design how to create a website html css bootstrap,web development,beginner level,5263,29,75,2.0,web design how to create a website html css bootstrap web development beginner level
1142202,master angular 4 by example build 7 awesome apps,web development,all levels,596,32,195,8.0,master angular 4 by example build 7 awesome apps web development all levels
159760,create a custom responsive wordpress website for a client,web development,all levels,7517,89,95,4.5,create a custom responsive wordpress website for a client web development all levels
30243,mastering html5 programming the easier way,web development,all levels,21653,138,75,7.0,mastering html5 programming the easier way web development all levels
566910,how to launch your own website builder service,web development,beginner level,9028,87,20,1.5,how to launch your own website builder service web development beginner level
783158,getting started with html,web development,beginner level,7375,52,40,1.5,getting started with html web development beginner level
554384,spring framework 4 java enterprise jee with angularjs,web development,all levels,5177,318,95,13.5,spring framework 4 java enterprise jee with angularjs web development all levels
1027812,build a weather app with ajax using open weather map api,web development,all levels,6548,44,20,4.0,build a weather app with ajax using open weather map api web development all levels
607048,essentials of javascript practice coding exercises tips,web development,beginner level,28125,115,80,2.0,essentials of javascript practice coding exercises tips web development beginner level
704732,learn and earn with html css,web development,all levels,9349,206,20,4.0,learn and earn with html css web development all levels
574876,get started creating websites everything you need provided,web development,beginner level,14260,44,100,3.0,get started creating websites everything you need provided web development beginner level
803378,javascript in action javascript projects,web development,beginner level,7720,58,150,1.5,javascript in action javascript projects web development beginner level
715516,modern web development with laravel 5.2 php framework,web development,all levels,2142,536,120,12.0,modern web development with laravel 5.2 php framework web development all levels
101864,programming for entrepreneurs javascript,web development,beginner level,12873,106,200,2.5,programming for entrepreneurs javascript web development beginner level
682484,create a website from scratch using html css step by step,web development,beginner level,12882,95,75,1.5,create a website from scratch using html css step by step web development beginner level
657734,complete ajax course learn ajax techniques using bootstrap,web development,all levels,12368,89,195,3.5,complete ajax course learn ajax techniques using bootstrap web development all levels
797038,learn jquery by example course,web development,beginner level,8625,94,170,5.0,learn jquery by example course web development beginner level
1099956,bootstrap 4 theme development masterclass,web development,all levels,2641,28,150,0.65,bootstrap 4 theme development masterclass web development all levels
1211800,wordpress theme development for beginners,web development,all levels,1052,14,20,8.0,wordpress theme development for beginners web development all levels
958750,web design creating websites from scratch,web development,beginner level,13920,64,75,2.0,web design creating websites from scratch web development beginner level
515188,html learning the basics intro to html website coding,web development,beginner level,7416,65,20,0.65,html learning the basics intro to html website coding web development beginner level
1172740,learn how to use javascript components with php and symfony,web development,all levels,1822,4,90,2.0,learn how to use javascript components with php and symfony web development all levels
846832,so you think you know javascript,web development,all levels,1010,154,50,6.0,so you think you know javascript web development all levels
943306,learn node.js by building udemy stripe + mailchimp + wistia,web development,all levels,1425,36,110,5.5,learn node.js by building udemy stripe + mailchimp + wistia web development all levels
11153,learn jquery an in depth course for beginners,web development,all levels,7014,95,50,4.5,learn jquery an in depth course for beginners web development all levels
147908,javascript for beginning web developers,web development,beginner level,7785,416,75,4.5,javascript for beginning web developers web development beginner level
688092,jquery create overlay popups from scratch using jquery,web development,all levels,4407,17,50,2.5,jquery create overlay popups from scratch using jquery web development all levels
1047968,vue js 2 from beginner to professional,web development,all levels,602,93,145,15.5,vue js 2 from beginner to professional web development all levels
585496,ultimate angularjs build a real world app from scratch,web development,all levels,1712,438,100,5.5,ultimate angularjs build a real world app from scratch web development all levels
911712,wordpress site migration,web development,all levels,1894,40,20,1.5,wordpress site migration web development all levels
803074,introduction to html course,web development,beginner level,3258,32,20,2.0,introduction to html course web development beginner level
200742,create single page website using twitter bootstrap 3,web development,intermediate level,7449,111,20,1.0,create single page website using twitter bootstrap 3 web development intermediate level
1072248,the all in one web development course,web development,all levels,538,13,85,18.5,the all in one web development course web development all levels
143028,code a responsive website using html5 and css for beginners,web development,beginner level,1271,136,50,7.5,code a responsive website using html5 and css for beginners web development beginner level
173888,angularjs for the real world learn by creating a webapp,web development,all levels,1407,137,115,7.0,angularjs for the real world learn by creating a webapp web development all levels
361620,wordpress tutorial,web development,all levels,2311,8,200,1.5,wordpress tutorial web development all levels
418386,create a real social network like facebook in php + mysql,web development,all levels,1002,178,45,16.5,create a real social network like facebook in php + mysql web development all levels
212398,advanced node.js development,web development,expert level,2565,32,55,3.0,advanced node.js development web development expert level
1097778,asp.net mvc 5 project facebook clone,web development,all levels,210,19,30,5.0,asp.net mvc 5 project facebook clone web development all levels
653852,bootstrap for beginners a basic introduction,web development,beginner level,1186,14,55,0.6666666666666666,bootstrap for beginners a basic introduction web development beginner level
598516,jquery for beginners,web development,all levels,1421,17,20,4.0,jquery for beginners web development all levels
900794,javascript basics for web developers,web development,beginner level,958,14,20,1.0,javascript basics for web developers web development beginner level
564546,learn php from scratch,web development,beginner level,1550,25,50,1.5,learn php from scratch web development beginner level
516064,learn express,web development,intermediate level,1309,60,25,1.5,learn express web development intermediate level
1024844,build a web app with vuejs spring framework and mongodb,web development,all levels,251,32,145,3.5,build a web app with vuejs spring framework and mongodb web development all levels
631754,zend framework 2 learn the php framework zf2 from scratch,web development,all levels,723,130,40,6.5,zend framework 2 learn the php framework zf2 from scratch web development all levels
142666,improved seo with rich snippets and microdata,web development,intermediate level,11026,228,0,1.0,improved seo with rich snippets and microdata web development intermediate level
440006,x theme for wordpress responsive web design without code,web development,all levels,1318,81,20,7.0,x theme for wordpress responsive web design without code web development all levels
857270,become a html and css developer build a responsive site,web development,beginner level,3894,91,0,2.0,become a html and css developer build a responsive site web development beginner level
370752,how to make a wordpress website 2017,web development,all levels,12293,235,0,3.0,how to make a wordpress website 2017 web development all levels
651990,install wordpress,web development,beginner level,1447,35,20,0.6666666666666666,install wordpress web development beginner level
923146,css specialist comprehensive css training,web development,beginner level,487,31,100,6.0,css specialist comprehensive css training web development beginner level
295843,introduction to laravel 4,web development,all levels,9110,411,0,2.5,introduction to laravel 4 web development all levels
1170690,introduction to elm,web development,intermediate level,1519,28,0,1.0,introduction to elm web development intermediate level
603408,learn to freelance with people per hour urdu,web development,all levels,948,48,20,0.6,learn to freelance with people per hour urdu web development all levels
578900,learn wordpress 4 from scratch create awesome websites,web development,all levels,2023,8,75,2.0,learn wordpress 4 from scratch create awesome websites web development all levels
997916,amazon alexa development from beginner to intermediate,web development,all levels,1858,110,140,2.5,amazon alexa development from beginner to intermediate web development all levels
856526,the build a saas app with flask course,web development,all levels,2244,365,40,10.0,the build a saas app with flask course web development all levels
993146,learn json with javascript objects and apis in 1 hour,web development,intermediate level,3619,93,95,1.0,learn json with javascript objects and apis in 1 hour web development intermediate level
63612,1 hour javascript,web development,beginner level,22999,602,200,1.0,1 hour javascript web development beginner level
745468,building an e commerce store using java spring framework,web development,all levels,2743,589,95,14.5,building an e commerce store using java spring framework web development all levels
986406,typescript masterclass free e book,web development,all levels,1229,139,150,7.5,typescript masterclass free e book web development all levels
593544,php mvc framework codeigniter tutorial for beginners project,web development,all levels,3701,508,100,10.5,php mvc framework codeigniter tutorial for beginners project web development all levels
1128560,javascript become higly paid front end developer,web development,beginner level,710,137,105,3.5,javascript become higly paid front end developer web development beginner level
242574,object oriented programming oop in php build an oop site,web development,all levels,6588,721,20,2.0,object oriented programming oop in php build an oop site web development all levels
1109736,beginners introduction to web development,web development,beginner level,7331,55,200,1.5,beginners introduction to web development web development beginner level
982860,django + angularjs for a powerful web application,web development,intermediate level,4463,59,95,5.5,django + angularjs for a powerful web application web development intermediate level
859936,wordpress academy learn wordpress step by step,web development,beginner level,1873,360,150,7.5,wordpress academy learn wordpress step by step web development beginner level
532008,web development essential skills complete html and css,web development,all levels,1388,11,95,7.0,web development essential skills complete html and css web development all levels
783746,byte sized chunks closures in javascript,web development,all levels,1292,2,20,2.0,byte sized chunks closures in javascript web development all levels
595818,laravel account activation project,web development,all levels,1147,19,50,2.5,laravel account activation project web development all levels
774910,wordpress create an amazing website with ease,web development,all levels,1109,13,200,2.5,wordpress create an amazing website with ease web development all levels
447136,mastering the google chrome developer tools,web development,all levels,2002,41,20,0.6666666666666666,mastering the google chrome developer tools web development all levels
525034,kali linux web app testing,web development,all levels,876,48,75,3.0,kali linux web app testing web development all levels
769314,learn ruby programming the easy way lite,web development,all levels,1186,12,20,0.5666666666666667,learn ruby programming the easy way lite web development all levels
574082,web scraping with python ruby import. io,web development,all levels,973,50,75,4.5,web scraping with python ruby import. io web development all levels
770526,sending email with php from basic to advanced,web development,all levels,379,58,40,2.0,sending email with php from basic to advanced web development all levels
510784,wordpress 2016 for beginners build awesome websites,web development,all levels,2177,13,20,4.0,wordpress 2016 for beginners build awesome websites web development all levels
551702,learn to make websites with google s material design lite,web development,all levels,1063,72,20,5.5,learn to make websites with google s material design lite web development all levels
311638,joomla 3 develop a professional website in 3 simple steps,web development,all levels,1309,74,35,5.0,joomla 3 develop a professional website in 3 simple steps web development all levels
631128,complete python web course build 8 python web apps,web development,all levels,7489,941,110,16.0,complete python web course build 8 python web apps web development all levels
246154,web design for beginners real world coding in html css,web development,all levels,9103,1724,100,9.0,web design for beginners real world coding in html css web development all levels
967058,ethereum developer build a decentralised blockchain app,web development,all levels,3169,527,195,3.5,ethereum developer build a decentralised blockchain app web development all levels
548278,the complete web development course build 15 projects,web development,all levels,7501,1213,200,76.5,the complete web development course build 15 projects web development all levels
1004134,angular 2 + rails 5 bootcamp,web development,intermediate level,1967,372,150,9.0,angular 2 + rails 5 bootcamp web development intermediate level
1025026,javascript from beginner to pro build real world js apps,web development,beginner level,28694,688,195,11.5,javascript from beginner to pro build real world js apps web development beginner level
1251786,redux in angular 2 and 4+,web development,intermediate level,909,16,70,1.5,redux in angular 2 and 4+ web development intermediate level
687466,the complete javascript developer mean stack zero to hero,web development,all levels,4820,983,75,11.5,the complete javascript developer mean stack zero to hero web development all levels
369662,running a web development business the complete guide,web development,all levels,24575,525,150,19.5,running a web development business the complete guide web development all levels
318638,projects in javascript jquery,web development,all levels,9109,620,60,9.0,projects in javascript jquery web development all levels
231176,learn to build beautiful html5 and css3 websites in 1 month,web development,all levels,18818,407,50,11.0,learn to build beautiful html5 and css3 websites in 1 month web development all levels
1115348,full stack universal react with redux node js and mongodb,web development,intermediate level,1121,174,195,5.0,full stack universal react with redux node js and mongodb web development intermediate level
34882,creating an mp3 player with html5,web development,all levels,14551,169,20,1.5,creating an mp3 player with html5 web development all levels
537008,be a bootstrap developer from scratch,web development,beginner level,5800,185,100,3.5,be a bootstrap developer from scratch web development beginner level
806020,create your first wordpress site in under an hour,web development,beginner level,4867,128,20,1.0,create your first wordpress site in under an hour web development beginner level
1253650,learn coding as rf or telecom engineer build real program,web development,beginner level,1006,4,25,2.0,learn coding as rf or telecom engineer build real program web development beginner level
1023070,creating facebook design using bootstrap handson project,web development,all levels,4616,20,80,2.0,creating facebook design using bootstrap handson project web development all levels
778226,building html5 canvas projects from scratch,web development,beginner level,8968,35,100,2.0,building html5 canvas projects from scratch web development beginner level
1217948,learn how to become a web developer from scratch,web development,beginner level,7062,72,200,11.0,learn how to become a web developer from scratch web development beginner level
1027276,earn big profits with web development simple and easy,web development,beginner level,3073,27,90,1.5,earn big profits with web development simple and easy web development beginner level
531360,bdd with ruby on rails using rspec 3 and capybara,web development,all levels,2706,179,175,13.0,bdd with ruby on rails using rspec 3 and capybara web development all levels
958132,learn by example jquery,web development,all levels,1702,49,50,7.0,learn by example jquery web development all levels
368340,professional python web development using flask,web development,beginner level,3420,489,120,14.5,professional python web development using flask web development beginner level
584786,javascript html css project make a quiz tutorial,web development,all levels,7130,39,95,2.0,javascript html css project make a quiz tutorial web development all levels
584522,voiceover audio secrets your way to top audio quality,web development,beginner level,918,8,195,2.5,voiceover audio secrets your way to top audio quality web development beginner level
56259,jquery ui in depth,web development,all levels,1520,21,25,10.5,jquery ui in depth web development all levels
402508,codeless website development with adobe muse,web development,all levels,461,67,50,3.5,codeless website development with adobe muse web development all levels
1013380,learn to build a google map app using angular 2,web development,beginner level,116,12,30,1.0,learn to build a google map app using angular 2 web development beginner level
961996,learn reactivex from ground up,web development,intermediate level,207,32,40,5.0,learn reactivex from ground up web development intermediate level
551962,learn html in 59 minutes your intro to front end dev,web development,beginner level,333,15,35,1.0,learn html in 59 minutes your intro to front end dev web development beginner level
520870,wordpress theme customization 101 for beginners,web development,beginner level,305,40,40,2.0,wordpress theme customization 101 for beginners web development beginner level
592352,supercharging development with atom text editor,web development,all levels,644,42,20,1.5,supercharging development with atom text editor web development all levels
676554,master wcf 4.0 from scratch using c#,web development,all levels,415,67,50,7.0,master wcf 4.0 from scratch using c# web development all levels
19422,drupal 7 for beginners,web development,all levels,926,102,35,2.5,drupal 7 for beginners web development all levels
994362,critical web dev skills tools for the non tech hustler,web development,all levels,3118,8,0,1.5,critical web dev skills tools for the non tech hustler web development all levels
593128,install wordpress on computer using xampp,web development,beginner level,4290,150,0,0.6166666666666667,install wordpress on computer using xampp web development beginner level
1053406,java web services part 2,web development,intermediate level,959,51,20,3.0,java web services part 2 web development intermediate level
580466,complete php course with bootstrap3 cms system admin panel,web development,all levels,55332,1225,195,20.0,complete php course with bootstrap3 cms system admin panel web development all levels
857162,learn to create wordpress themes by building 10 projects,web development,all levels,2273,384,60,16.5,learn to create wordpress themes by building 10 projects web development all levels
1107524,the complete nodejs course build a full business rating app,web development,all levels,17784,260,195,12.5,the complete nodejs course build a full business rating app web development all levels
653846,master the mean stack learn by example,web development,intermediate level,25799,382,195,4.5,master the mean stack learn by example web development intermediate level
1090788,first web application with spring boot,web development,beginner level,2865,95,40,4.0,first web application with spring boot web development beginner level
1210652,html5 and css3 learn web design with html + css + bootstrap,web development,beginner level,346,28,200,8.5,html5 and css3 learn web design with html + css + bootstrap web development beginner level
306556,backbone tutorial learn backbonejs from scratch,web development,all levels,4957,634,90,5.5,backbone tutorial learn backbonejs from scratch web development all levels
420652,angularjs custom directives with dan wahlin,web development,all levels,4128,434,75,6.0,angularjs custom directives with dan wahlin web development all levels
866460,angular 2+ with typescript essential training,web development,beginner level,29348,780,195,3.0,angular 2+ with typescript essential training web development beginner level
949282,learn angular 2 from beginner to advanced,web development,beginner level,32696,526,195,10.0,learn angular 2 from beginner to advanced web development beginner level
994740,create an ecommerce wordpress website 2016 new divi theme,web development,beginner level,3503,123,30,4.0,create an ecommerce wordpress website 2016 new divi theme web development beginner level
926206,html5 and css3 landing pages for entrepreneurs 2016,web development,all levels,2354,16,195,4.0,html5 and css3 landing pages for entrepreneurs 2016 web development all levels
1075662,learning docker and kubernetes by lab,web development,all levels,586,54,30,5.0,learning docker and kubernetes by lab web development all levels
606756,projects in expressjs learn expressjs building 10 projects,web development,all levels,1949,149,50,15.5,projects in expressjs learn expressjs building 10 projects web development all levels
1013314,php for beginners learn php from scratch,web development,all levels,1825,17,100,3.5,php for beginners learn php from scratch web development all levels
859422,bootstrap 4.0 new features build responsive website,web development,all levels,2296,28,40,1.5,bootstrap 4.0 new features build responsive website web development all levels
1035923,asp.net mvc 5 project cms and shopping cart with paypal,web development,all levels,550,97,30,9.0,asp.net mvc 5 project cms and shopping cart with paypal web development all levels
1035940,professional restful api design using python flask,web development,intermediate level,578,25,120,4.5,professional restful api design using python flask web development intermediate level
30911,html5 apis for javascript a course for web developers,web development,all levels,7706,62,50,5.0,html5 apis for javascript a course for web developers web development all levels
1063722,learn python django a hands on course,web development,beginner level,1339,21,50,2.0,learn python django a hands on course web development beginner level
125806,comprehensive javascript programming,web development,all levels,6760,84,20,3.0,comprehensive javascript programming web development all levels
1101204,security for your wordpress site,web development,beginner level,1096,8,85,0.6333333333333333,security for your wordpress site web development beginner level
76052,try django 1.9 build a blog and learn python s #1 library,web development,all levels,7407,172,50,20.0,try django 1.9 build a blog and learn python s #1 library web development all levels
886614,accelerated es6 javascript training,web development,intermediate level,5811,850,110,6.0,accelerated es6 javascript training web development intermediate level
1241254,aws serverless apis apps a complete introduction,web development,all levels,2145,166,145,8.0,aws serverless apis apps a complete introduction web development all levels
822444,python and django full stack web developer bootcamp,web development,all levels,11832,1883,200,31.5,python and django full stack web developer bootcamp web development all levels
904462,the complete elixir and phoenix bootcamp,web development,all levels,5279,1375,50,14.5,the complete elixir and phoenix bootcamp web development all levels
1144726,build a real world app with asp.net core and angular 2 4+,web development,intermediate level,5332,828,190,10.5,build a real world app with asp.net core and angular 2 4+ web development intermediate level
970600,rest apis with flask and python,web development,intermediate level,5151,737,110,12.5,rest apis with flask and python web development intermediate level
756150,angular 4 formerly angular 2 the complete guide,web development,all levels,73783,19649,190,22.0,angular 4 formerly angular 2 the complete guide web development all levels
80940,build websites from scratch with html css,web development,beginner level,51257,1955,145,8.0,build websites from scratch with html css web development beginner level
405282,php for beginners become a php master project included,web development,all levels,28880,4316,200,30.5,php for beginners become a php master project included web development all levels
383204,the professional ruby on rails developer,web development,all levels,17334,676,100,17.0,the professional ruby on rails developer web development all levels
519442,the complete ruby on rails developer course,web development,all levels,33677,3809,195,31.5,the complete ruby on rails developer course web development all levels
714724,docker technologies for devops and developers,web development,all levels,19210,3137,30,3.0,docker technologies for devops and developers web development all levels
791414,javascript programming javascript for beginners,web development,beginner level,2215,223,55,5.0,javascript programming javascript for beginners web development beginner level
661774,json in action build json based applications,web development,all levels,1322,171,50,3.5,json in action build json based applications web development all levels
597256,learn ruby programming the easy way,web development,all levels,3485,22,35,2.0,learn ruby programming the easy way web development all levels
380582,learn oauth 2.0 get started as an api security expert,web development,all levels,2185,283,95,3.5,learn oauth 2.0 get started as an api security expert web development all levels
572268,angularjs for .net developers from scratch,web development,intermediate level,2494,303,50,4.5,angularjs for .net developers from scratch web development intermediate level
704582,jekyll make fast secure static sites and blogs with jekyll,web development,beginner level,2091,86,45,2.5,jekyll make fast secure static sites and blogs with jekyll web development beginner level
981600,html and css bootcamp for beginners,web development,beginner level,1777,35,30,6.5,html and css bootcamp for beginners web development beginner level
537282,hosting django amazon web services aws fundamentals,web development,all levels,2573,103,45,5.5,hosting django amazon web services aws fundamentals web development all levels
1204590,angular advanced masterclass free e book,web development,intermediate level,228,9,150,6.5,angular advanced masterclass free e book web development intermediate level
128946,learn responsive web development from scratch,web development,all levels,59639,2692,0,4.5,learn responsive web development from scratch web development all levels
895040,build wordpress plugin to extend beaver builder,web development,intermediate level,1705,26,50,2.0,build wordpress plugin to extend beaver builder web development intermediate level
955194,coding made easy a beginners guide to javascript,web development,beginner level,1950,33,40,1.0,coding made easy a beginners guide to javascript web development beginner level
1000574,the complete developers guide to mongodb,web development,all levels,10945,1286,150,13.5,the complete developers guide to mongodb web development all levels
1200530,electron for desktop apps the complete developer s guide,web development,beginner level,2606,241,50,8.0,electron for desktop apps the complete developer s guide web development beginner level
995016,vue js 2 the complete guide incl. vue router vuex,web development,all levels,17671,4675,190,18.0,vue js 2 the complete guide incl. vue router vuex web development all levels
1208638,react js angular vue js quickstart comparison,web development,beginner level,2273,288,160,8.0,react js angular vue js quickstart comparison web development beginner level
851712,the complete javascript course build a real world project,web development,all levels,27801,4340,195,17.5,the complete javascript course build a real world project web development all levels
833442,angular angular 2 or 4 nodejs the mean stack guide,web development,all levels,17297,3166,150,8.5,angular angular 2 or 4 nodejs the mean stack guide web development all levels
719002,angular 2 with typescript for beginners the pragmatic guide,web development,all levels,40070,8341,150,9.5,angular 2 with typescript for beginners the pragmatic guide web development all levels
832862,meteor and react for realtime apps,web development,all levels,6527,1384,140,9.0,meteor and react for realtime apps web development all levels
625204,the web developer bootcamp,web development,all levels,121584,27445,200,43.0,the web developer bootcamp web development all levels
164554,angularjs jumpstart with dan wahlin,web development,all levels,17802,2144,75,10.0,angularjs jumpstart with dan wahlin web development all levels
764164,the complete web developer course 2.0,web development,all levels,114512,22412,200,30.5,the complete web developer course 2.0 web development all levels
446134,ultimate web designer developer course build 23 projects,web development,all levels,33788,4434,200,32.5,ultimate web designer developer course build 23 projects web development all levels
701634,expressjs fundamentals,web development,beginner level,21245,914,0,1.0,expressjs fundamentals web development beginner level
866696,rest wcf service in asp.net,web development,all levels,7905,561,0,0.6833333333333333,rest wcf service in asp.net web development all levels
720356,projects in node.js learn by example,web development,all levels,869,99,195,5.0,projects in node.js learn by example web development all levels
1107986,building data visualizations with d3 and angular 2,web development,beginner level,293,30,125,3.5,building data visualizations with d3 and angular 2 web development beginner level
772618,learn object oriented php by building a complete website,web development,all levels,36322,2618,0,4.5,learn object oriented php by building a complete website web development all levels
542254,web programming course asp.net mvc,web development,all levels,2760,76,100,3.5,web programming course asp.net mvc web development all levels
928040,learn spring framework practically hands on recipies,web development,all levels,522,50,145,5.5,learn spring framework practically hands on recipies web development all levels
369132,one stop ruby on rails build web applications from scratch,web development,all levels,1628,162,145,18.5,one stop ruby on rails build web applications from scratch web development all levels
777654,learn what s new in php 7,web development,intermediate level,12336,271,0,3.5,learn what s new in php 7 web development intermediate level
1161118,dive into docker the docker course for developers,web development,beginner level,6437,313,0,1.5,dive into docker the docker course for developers web development beginner level
267286,basic concepts of web development http and java servlets,web development,beginner level,2797,59,35,1.0,basic concepts of web development http and java servlets web development beginner level
1093608,the most comprehensive web development course,web development,all levels,333,22,200,42.0,the most comprehensive web development course web development all levels
289230,learn and understand angularjs,web development,all levels,59361,11580,175,7.0,learn and understand angularjs web development all levels
364426,javascript understanding the weird parts,web development,all levels,79612,16976,175,11.5,javascript understanding the weird parts web development all levels
1039062,webpack 2 the complete developer s guide,web development,all levels,8964,1893,75,5.5,webpack 2 the complete developer s guide web development all levels
437398,build responsive real world websites with html5 and css3,web development,all levels,43977,7106,195,12.0,build responsive real world websites with html5 and css3 web development all levels
861624,es6 javascript the complete developer s guide,web development,beginner level,13010,2709,80,6.5,es6 javascript the complete developer s guide web development beginner level
461160,learn and understand nodejs,web development,all levels,58208,11123,195,13.0,learn and understand nodejs web development all levels
947098,understanding typescript,web development,all levels,9132,1560,110,7.0,understanding typescript web development all levels
781532,advanced react and redux,web development,intermediate level,21998,3326,140,12.0,advanced react and redux web development intermediate level
705264,modern react with redux,web development,all levels,50815,15117,180,26.5,modern react with redux web development all levels
1145430,angular styling animations for angular 2 and angular 4,web development,intermediate level,4138,307,120,6.0,angular styling animations for angular 2 and angular 4 web development intermediate level
806922,the complete asp.net mvc 5 course,web development,all levels,20652,6357,190,7.5,the complete asp.net mvc 5 course web development all levels
1109926,graphql with react the complete developers guide,web development,intermediate level,6412,987,150,13.0,graphql with react the complete developers guide web development intermediate level
1134456,create a simple photo gallery with dropzonejs slick and php,web development,all levels,2464,17,0,0.7333333333333333,create a simple photo gallery with dropzonejs slick and php web development all levels
552598,wordpress in under an hour create manage your own website,web development,all levels,6474,86,0,1.0,wordpress in under an hour create manage your own website web development all levels
56585,twitter bootstrap 2 for beginners,web development,beginner level,2388,139,20,1.0,twitter bootstrap 2 for beginners web development beginner level
674040,bootstrap tutorial essentials from basic to advanced,web development,all levels,1494,23,195,7.5,bootstrap tutorial essentials from basic to advanced web development all levels
19260,create an engaging website with twitter bootstrap 2.x,web development,all levels,1463,56,20,1.0,create an engaging website with twitter bootstrap 2.x web development all levels
944156,javascript basics for beginners,web development,beginner level,1057,22,30,0.6166666666666667,javascript basics for beginners web development beginner level
742712,css tutorial for beginners style your wordpress templates,web development,beginner level,1049,22,35,3.5,css tutorial for beginners style your wordpress templates web development beginner level
1193538,html5 and css3 build modern responsive websites,web development,all levels,109,17,175,9.5,html5 and css3 build modern responsive websites web development all levels
228934,psd to html5 css3 using twitter bootstrap 3,web development,all levels,2073,24,95,2.0,psd to html5 css3 using twitter bootstrap 3 web development all levels
65355,web development make a website that will sell for thousands,web development,all levels,1116,62,50,7.5,web development make a website that will sell for thousands web development all levels
814848,wordpress basics to business share and sell your expertise,web development,beginner level,1125,10,50,3.5,wordpress basics to business share and sell your expertise web development beginner level
1021594,php zend framework 2 creating a crud application,web development,all levels,802,6,40,0.6333333333333333,php zend framework 2 creating a crud application web development all levels
548068,javascript fundamentals,web development,all levels,4409,71,0,5.0,javascript fundamentals web development all levels
738552,building a website with jekyll,web development,all levels,686,19,20,3.0,building a website with jekyll web development all levels
128384,big data and apache hadoop for developers fundamentals,web development,intermediate level,1154,89,30,3.0,big data and apache hadoop for developers fundamentals web development intermediate level
610202,wordpress development create a custom wordpress website,web development,all levels,885,3,120,1.5,wordpress development create a custom wordpress website web development all levels
856968,how to make a wordpress website 2017,web development,beginner level,2437,137,0,0.5666666666666667,how to make a wordpress website 2017 web development beginner level
352774,restful services with asp.net web api,web development,all levels,716,59,85,2.0,restful services with asp.net web api web development all levels
130694,web hosting fundamentals,web development,all levels,1867,19,20,0.6166666666666667,web hosting fundamentals web development all levels
1179104,learning path react make stunning react websites,web development,expert level,91,5,200,6.5,learning path react make stunning react websites web development expert level
425084,administering microsoft sql server 2012 databases 70 462,web development,all levels,586,65,60,5.5,administering microsoft sql server 2012 databases 70 462 web development all levels
1016650,php codeigniter crud concepts in mvc,web development,all levels,601,4,40,0.5833333333333334,php codeigniter crud concepts in mvc web development all levels
1152012,adobe experience manager cms basics,web development,beginner level,81,14,35,1.0,adobe experience manager cms basics web development beginner level
673196,introduction to frontend web development for beginners,web development,beginner level,1018,28,145,4.5,introduction to frontend web development for beginners web development beginner level
519952,php complete login and registration system with php mysql,web development,all levels,1448,173,200,7.5,php complete login and registration system with php mysql web development all levels
846156,javascript complete guide to learning javascript,web development,beginner level,1296,22,200,5.5,javascript complete guide to learning javascript web development beginner level
599504,advanced scalable python web development using flask,web development,intermediate level,1299,56,120,14.0,advanced scalable python web development using flask web development intermediate level
710486,jquery for absolute beginners lite,web development,all levels,1769,49,20,0.5833333333333334,jquery for absolute beginners lite web development all levels
766592,html complete course beginner to expert,web development,all levels,20073,615,0,1.5,html complete course beginner to expert web development all levels
859446,cross platform development with asp.net core 1.0 mvc,web development,all levels,601,126,35,5.5,cross platform development with asp.net core 1.0 mvc web development all levels
450068,build a photo blog with ruby on rails,web development,intermediate level,2281,32,20,1.5,build a photo blog with ruby on rails web development intermediate level
130064,practical php master the basics and code dynamic websites,web development,all levels,83737,4598,0,6.5,practical php master the basics and code dynamic websites web development all levels
382786,sass workflow,web development,beginner level,20890,945,0,3.0,sass workflow web development beginner level
94432,learn php fundamentals from scratch,web development,beginner level,48650,1236,0,2.0,learn php fundamentals from scratch web development beginner level
688872,xml for absolute beginners learn to create your own tags,web development,beginner level,1945,58,75,1.0,xml for absolute beginners learn to create your own tags web development beginner level
297390,joomla create a joomla website this weekend with no coding,web development,beginner level,18496,386,0,2.0,joomla create a joomla website this weekend with no coding web development beginner level
495678,javascript for beginners a complete guide,web development,all levels,1193,87,100,10.5,javascript for beginners a complete guide web development all levels
988982,laravel deployment launch your laravel application online,web development,intermediate level,4905,101,0,1.0,laravel deployment launch your laravel application online web development intermediate level
722754,wordpress development crash course from zero to hero,web development,all levels,1699,8,60,2.0,wordpress development crash course from zero to hero web development all levels
563668,learn how to create a wordpress theme using pinegrow,web development,intermediate level,11812,152,0,2.0,learn how to create a wordpress theme using pinegrow web development intermediate level
661878,learn to build web apps using laravel framework,web development,all levels,746,93,30,6.5,learn to build web apps using laravel framework web development all levels
1160196,flexbox the complete guide,web development,all levels,189,7,35,1.0,flexbox the complete guide web development all levels
335280,how to safely copy and move your wordpress website,web development,intermediate level,1419,38,60,1.5,how to safely copy and move your wordpress website web development intermediate level
957362,angularjs basics for beginners,web development,all levels,1237,16,45,1.0,angularjs basics for beginners web development all levels
688874,json for beginners a very basic introduction,web development,beginner level,1703,27,65,1.0,json for beginners a very basic introduction web development beginner level
343816,learn sass and improve your css,web development,all levels,1849,29,55,3.0,learn sass and improve your css web development all levels
1127988,angular tutorial for beginners,web development,beginner level,5397,112,0,2.5,angular tutorial for beginners web development beginner level
1079624,html and css for absolute beginners,web development,all levels,4410,52,0,3.0,html and css for absolute beginners web development all levels
746790,javascript jquery and ajax,web development,all levels,1554,30,20,4.0,javascript jquery and ajax web development all levels
1106646,laravel blog development starter,web development,all levels,4499,138,0,2.0,laravel blog development starter web development all levels
647564,react learn reactjs fundamentals for front end developers,web development,all levels,1993,55,55,4.0,react learn reactjs fundamentals for front end developers web development all levels
963378,javascript for absolute beginners level two,web development,intermediate level,424,85,30,1.0,javascript for absolute beginners level two web development intermediate level
1239022,how to create a real estate website with wordpress 2017,web development,beginner level,3782,32,0,1.5,how to create a real estate website with wordpress 2017 web development beginner level
650222,the complete html5 and css3 course with 8 websites design,web development,all levels,1551,42,30,7.5,the complete html5 and css3 course with 8 websites design web development all levels
565384,introduction to modern programming with php,web development,beginner level,954,183,20,16.0,introduction to modern programming with php web development beginner level
784544,html introduction course learn html in 2 hours,web development,all levels,7304,368,0,2.0,html introduction course learn html in 2 hours web development all levels
340844,learn html css how to start your web development career,web development,beginner level,15462,689,0,4.5,learn html css how to start your web development career web development beginner level
1227322,react vs angular vs vue.js by example,web development,beginner level,6958,132,0,3.5,react vs angular vs vue.js by example web development beginner level
792703,create wordpress plugins,web development,all levels,964,19,50,2.5,create wordpress plugins web development all levels
1246622,build and deploy a lamp server on aws,web development,beginner level,3571,18,0,1.0,build and deploy a lamp server on aws web development beginner level
679158,build your own beautiful blog in wordpress + seo,web development,all levels,2421,6,200,3.0,build your own beautiful blog in wordpress + seo web development all levels
808622,angularjs authentication secure your app with auth0,web development,all levels,21689,1080,0,1.0,angularjs authentication secure your app with auth0 web development all levels
1248974,learn bootstrap 4 by example,web development,all levels,5542,54,0,1.0,learn bootstrap 4 by example web development all levels
1090870,complete woocommerce plugin tutorial for wordpress 2017,web development,beginner level,7922,183,0,1.5,complete woocommerce plugin tutorial for wordpress 2017 web development beginner level
1041426,how to build and make a wordpress website from scratch 2017,web development,all levels,7055,166,0,2.0,how to build and make a wordpress website from scratch 2017 web development all levels
909244,docker for developers newest version 1.12 with swarm mode,web development,beginner level,767,104,95,5.5,docker for developers newest version 1.12 with swarm mode web development beginner level
1102962,angular material quickstart,web development,beginner level,3766,135,0,0.7,angular material quickstart web development beginner level
405926,html and css for beginners build a website launch online,web development,all levels,70773,5660,0,6.0,html and css for beginners build a website launch online web development all levels
186096,core a web app reference guide for django python and more,web development,all levels,2497,98,195,26.0,core a web app reference guide for django python and more web development all levels
832478,json with java apis jquery and json rest web services,web development,beginner level,799,87,95,6.0,json with java apis jquery and json rest web services web development beginner level
708578,bootstrap 4 quick start code modern responsive websites,web development,all levels,41478,2104,0,3.0,bootstrap 4 quick start code modern responsive websites web development all levels
667992,learn symfony 3 framework by practical examples,web development,all levels,867,177,125,4.0,learn symfony 3 framework by practical examples web development all levels
1050632,complete web development with html css and javascript,web development,intermediate level,2097,16,0,2.0,complete web development with html css and javascript web development intermediate level
380178,web hosting introduction how to publish your website online,web development,beginner level,5533,137,0,1.0,web hosting introduction how to publish your website online web development beginner level
924216,django for beginners,web development,beginner level,534,16,175,4.0,django for beginners web development beginner level
1038538,introduction to qgis python programming,web development,beginner level,197,26,85,3.5,introduction to qgis python programming web development beginner level
421018,learning object oriented javascript,web development,intermediate level,533,54,75,3.0,learning object oriented javascript web development intermediate level
768612,bootstrap tutorial for beginners,web development,beginner level,1036,27,20,2.0,bootstrap tutorial for beginners web development beginner level
764076,learn bootstrap3 with multi purposes single page layout,web development,all levels,4503,146,0,21.0,learn bootstrap3 with multi purposes single page layout web development all levels
59535,html for beginners,web development,beginner level,8592,336,0,2.5,html for beginners web development beginner level
1063430,how to build wordpress themes a web designer s guide,web development,intermediate level,183,30,165,5.5,how to build wordpress themes a web designer s guide web development intermediate level
967424,xml dtd basics for beginners,web development,all levels,903,3,35,0.55,xml dtd basics for beginners web development all levels
520302,learn to make an html 5 website with a video background,web development,all levels,1236,18,80,0.5,learn to make an html 5 website with a video background web development all levels
774648,learn authentication with asp.net identity security 2017,web development,all levels,305,45,50,2.0,learn authentication with asp.net identity security 2017 web development all levels
1116366,html and css foundations,web development,beginner level,1544,15,0,1.0,html and css foundations web development beginner level
523312,python web programming,web development,beginner level,1020,46,100,6.0,python web programming web development beginner level
884988,build a complete registration and login system using php mvc,web development,all levels,325,50,80,5.0,build a complete registration and login system using php mvc web development all levels
1211366,es6 ecmascript 6 for beginners an introduction,web development,intermediate level,3227,19,0,2.0,es6 ecmascript 6 for beginners an introduction web development intermediate level
904890,react for visual learners,web development,all levels,659,64,20,3.5,react for visual learners web development all levels
255878,learn to create advance responsive websites with bootstrap,web development,all levels,2528,15,20,2.0,learn to create advance responsive websites with bootstrap web development all levels
1052518,master the art of web design with html css,web development,all levels,550,15,145,3.0,master the art of web design with html css web development all levels
824412,sell courses on your own website no coding required,web development,all levels,1032,9,100,1.0,sell courses on your own website no coding required web development all levels
425086,implementing a data warehouse with sql server 2012,web development,all levels,1142,148,85,5.0,implementing a data warehouse with sql server 2012 web development all levels
420982,learning 200 jquery functions with 800 examples,web development,all levels,1766,38,195,18.5,learning 200 jquery functions with 800 examples web development all levels
552594,create complete web applications easily with apex 5,web development,intermediate level,912,128,30,7.0,create complete web applications easily with apex 5 web development intermediate level
477250,learn gulp the streaming build system,web development,all levels,1305,38,25,1.5,learn gulp the streaming build system web development all levels
1075570,perfect react js course understand relevant details,web development,beginner level,653,20,200,1.0,perfect react js course understand relevant details web development beginner level
92194,create a classified website in 2 hours guaranteed,web development,all levels,3411,84,50,1.0,create a classified website in 2 hours guaranteed web development all levels
699618,learn html and css from scratch,web development,beginner level,11533,240,0,2.0,learn html and css from scratch web development beginner level
467426,become a certified web developer beginner to expert,web development,all levels,3397,12,200,8.0,become a certified web developer beginner to expert web development all levels
1166070,complete bootstrap 4 course build 3 projects,web development,all levels,7865,241,0,5.0,complete bootstrap 4 course build 3 projects web development all levels
1005610,up and running with phalcon,web development,all levels,715,12,20,1.5,up and running with phalcon web development all levels
922750,html html awesomeness,web development,beginner level,988,23,25,0.6333333333333333,html html awesomeness web development beginner level
1201054,build crud application php mysql,web development,beginner level,4405,71,0,1.5,build crud application php mysql web development beginner level
177912,all you need to know about angularjs training on angularjs,web development,all levels,1936,88,50,5.0,all you need to know about angularjs training on angularjs web development all levels
596192,psd to a creative landing page using twitter bootstrap 3,web development,beginner level,11666,546,0,4.0,psd to a creative landing page using twitter bootstrap 3 web development beginner level
1031780,ready for production with spring boot actuator,web development,intermediate level,361,26,55,2.5,ready for production with spring boot actuator web development intermediate level
511934,angularjs for beginners,web development,all levels,30531,1948,0,3.0,angularjs for beginners web development all levels
1194232,learning path akka building applications and microservices,web development,intermediate level,88,8,200,4.5,learning path akka building applications and microservices web development intermediate level
1131732,set up a localhost web server for faster website development,web development,all levels,55,13,30,1.5,set up a localhost web server for faster website development web development all levels
693726,mastering meteor reactive full stack javascript,web development,expert level,494,46,95,3.0,mastering meteor reactive full stack javascript web development expert level
365426,build a professional wordpress website in an hour,web development,all levels,1294,11,20,1.0,build a professional wordpress website in an hour web development all levels
260444,build a file hosting sharing site in less than 2 hours,web development,all levels,976,29,20,1.5,build a file hosting sharing site in less than 2 hours web development all levels
12975,introduction to java programming for online learners,web development,beginner level,1586,87,200,22.0,introduction to java programming for online learners web development beginner level
499904,create full featured landing page in ruby on rails in 3 hour,web development,all levels,1550,15,30,3.0,create full featured landing page in ruby on rails in 3 hour web development all levels
733694,how to create a video blog with wordpress,web development,all levels,1209,8,25,4.5,how to create a video blog with wordpress web development all levels
818958,php for wordpress development,web development,beginner level,850,12,35,1.0,php for wordpress development web development beginner level
374590,create a professional website without programming coding,web development,all levels,5421,93,0,1.5,create a professional website without programming coding web development all levels
982328,how to build an autocomplete system like google,web development,all levels,255,5,30,1.0,how to build an autocomplete system like google web development all levels
511942,master emberjs learn ember js from scratch,web development,all levels,707,59,120,6.5,master emberjs learn ember js from scratch web development all levels
1024888,how to make a modern wordpress blog 2017 create your blog,web development,beginner level,6856,137,0,2.0,how to make a modern wordpress blog 2017 create your blog web development beginner level
740762,learn top ten php frameworks by building projects,web development,all levels,1007,96,60,17.5,learn top ten php frameworks by building projects web development all levels
646056,how to make a video blog website from scratch w wordpress,web development,all levels,12952,163,0,1.0,how to make a video blog website from scratch w wordpress web development all levels
545524,build websites and apps by outsourcing,web development,all levels,2299,11,20,2.0,build websites and apps by outsourcing web development all levels
1270222,learning path web applications with spring and angular,web development,expert level,19,2,200,4.0,learning path web applications with spring and angular web development expert level
340362,learn ruby on rails by building projects,web development,all levels,1736,79,60,13.0,learn ruby on rails by building projects web development all levels
782194,canvas image creator html5 javascript project from scratch,web development,intermediate level,2195,10,100,3.5,canvas image creator html5 javascript project from scratch web development intermediate level
707962,javascript essentials,web development,beginner level,47062,5590,0,8.5,javascript essentials web development beginner level
1178394,devtools 2017 the basics of chrome developer tools,web development,beginner level,4569,108,0,1.0,devtools 2017 the basics of chrome developer tools web development beginner level
1084894,chrome extensions develop 5 chrome extensions from scratch,web development,beginner level,3655,85,0,2.0,chrome extensions develop 5 chrome extensions from scratch web development beginner level
364616,learn how to quickly build websites using wordpress,web development,all levels,15715,406,0,3.5,learn how to quickly build websites using wordpress web development all levels
990532,advance unix file processing awk sed grep cut vim,web development,expert level,578,40,75,5.5,advance unix file processing awk sed grep cut vim web development expert level
933110,develop a professional onepage wordpress site with no coding,web development,beginner level,1747,13,20,1.5,develop a professional onepage wordpress site with no coding web development beginner level
1158836,php specialist 2017 edition,web development,beginner level,197,11,100,3.5,php specialist 2017 edition web development beginner level
70640,python programming create an digital marketplace in django,web development,all levels,4198,145,195,26.0,python programming create an digital marketplace in django web development all levels
1176460,create ajax chat app with php mysql,web development,beginner level,540,11,45,1.0,create ajax chat app with php mysql web development beginner level
736250,mastering thymeleaf with spring,web development,all levels,942,161,75,4.5,mastering thymeleaf with spring web development all levels
617886,learn rails programming in less than 2 hours,web development,all levels,2470,24,35,2.5,learn rails programming in less than 2 hours web development all levels
934570,wordpress backup restore,web development,all levels,478,37,95,1.5,wordpress backup restore web development all levels
760306,learn javascript dynamic interactive projects for beginners,web development,beginner level,2558,12,100,3.0,learn javascript dynamic interactive projects for beginners web development beginner level
780058,build modern websites super fast,web development,all levels,2178,22,25,1.5,build modern websites super fast web development all levels
828042,sap learn sapui5 professional development,web development,all levels,860,201,195,7.0,sap learn sapui5 professional development web development all levels
473338,wordpress security,web development,all levels,2888,26,95,2.5,wordpress security web development all levels
14571,learn html5 at your own pace. ideal for beginners,web development,all levels,3026,60,50,7.0,learn html5 at your own pace. ideal for beginners web development all levels
713098,build an amazon clone nodejs + mongodb + stripe payment,web development,all levels,2164,290,20,8.5,build an amazon clone nodejs + mongodb + stripe payment web development all levels
701570,build real world websites from scratch using html5 and css3,web development,beginner level,10874,114,195,7.5,build real world websites from scratch using html5 and css3 web development beginner level
1198704,how to become an app developer,web development,beginner level,1935,17,200,1.0,how to become an app developer web development beginner level
807874,modern javascript building real world real time apps,web development,intermediate level,1871,154,50,13.5,modern javascript building real world real time apps web development intermediate level
607056,javascript introduction to object oriented javascript,web development,beginner level,7789,59,90,1.5,javascript introduction to object oriented javascript web development beginner level
587902,core html how to get online quickly html to html5,web development,beginner level,10394,33,90,3.5,core html how to get online quickly html to html5 web development beginner level
963412,building websites javascript and the dom,web development,beginner level,17759,64,120,3.0,building websites javascript and the dom web development beginner level
552198,complete login and registration system in php and mysql,web development,all levels,4714,149,200,4.0,complete login and registration system in php and mysql web development all levels
916902,the complete e commerce web developer course 5.0,web development,all levels,3209,58,195,12.5,the complete e commerce web developer course 5.0 web development all levels
778112,html5 canvas bootcamp for beginners 25 easy steps,web development,beginner level,14118,30,120,2.0,html5 canvas bootcamp for beginners 25 easy steps web development beginner level
26845,advanced html5 tutorial for web developers,web development,all levels,11847,57,50,7.5,advanced html5 tutorial for web developers web development all levels
460056,learn the basics of programming for marketers,web development,beginner level,11339,43,55,3.5,learn the basics of programming for marketers web development beginner level
641732,css for beginners,web development,beginner level,1156,13,85,2.5,css for beginners web development beginner level
417914,grunt js automate web development tasks and save your time,web development,all levels,1534,33,55,1.5,grunt js automate web development tasks and save your time web development all levels
707682,mastering web and mobile debugging using chrome dev tools,web development,all levels,1102,12,195,2.0,mastering web and mobile debugging using chrome dev tools web development all levels
913966,html beginner guide to html writing,web development,beginner level,783,20,20,0.6166666666666667,html beginner guide to html writing web development beginner level
684794,build web apps using emberjs the complete course,web development,all levels,627,126,40,4.5,build web apps using emberjs the complete course web development all levels
326326,sharepoint 2013 development using c# part i,web development,all levels,891,101,50,8.5,sharepoint 2013 development using c# part i web development all levels
436496,sap crystal reports with asp.net step by step,web development,beginner level,7484,304,0,1.0,sap crystal reports with asp.net step by step web development beginner level
525114,building responsive data visualizations with d3 js,web development,all levels,876,59,85,2.0,building responsive data visualizations with d3 js web development all levels
709460,learn rails programming in less than 30 minute lite,web development,all levels,1235,25,20,0.6333333333333333,learn rails programming in less than 30 minute lite web development all levels
413618,sass beginner crash course,web development,beginner level,1143,34,25,1.0,sass beginner crash course web development beginner level
821788,angular 2 fundamentals for web developers,web development,all levels,450,61,40,6.0,angular 2 fundamentals for web developers web development all levels
392836,easily learn web development with drop drag optimizepress,web development,beginner level,1442,9,20,2.0,easily learn web development with drop drag optimizepress web development beginner level
1115126,xml xslt crash course for beginners,web development,all levels,426,4,45,1.0,xml xslt crash course for beginners web development all levels
348920,create your own successful online school to sell courses,web development,beginner level,2814,14,95,2.0,create your own successful online school to sell courses web development beginner level
1114060,flask tutorial step by step,web development,intermediate level,4645,171,0,2.0,flask tutorial step by step web development intermediate level
778084,ruby on rails a beginners guide,web development,beginner level,13130,346,0,6.5,ruby on rails a beginners guide web development beginner level
1176686,mastering basic css selectors.,web development,beginner level,3933,23,0,3.0,mastering basic css selectors. web development beginner level
744618,create a website similar to facebook from scratch,web development,all levels,2197,9,25,1.5,create a website similar to facebook from scratch web development all levels
473622,comprehensive typescript,web development,all levels,1318,78,125,4.5,comprehensive typescript web development all levels
470412,essential html css html5 training,web development,beginner level,1553,35,50,5.5,essential html css html5 training web development beginner level
758208,html 5 and css 3 tricks and workarounds,web development,all levels,2007,10,80,5.5,html 5 and css 3 tricks and workarounds web development all levels
505780,how to register a domain set up hosting and edit web pages,web development,beginner level,1540,19,45,3.0,how to register a domain set up hosting and edit web pages web development beginner level
568524,wordpress plugins treasure chest,web development,intermediate level,1655,10,25,3.0,wordpress plugins treasure chest web development intermediate level
890810,practical understanding of php and mysql,web development,beginner level,12201,217,0,5.5,practical understanding of php and mysql web development beginner level
332252,angularjs for beginners single page applications made easy,web development,all levels,1284,46,200,1.5,angularjs for beginners single page applications made easy web development all levels
431576,building a social network in php mysql from scratch,web development,all levels,869,125,50,14.0,building a social network in php mysql from scratch web development all levels
1115128,xml dom crash course for beginners,web development,all levels,396,6,45,0.5666666666666667,xml dom crash course for beginners web development all levels
716310,create a powerful website with the cool bootstrap framework,web development,all levels,7142,41,0,4.0,create a powerful website with the cool bootstrap framework web development all levels
467186,html5 and css3 start building beautiful websites,web development,all levels,1414,14,150,2.5,html5 and css3 start building beautiful websites web development all levels
212376,getting started as a web developer,web development,beginner level,9833,241,0,1.0,getting started as a web developer web development beginner level
496006,learn laravel create your web app step by step,web development,all levels,604,47,45,4.0,learn laravel create your web app step by step web development all levels
756050,professional web scraping with java,web development,intermediate level,685,37,50,1.0,professional web scraping with java web development intermediate level
592594,3d programming with webgl and babylon.js for beginners,web development,intermediate level,549,49,200,2.0,3d programming with webgl and babylon.js for beginners web development intermediate level
520308,learn to make a colorful one page website,web development,all levels,1220,16,200,0.5666666666666667,learn to make a colorful one page website web development all levels
494510,wordpress plugin tutorial,web development,beginner level,1588,8,40,0.5666666666666667,wordpress plugin tutorial web development beginner level
212624,introduction to html,web development,beginner level,8371,212,0,1.5,introduction to html web development beginner level
1259422,learn javascript from scratch become top rated web developer,web development,all levels,2570,17,65,5.0,learn javascript from scratch become top rated web developer web development all levels
326244,installing wordpress 4 installation registrars hosting,web development,beginner level,6117,188,45,2.5,installing wordpress 4 installation registrars hosting web development beginner level
573716,learn php programming for absolute beginners,web development,all levels,5368,78,35,2.0,learn php programming for absolute beginners web development all levels
1172166,wordpress for beginners 2017 + google adsense implementation,web development,all levels,2225,14,195,6.5,wordpress for beginners 2017 + google adsense implementation web development all levels
1021834,javascript for beginners in 1 hour,web development,beginner level,2086,56,95,1.0,javascript for beginners in 1 hour web development beginner level
1210098,html5 and css for beginner to expert,web development,all levels,1732,15,20,4.5,html5 and css for beginner to expert web development all levels
288466,become a kick ass web developer from newbie to pro,web development,all levels,6751,44,200,48.5,become a kick ass web developer from newbie to pro web development all levels
581256,django tutorial build your first app fast free,web development,beginner level,5228,180,20,2.5,django tutorial build your first app fast free web development beginner level
1189508,create a social network using php mysqli html css and jquery,web development,intermediate level,1477,17,40,6.0,create a social network using php mysqli html css and jquery web development intermediate level
863976,php send and receive mobile text messages sms,web development,all levels,1626,81,50,1.5,php send and receive mobile text messages sms web development all levels
681514,complete php course with oop start to finish,web development,all levels,4529,54,200,2.0,complete php course with oop start to finish web development all levels
864482,coding made easy html css for beginners,web development,beginner level,3254,92,40,1.5,coding made easy html css for beginners web development beginner level
339086,wordpress security the ultimate security guide,web development,all levels,2267,17,60,1.5,wordpress security the ultimate security guide web development all levels
639654,how to make a single page website for freelancers agencies,web development,all levels,17463,283,0,1.5,how to make a single page website for freelancers agencies web development all levels
60792,learn to use jquery ui widgets,web development,beginner level,23669,521,0,1.0,learn to use jquery ui widgets web development beginner level
1054814,learn to create responsive layouts in 30 minutes,web development,beginner level,5301,174,0,0.5,learn to create responsive layouts in 30 minutes web development beginner level
948204,web building starter pack. html css and jquery animations,web development,all levels,1033,16,30,7.5,web building starter pack. html css and jquery animations web development all levels
1191946,getting started with angular 2+,web development,beginner level,6909,401,0,2.0,getting started with angular 2+ web development beginner level
82412,intro to php web application development with symfony,web development,beginner level,4040,72,200,1.5,intro to php web application development with symfony web development beginner level
986742,learn oauth 2.0 theory and hands on,web development,all levels,546,69,145,3.0,learn oauth 2.0 theory and hands on web development all levels
18448,learning css3 a comprehensive tutorial for web developers,web development,all levels,2459,107,50,8.0,learning css3 a comprehensive tutorial for web developers web development all levels
552258,professional wordpress theme development from scratch,web development,all levels,1284,173,200,25.5,professional wordpress theme development from scratch web development all levels
1020722,php zend framework 1.11 creating a crud application,web development,all levels,1122,5,40,0.5833333333333334,php zend framework 1.11 creating a crud application web development all levels
752706,write quicker html5 and css 3 productivity hacks with emmet,web development,all levels,13016,286,0,1.5,write quicker html5 and css 3 productivity hacks with emmet web development all levels
633606,the ultimate jquery course,web development,all levels,1098,15,20,2.5,the ultimate jquery course web development all levels
461176,build an advanced single page with bootstrap wordpress,web development,intermediate level,481,75,95,6.0,build an advanced single page with bootstrap wordpress web development intermediate level
1030774,master all php ideas 2017 to build any project,web development,beginner level,376,19,50,3.0,master all php ideas 2017 to build any project web development beginner level
221920,a beginner s guide to the meteor javascript framework,web development,beginner level,898,132,50,2.0,a beginner s guide to the meteor javascript framework web development beginner level
372442,create an e commerce website without any coding,web development,all levels,1393,40,20,0.5166666666666666,create an e commerce website without any coding web development all levels
851560,learn to build apps using play framework,web development,all levels,434,69,40,5.5,learn to build apps using play framework web development all levels
755932,introducing ionic 2,web development,beginner level,394,78,50,1.5,introducing ionic 2 web development beginner level
1031620,learn laravel with database migration seeding faker,web development,all levels,263,14,20,1.0,learn laravel with database migration seeding faker web development all levels
416738,create a client network by hosting wordpress sites,web development,intermediate level,1061,8,35,1.0,create a client network by hosting wordpress sites web development intermediate level
576108,introduction to php slim microframework,web development,intermediate level,1312,19,20,1.0,introduction to php slim microframework web development intermediate level
971022,asp basics for beginners,web development,all levels,764,7,35,1.0,asp basics for beginners web development all levels
966794,wordpress development with nodejs gulp composer more,web development,intermediate level,289,30,25,4.0,wordpress development with nodejs gulp composer more web development intermediate level
1200874,become php facebook developer password less authentication,web development,all levels,4001,8,195,4.0,become php facebook developer password less authentication web development all levels
780056,how to create your very first website with html and css,web development,beginner level,5097,196,100,2.0,how to create your very first website with html and css web development beginner level
1274210,learn json for beginners with javascript,web development,beginner level,3193,10,200,1.5,learn json for beginners with javascript web development beginner level
615106,ultimate guide to social media web development integration,web development,all levels,11011,13,200,2.5,ultimate guide to social media web development integration web development all levels
1023196,a complete laravel basics from beginner to expert,web development,all levels,3492,61,25,1.5,a complete laravel basics from beginner to expert web development all levels
1249968,jquery basics learn jquery from scratch,web development,beginner level,3559,24,100,1.0,jquery basics learn jquery from scratch web development beginner level
565000,learn meteorjs by building 10 real world projects,web development,all levels,2784,221,50,15.0,learn meteorjs by building 10 real world projects web development all levels
760752,javascript basics for beginners introduction to coding,web development,beginner level,5495,52,150,1.5,javascript basics for beginners introduction to coding web development beginner level
419318,angularjs masterclass deep dive understand angularjs,web development,all levels,2912,309,100,6.0,angularjs masterclass deep dive understand angularjs web development all levels
482834,html5 for beginners,web development,beginner level,9687,59,195,5.0,html5 for beginners web development beginner level
1090194,all in one html css and jquery,web development,all levels,3444,35,20,3.0,all in one html css and jquery web development all levels
561136,responsive design with new materialize,web development,all levels,12629,88,75,1.5,responsive design with new materialize web development all levels
41356,create a responsive business website with wordpress,web development,all levels,1659,73,95,5.5,create a responsive business website with wordpress web development all levels
946310,php webservices,web development,all levels,1305,25,30,0.5666666666666667,php webservices web development all levels
661780,javascript promises applications in es6 and angularjs,web development,beginner level,651,52,75,2.5,javascript promises applications in es6 and angularjs web development beginner level
563020,learn to build 20 websites and build 14 ios9 apps with swift,web development,all levels,1926,9,40,22.5,learn to build 20 websites and build 14 ios9 apps with swift web development all levels
772224,professional css flexbox,web development,intermediate level,396,130,35,0.7166666666666667,professional css flexbox web development intermediate level
967410,xml basics for beginners,web development,all levels,1062,12,40,0.65,xml basics for beginners web development all levels
1007766,how to create paypal and credit card payment buttons,web development,beginner level,578,6,65,1.0,how to create paypal and credit card payment buttons web development beginner level
837950,customizr learn wordpress with the ultimate creative theme,web development,beginner level,4735,81,0,5.0,customizr learn wordpress with the ultimate creative theme web development beginner level
737468,how to create a local wordpress environment,web development,beginner level,4306,163,0,0.5166666666666666,how to create a local wordpress environment web development beginner level
394832,fun and creative web engineering with python and web2py,web development,all levels,10917,319,0,2.0,fun and creative web engineering with python and web2py web development all levels
384318,wordpress for beginners build your first website in 2017,web development,beginner level,1701,125,100,7.0,wordpress for beginners build your first website in 2017 web development beginner level
294408,learn to make an animated image gallery using html5,web development,beginner level,11080,165,0,1.0,learn to make an animated image gallery using html5 web development beginner level
564268,projects in foundation framework learn by building 10 apps,web development,all levels,636,33,50,10.0,projects in foundation framework learn by building 10 apps web development all levels
368786,drupal for beginners,web development,beginner level,1478,18,30,5.0,drupal for beginners web development beginner level
1036170,laravel crud application using ajax in laravel 5.3,web development,intermediate level,362,19,20,1.0,laravel crud application using ajax in laravel 5.3 web development intermediate level
311538,foundations of front end web development,web development,beginner level,8337,300,0,20.5,foundations of front end web development web development beginner level
825752,angular 2 superheroic framework,web development,beginner level,702,21,20,3.0,angular 2 superheroic framework web development beginner level
56513,social network web development,web development,all levels,2698,29,200,8.0,social network web development web development all levels
921560,for free deploy quickly spring boot on heroku with mysql,web development,all levels,177,19,95,1.0,for free deploy quickly spring boot on heroku with mysql web development all levels
366608,building web applications with spring mvc,web development,all levels,714,48,85,3.0,building web applications with spring mvc web development all levels
527834,html5 css3 bootstrap how to create a responsive website,web development,all levels,1062,20,20,3.5,html5 css3 bootstrap how to create a responsive website web development all levels
287010,html css learn to build sleek websites,web development,all levels,1552,14,55,3.5,html css learn to build sleek websites web development all levels
1019918,master angular 2 the no nonsense course,web development,beginner level,102,27,25,2.5,master angular 2 the no nonsense course web development beginner level
442580,master asp . net 4 from scratch,web development,all levels,613,135,50,16.0,master asp . net 4 from scratch web development all levels
388286,coffeescript the good parts write better javascript,web development,beginner level,2152,19,50,2.5,coffeescript the good parts write better javascript web development beginner level
368679,mastering magento,web development,all levels,1063,101,85,3.5,mastering magento web development all levels
909836,ultimate javascript strings,web development,beginner level,3142,117,0,0.6166666666666667,ultimate javascript strings web development beginner level
328960,your own site in 45 min the complete wordpress course,web development,all levels,1566,29,120,4.0,your own site in 45 min the complete wordpress course web development all levels
407796,redirect your visitors by country easily wordpress tutorial,web development,beginner level,2306,3,20,1.0,redirect your visitors by country easily wordpress tutorial web development beginner level
637840,learn knockout js framework from groundup,web development,all levels,633,104,40,5.0,learn knockout js framework from groundup web development all levels
954948,build responsive websites in an hour using portalfin,web development,all levels,2859,42,0,0.7333333333333333,build responsive websites in an hour using portalfin web development all levels
806536,master riot learn riot.js from scratch,web development,intermediate level,299,75,125,3.5,master riot learn riot.js from scratch web development intermediate level
947204,learn w3.css,web development,all levels,1002,7,50,0.5666666666666667,learn w3.css web development all levels
468726,learning axure rp,web development,all levels,631,103,75,4.5,learning axure rp web development all levels
697798,complete guide to install wordpress php on cloud aws or vps,web development,all levels,1386,17,50,3.0,complete guide to install wordpress php on cloud aws or vps web development all levels
30261,kids coding introduction to html css and javascript,web development,beginner level,2355,143,200,7.0,kids coding introduction to html css and javascript web development beginner level
730542,introduction to voice design with amazon s alexa,web development,beginner level,6742,1036,0,0.6833333333333333,introduction to voice design with amazon s alexa web development beginner level
524248,how to create a social network for a niche related community,web development,all levels,1853,34,100,2.0,how to create a social network for a niche related community web development all levels
1037666,webpack 1 2 the complete guide,web development,all levels,252,46,40,6.5,webpack 1 2 the complete guide web development all levels
726290,star rating project ajax with json response from php mysql,web development,beginner level,1302,18,120,1.5,star rating project ajax with json response from php mysql web development beginner level
602702,wordpress for beginners build websites fast without coding,web development,all levels,1658,72,50,5.0,wordpress for beginners build websites fast without coding web development all levels
309820,asp.net mvc quick start,web development,intermediate level,15092,1234,0,5.5,asp.net mvc quick start web development intermediate level
1163894,build a chatbot integrated website using bootstrap 4,web development,all levels,165,13,50,3.0,build a chatbot integrated website using bootstrap 4 web development all levels
320798,how to create a wordpress website without paying a developer,web development,beginner level,4333,16,20,1.0,how to create a wordpress website without paying a developer web development beginner level
611688,psd to bootstrap 3 for beginners using html css,web development,beginner level,976,93,20,2.5,psd to bootstrap 3 for beginners using html css web development beginner level
495958,build advanced responsive websites with foundation 6 sass,web development,all levels,1276,245,200,22.5,build advanced responsive websites with foundation 6 sass web development all levels
652376,learn essential javascript fundamentals lite,web development,all levels,1476,27,20,0.65,learn essential javascript fundamentals lite web development all levels
846210,learn html in 2 hours,web development,beginner level,5351,235,0,1.5,learn html in 2 hours web development beginner level
313484,laravel 4 try and enjoy php coding,web development,beginner level,2402,26,20,2.0,laravel 4 try and enjoy php coding web development beginner level
883706,wordpress beginner tutorial build your first website,web development,beginner level,6402,104,0,1.5,wordpress beginner tutorial build your first website web development beginner level
1039596,build complex express sites with redis and socket io,web development,intermediate level,223,26,125,3.5,build complex express sites with redis and socket io web development intermediate level
826366,building a asp.net mvc 5 membership website,web development,intermediate level,654,86,95,25.5,building a asp.net mvc 5 membership website web development intermediate level
488220,drupal views introduction to enhancing your drupal website,web development,beginner level,1262,36,105,2.5,drupal views introduction to enhancing your drupal website web development beginner level
1012040,bootstrap bootcamp responsive web development 8 projects,web development,all levels,253,34,100,7.0,bootstrap bootcamp responsive web development 8 projects web development all levels
669346,self advertise using powerpoint twitter and facebook on ios,web development,beginner level,1780,15,20,0.6,self advertise using powerpoint twitter and facebook on ios web development beginner level
123566,learning bootstrap 3 tutorial from infinite skills,web development,all levels,1266,90,50,3.0,learning bootstrap 3 tutorial from infinite skills web development all levels
628876,practical web development make websites quickly and easily,web development,all levels,2389,7,20,2.0,practical web development make websites quickly and easily web development all levels
378924,learn animation using css3 javascript and html5,web development,all levels,1468,54,40,2.5,learn animation using css3 javascript and html5 web development all levels
869448,creating interactive html5 video,web development,intermediate level,838,13,25,2.0,creating interactive html5 video web development intermediate level
1207382,optimizing wordpress for more speed and revenue,web development,intermediate level,2649,16,0,0.5833333333333334,optimizing wordpress for more speed and revenue web development intermediate level
628430,javascript project learn to create a memory game and more,web development,beginner level,6000,21,95,1.5,javascript project learn to create a memory game and more web development beginner level
882128,the complete javascript bootcamp,web development,all levels,1839,91,195,5.0,the complete javascript bootcamp web development all levels
149042,javascript for absolute beginners,web development,beginner level,10689,394,20,2.0,javascript for absolute beginners web development beginner level
513958,complete javascript course for beginners with easy examples,web development,all levels,7449,91,200,4.0,complete javascript course for beginners with easy examples web development all levels
769390,angular 2 master class with alejandro rangel,web development,all levels,4157,206,30,9.5,angular 2 master class with alejandro rangel web development all levels
830834,quick learning jquery web development,web development,intermediate level,3388,67,150,3.0,quick learning jquery web development web development intermediate level
1203040,google blogger course,web development,intermediate level,1343,11,60,3.5,google blogger course web development intermediate level
564366,ajax in javascript and jquery with php creating chat app,web development,all levels,3399,85,200,1.5,ajax in javascript and jquery with php creating chat app web development all levels
1124280,php tutorial learn php basic programming for beginners,web development,beginner level,2510,21,20,1.5,php tutorial learn php basic programming for beginners web development beginner level
1135712,mastering modern web development using react,web development,all levels,1537,8,195,2.5,mastering modern web development using react web development all levels
823996,full stack javascript learn backbone.js node.js mongodb,web development,beginner level,6134,93,50,2.0,full stack javascript learn backbone.js node.js mongodb web development beginner level
260756,the essential web developer course build 12 websites,web development,all levels,9355,390,200,16.5,the essential web developer course build 12 websites web development all levels
533416,build powerful websites blogs using wordpress no coding,web development,beginner level,1024,14,20,3.0,build powerful websites blogs using wordpress no coding web development beginner level
672090,learn to build web apps using underscorejs code like a pro,web development,all levels,325,37,40,3.5,learn to build web apps using underscorejs code like a pro web development all levels
873844,building web apps using flask and neo4j,web development,all levels,166,21,50,2.5,building web apps using flask and neo4j web development all levels
628356,learn web animation the easy way an intro to svg and gsap,web development,all levels,203,33,50,3.0,learn web animation the easy way an intro to svg and gsap web development all levels
362360,build your own membership website with joomla,web development,all levels,1134,9,95,1.5,build your own membership website with joomla web development all levels
961508,learn spring security 4 basics hands on,web development,beginner level,216,28,95,2.0,learn spring security 4 basics hands on web development beginner level
1250934,display and analyze gis data on the web with leaflet.js,web development,intermediate level,25,4,100,12.5,display and analyze gis data on the web with leaflet.js web development intermediate level
58653,how to build a cms with php,web development,beginner level,1096,33,50,1.0,how to build a cms with php web development beginner level
152244,responsive web design with html5 and css3 introduction,web development,beginner level,770,65,35,8.0,responsive web design with html5 and css3 introduction web development beginner level
591116,master typescript learn typescript from scratch,web development,all levels,424,45,95,3.5,master typescript learn typescript from scratch web development all levels
969170,xsd basics for beginners,web development,all levels,755,0,35,0.7,xsd basics for beginners web development all levels
572270,angularjs webapi2 efcodefirst web app on 3 tier architecture,web development,intermediate level,652,48,60,6.5,angularjs webapi2 efcodefirst web app on 3 tier architecture web development intermediate level
653754,css positioning for absolute beginners a basic introduction,web development,beginner level,4797,97,65,1.0,css positioning for absolute beginners a basic introduction web development beginner level
1034636,creating user authentication system in codeigniter,web development,all levels,2783,9,200,1.5,creating user authentication system in codeigniter web development all levels
169144,how to easily manage your wordpress website,web development,beginner level,8462,50,20,2.0,how to easily manage your wordpress website web development beginner level
507992,wordpress for beginners create a professional website,web development,beginner level,5129,183,200,1.5,wordpress for beginners create a professional website web development beginner level
554570,building a portfolio in 90 minutes html css js,web development,all levels,5272,111,20,2.0,building a portfolio in 90 minutes html css js web development all levels
284076,automate web development with gulp js,web development,all levels,2784,425,20,3.5,automate web development with gulp js web development all levels
1031626,bootstrap 4 responsive web design and development,web development,beginner level,3086,17,20,7.5,bootstrap 4 responsive web design and development web development beginner level
399640,intro to html css web development for beginners,web development,beginner level,6008,203,20,4.0,intro to html css web development for beginners web development beginner level
50522,become exceptional in html and html5,web development,all levels,16486,86,20,6.5,become exceptional in html and html5 web development all levels
800148,become a rockstar web developer learn by coding,web development,all levels,2076,125,200,11.0,become a rockstar web developer learn by coding web development all levels
976854,spring 4 mastercourse covers annotation xml configuration,web development,intermediate level,1353,53,200,23.5,spring 4 mastercourse covers annotation xml configuration web development intermediate level
529028,wordpress plugin development for 2017 build 14 plugins,web development,all levels,3770,108,50,7.0,wordpress plugin development for 2017 build 14 plugins web development all levels
563880,single page application of mvc 5 using angularjs,web development,intermediate level,722,53,20,1.5,single page application of mvc 5 using angularjs web development intermediate level
288258,learn to code in html5 css3 and javascript,web development,beginner level,1404,7,20,2.5,learn to code in html5 css3 and javascript web development beginner level
137650,web application development learn by building 3 web apps,web development,beginner level,1688,16,30,1.5,web application development learn by building 3 web apps web development beginner level
858762,rails ecommerce app with html template from themeforest,web development,intermediate level,214,34,25,2.0,rails ecommerce app with html template from themeforest web development intermediate level
113888,writing css with less tutorial from infinite skills,web development,all levels,788,21,50,2.0,writing css with less tutorial from infinite skills web development all levels
25615,login and registration from scratch with php and mysql,web development,intermediate level,1128,77,20,2.0,login and registration from scratch with php and mysql web development intermediate level
352748,getting started with magento,web development,all levels,608,88,85,3.5,getting started with magento web development all levels
656522,ruby on rails foundations,web development,all levels,359,45,20,6.5,ruby on rails foundations web development all levels
253246,core concepts in html 5,web development,beginner level,1532,19,75,2.0,core concepts in html 5 web development beginner level
690966,learn azure cloud step by step,web development,intermediate level,791,29,20,2.5,learn azure cloud step by step web development intermediate level
655298,learn facebook flux architecture for web applications,web development,all levels,395,26,40,6.5,learn facebook flux architecture for web applications web development all levels
910624,create free fast and secure static website,web development,beginner level,322,9,50,0.5166666666666666,create free fast and secure static website web development beginner level
735796,object orientation in php,web development,beginner level,151,40,20,5.0,object orientation in php web development beginner level
873824,creating custom web maps,web development,intermediate level,208,48,50,2.0,creating custom web maps web development intermediate level
642940,build a youtube downloader with c# and github,web development,intermediate level,385,39,20,2.5,build a youtube downloader with c# and github web development intermediate level
422012,querying microsoft sql server 2012 exam no. 70 461,web development,all levels,666,89,85,6.5,querying microsoft sql server 2012 exam no. 70 461 web development all levels
897314,http clients with laravel use and consume services and apis,web development,intermediate level,237,22,65,3.5,http clients with laravel use and consume services and apis web development intermediate level
1008246,modern e commerce store in php mysqli with bootstrap,web development,all levels,240,45,50,66.5,modern e commerce store in php mysqli with bootstrap web development all levels
576722,simple and easy wordpress for beginners,web development,beginner level,5014,196,0,3.0,simple and easy wordpress for beginners web development beginner level
811452,create website from scratch in urdu hindi,web development,intermediate level,3033,91,0,1.0,create website from scratch in urdu hindi web development intermediate level
990284,advance unix file processing awk grep vim,web development,all levels,458,2,20,1.0,advance unix file processing awk grep vim web development all levels
212394,introduction to node.js development,web development,expert level,1779,48,55,1.0,introduction to node.js development web development expert level
845794,advance javascript for coders learn oop in javascript,web development,intermediate level,334,41,40,11.5,advance javascript for coders learn oop in javascript web development intermediate level
1009236,web development with google maps,web development,beginner level,222,9,50,8.5,web development with google maps web development beginner level
835346,jquery ui ultimate design amazing interfaces using jquery ui,web development,all levels,422,86,145,12.5,jquery ui ultimate design amazing interfaces using jquery ui web development all levels
973932,learn spring security 4 intermediate hands on,web development,intermediate level,227,16,95,2.0,learn spring security 4 intermediate hands on web development intermediate level
1227578,learning path the road to elasticsearch,web development,beginner level,50,5,200,5.0,learning path the road to elasticsearch web development beginner level
954710,html css bootcamp,web development,beginner level,194,26,40,10.0,html css bootcamp web development beginner level
525818,javascript high performance,web development,all levels,458,28,95,4.5,javascript high performance web development all levels
1170920,node js building rest apis with sails.js,web development,beginner level,61,9,100,2.0,node js building rest apis with sails.js web development beginner level
826568,fundamentals of angular 2 full stack design,web development,beginner level,314,43,95,6.5,fundamentals of angular 2 full stack design web development beginner level
665686,create newsletter subscription form with php ajax in 40 min,web development,all levels,586,10,50,0.6333333333333333,create newsletter subscription form with php ajax in 40 min web development all levels
969348,appml basics for beginners,web development,all levels,770,0,30,0.6333333333333333,appml basics for beginners web development all levels
599628,how to manage your own vps and create websites,web development,all levels,735,16,120,1.5,how to manage your own vps and create websites web development all levels
403106,learn buddypress build a social network with wordpress,web development,all levels,1299,15,20,1.0,learn buddypress build a social network with wordpress web development all levels
145812,html for beginners,web development,all levels,791,8,20,1.0,html for beginners web development all levels
1115132,xml xquery crash course for beginners,web development,all levels,426,4,45,1.0,xml xquery crash course for beginners web development all levels
935014,simplified cross browser web testing using virtualbox,web development,beginner level,796,3,20,1.0,simplified cross browser web testing using virtualbox web development beginner level
616818,javascript and jquery basics start the journey,web development,all levels,1316,22,25,5.0,javascript and jquery basics start the journey web development all levels
264790,how to install wordpress from scratch,web development,beginner level,8415,56,0,1.0,how to install wordpress from scratch web development beginner level
943386,css basics for beginners,web development,all levels,1085,8,30,0.5333333333333333,css basics for beginners web development all levels
576054,wordpress development themes plugins single page apps,web development,intermediate level,817,164,150,19.5,wordpress development themes plugins single page apps web development intermediate level
392526,learn effective html in no time,web development,all levels,1275,11,40,1.0,learn effective html in no time web development all levels
258886,html5 geolocation in depth build 7 html5 geolocation apps,web development,all levels,1526,72,90,6.5,html5 geolocation in depth build 7 html5 geolocation apps web development all levels
155640,building a search engine in php mysql,web development,all levels,10110,379,0,2.5,building a search engine in php mysql web development all levels
261148,create a search engine for your website,web development,intermediate level,1832,6,20,1.5,create a search engine for your website web development intermediate level
939536,learn basics of html in 30 minutes,web development,beginner level,945,17,20,0.55,learn basics of html in 30 minutes web development beginner level
368908,javascript from scratch for very beginners,web development,beginner level,1272,31,30,5.0,javascript from scratch for very beginners web development beginner level
709324,learn web development by creating a social network,web development,beginner level,442,48,200,6.5,learn web development by creating a social network web development beginner level
366720,css image filters the modern web images color manipulation,web development,all levels,6315,53,0,1.5,css image filters the modern web images color manipulation web development all levels
554136,building responsive websites with bootstrap 3 framework,web development,intermediate level,1322,14,75,3.0,building responsive websites with bootstrap 3 framework web development intermediate level
455680,create a membership site with wishlist member wordpress,web development,all levels,557,39,95,2.5,create a membership site with wishlist member wordpress web development all levels
667744,convert html websites into php learn by doing in 40 minutes,web development,all levels,540,13,50,0.6,convert html websites into php learn by doing in 40 minutes web development all levels
975916,17 complete javascript projects explained step by step,web development,beginner level,327,26,185,9.5,17 complete javascript projects explained step by step web development beginner level
1159822,mastering unix awk commands,web development,all levels,358,0,20,2.0,mastering unix awk commands web development all levels
1018530,cakephp creating a crud application,web development,all levels,803,2,40,0.5166666666666666,cakephp creating a crud application web development all levels
516790,html and css a guide to web design,web development,all levels,1557,13,25,14.0,html and css a guide to web design web development all levels
1079078,drupal 8 site building,web development,all levels,1942,23,0,4.5,drupal 8 site building web development all levels
919354,learn bootstrap 4 the most popular html5 css3 js framework,web development,all levels,279,37,200,10.0,learn bootstrap 4 the most popular html5 css3 js framework web development all levels
1248172,essentials of spring 5.0 for developers,web development,expert level,34,2,125,1.5,essentials of spring 5.0 for developers web development expert level
949134,the extreme web development course for beginners,web development,all levels,1420,62,200,5.5,the extreme web development course for beginners web development all levels
833182,jquery dom and ajax concept explained for beginners,web development,all levels,1812,112,35,0.6166666666666667,jquery dom and ajax concept explained for beginners web development all levels
654832,html forms for beginners a basic introduction,web development,beginner level,2472,41,45,1.0,html forms for beginners a basic introduction web development beginner level
895096,ultimate javascript objects,web development,all levels,1525,43,20,2.5,ultimate javascript objects web development all levels
459922,the complete web developer course build 20 websites,web development,all levels,2650,61,20,15.5,the complete web developer course build 20 websites web development all levels
577796,simple javascript learn by doing beginners welcome,web development,all levels,2753,10,25,2.0,simple javascript learn by doing beginners welcome web development all levels
747650,learn html css and ruby on rails build your first blog,web development,beginner level,2985,40,20,1.5,learn html css and ruby on rails build your first blog web development beginner level
761770,learn html5 canvas for beginners,web development,beginner level,2360,12,100,3.5,learn html5 canvas for beginners web development beginner level
723878,bootstrap 4 beginners code a responsive landing page,web development,all levels,948,193,30,3.5,bootstrap 4 beginners code a responsive landing page web development all levels
1036028,build wordpress cms clone with laravel 5,web development,all levels,392,81,150,8.5,build wordpress cms clone with laravel 5 web development all levels
1115064,xml dtd crash course for beginners,web development,all levels,944,1,45,1.0,xml dtd crash course for beginners web development all levels
21386,beginner photoshop to html5 and css3,web development,all levels,73110,1716,0,2.0,beginner photoshop to html5 and css3 web development all levels
968292,xpath basics for beginners,web development,all levels,878,6,40,0.6166666666666667,xpath basics for beginners web development all levels
523216,the fastest way to create a website using godaddy,web development,beginner level,1454,14,30,0.5,the fastest way to create a website using godaddy web development beginner level
270976,a how to guide in html,web development,beginner level,7318,205,0,0.5833333333333334,a how to guide in html web development beginner level
679992,building better apis with graphql,web development,all levels,555,89,50,2.5,building better apis with graphql web development all levels
330900,learn grunt with examples automate your front end workflow,web development,all levels,496,113,20,1.0,learn grunt with examples automate your front end workflow web development all levels
667122,build a stock downloader with visual studio 2015 and c#,web development,intermediate level,436,36,20,1.5,build a stock downloader with visual studio 2015 and c# web development intermediate level
865438,jquery ui in action build 5 jquery ui projects,web development,all levels,382,28,150,15.5,jquery ui in action build 5 jquery ui projects web development all levels
775618,learn jquery from scratch master of javascript library,web development,all levels,1040,14,100,2.0,learn jquery from scratch master of javascript library web development all levels
1088178,how to design a wordpress website with no coding at all,web development,beginner level,306,3,25,3.5,how to design a wordpress website with no coding at all web development beginner level
635248,learn and build using polymer,web development,all levels,513,169,40,3.5,learn and build using polymer web development all levels
905096,css animations create amazing effects on your website,web development,all levels,300,31,50,3.0,css animations create amazing effects on your website web development all levels
297602,using modx cms to build websites a beginner s guide,web development,beginner level,901,36,45,2.0,using modx cms to build websites a beginner s guide web development beginner level
